{"document_name":[],"end":"2009-12-31","fiscal_year":["2011"],"inst_descr":"","inst_id":" ","inst_type_descr":"","inst_type_id":"","operating_unit":"Afghanistan","operating_unit_id":"AFG","outputs":[{"award_id":"11038","budget":[0.0],"crs":"99810","crs_descr":"Sectors Not Specified","donor_budget":[0.0,0.0],"donor_country":["MULTI-LATERAL AGENCY","France"],"donor_country_id":["MULTI_AGY","FRA"],"donor_expend":[-1503.11,1832.42],"donor_id":["12","112"],"donor_name":["UNITED NATIONS DEVELOPMENT PROGRAMME","GOVERNMENT OF France"],"donor_short":["UNDP","FRA"],"donor_type":["MULTI-LATERAL AGENCY","NON_PROGRAMME COUNTRY"],"donor_type_id":["MULTI_AGY","NON_PROGCTY"],"expenditure":[329.31],"fiscal_year":["2011"],"focus_area":"-","focus_area_descr":"-","gender_descr":"-","gender_id":"-","output_descr":"CAPACITY DEVELOPMENT AND REHABILITATION - MINISTRY OF MARTYRS AND DISABLED","output_id":"11038","output_title":"COMPREHENSIVE DISABLED AFGHANS"}],"project_descr":"CAPACITY DEVELOPMENT AND REHABILITATION - MINISTRY OF MARTYRS AND DISABLED","project_id":"11038","project_title":"COMPREHENSIVE DISABLED AFGHANS' PROGRAMME","region_id":"RBAP","region_name":"Reg Bureau for Asia & Pacific","start":"2003-05-15","subnational":[]}