{"document_name":[],"end":"2005-12-31","fiscal_year":["2011","2012"],"inst_descr":"","inst_id":" ","inst_type_descr":"","inst_type_id":"","operating_unit":"Albania","operating_unit_id":"ALB","outputs":[{"award_id":"11051","budget":[8581.0,1.0],"crs":"99810","crs_descr":"Sectors Not Specified","donor_budget":[8581.0,1.0],"donor_country":["MULTI-LATERAL AGENCY","MULTI-LATERAL AGENCY"],"donor_country_id":["MULTI_AGY","MULTI_AGY"],"donor_expend":[0.0,-8578.0],"donor_id":["10003","12"],"donor_name":["Global Environment Fund Trustee","UNITED NATIONS DEVELOPMENT PROGRAMME"],"donor_short":["GEFTrustee","UNDP"],"donor_type":["MULTI-LATERAL AGENCY","MULTI-LATERAL AGENCY"],"donor_type_id":["MULTI_AGY","MULTI_AGY"],"expenditure":[0.0,-8578.0],"fiscal_year":["2012","2011"],"focus_area":"-","focus_area_descr":"-","gender_descr":"No Contribution","gender_id":"GEN0","output_descr":"SNC exercise","output_id":"11051","output_title":"Climate Change"}],"project_descr":"ENABLING ALBANIA TO PREPARE ITS FIRST NATIONAL COMMUNICATION IN RESPONSE TO ITS COMMITMENTS TO THE UNFCCC","project_id":"11051","project_title":"Climate Change","region_id":"RBEC","region_name":"Reg Bur for Europe & CIS","start":"1998-06-01","subnational":[]}