{"document_name":[],"end":"2012-12-31","fiscal_year":["2011","2012","2013"],"inst_descr":"United Nations Development Pro","inst_id":"25","inst_type_descr":"UNDP","inst_type_id":"UND","operating_unit":"Albania","operating_unit_id":"ALB","outputs":[{"award_id":"11080","budget":[1.0,4134.45,10500.0],"crs":"99810","crs_descr":"Sectors Not Specified","donor_budget":[14635.45],"donor_country":["MULTI-LATERAL AGENCY"],"donor_country_id":["MULTI_AGY"],"donor_expend":[7573.85],"donor_id":["12"],"donor_name":["UNITED NATIONS DEVELOPMENT PROGRAMME"],"donor_short":["UNDP"],"donor_type":["MULTI-LATERAL AGENCY"],"donor_type_id":["MULTI_AGY"],"expenditure":[66.65,3143.14,4364.06],"fiscal_year":["2013","2012","2011"],"focus_area":"-","focus_area_descr":"-","gender_descr":"Some Contribution","gender_id":"GEN1","output_descr":"The project works to raise awareness about the impact of UNDP programmes in the country, mobilize partnerships around the issues that UNDP stands for in the country and highlight UNDP\u2019s role in the UN reform.","output_id":"11080","output_title":"Advocating for MDGs in Albania"}],"project_descr":"MDG Support Project","project_id":"11080","project_title":"Advocating for MDGs in Albania","region_id":"RBEC","region_name":"Reg Bur for Europe & CIS","start":"2004-01-01","subnational":[]}