{"document_name":[],"end":"2008-12-31","fiscal_year":["2011"],"inst_descr":"","inst_id":" ","inst_type_descr":"","inst_type_id":"","operating_unit":"Algeria","operating_unit_id":"DZA","outputs":[{"award_id":"11097","budget":[0.0],"crs":"15130","crs_descr":"Legal and judicial development","donor_budget":[0.0],"donor_country":["MULTI-LATERAL AGENCY"],"donor_country_id":["MULTI_AGY"],"donor_expend":[1533.58],"donor_id":["12"],"donor_name":["UNITED NATIONS DEVELOPMENT PROGRAMME"],"donor_short":["UNDP"],"donor_type":["MULTI-LATERAL AGENCY"],"donor_type_id":["MULTI_AGY"],"expenditure":[1533.58],"fiscal_year":["2011"],"focus_area":"2","focus_area_descr":"Democratic governance","gender_descr":"-","gender_id":"-","output_descr":"Rendre l'administration p\u00e9nitentiaire performante et efficace dans l'accomplissement de sa double mission.","output_id":"41000","output_title":"Admin. penitent. performante"},{"award_id":"11097","budget":[0.0],"crs":"15130","crs_descr":"Legal and judicial development","donor_budget":[0.0],"donor_country":["MULTI-LATERAL AGENCY"],"donor_country_id":["MULTI_AGY"],"donor_expend":[1669.0],"donor_id":["12"],"donor_name":["UNITED NATIONS DEVELOPMENT PROGRAMME"],"donor_short":["UNDP"],"donor_type":["MULTI-LATERAL AGENCY"],"donor_type_id":["MULTI_AGY"],"expenditure":[1669.0],"fiscal_year":["2011"],"focus_area":"2","focus_area_descr":"Democratic governance","gender_descr":"-","gender_id":"-","output_descr":"Aide aux d\u00e9tenus pour devenir des citoyens respectueux des lois par des programmes de reinsertion sociale progressifs et individualis\u00e9s.","output_id":"40999","output_title":"R\u00e9insertion sociale de d\u00e9tenus"}],"project_descr":"Appui \u00e0 la r\u00e9forme de la justice: contribution \u00e0 la r\u00e9alisation d'un projet pilote de r\u00e9insertion sociale des condam\u00e9s","project_id":"11097","project_title":"R\u00e9insertion sociale des condamn\u00e9s","region_id":"RBAS","region_name":"Reg Bur for Arab States","start":"2003-01-21","subnational":[{"lat":"36.7525","lon":"3.04197","precision":"9","scope":"4","type":"1"},{"lat":"36.7525","lon":"3.04197","precision":"9","scope":"4","type":"1"}]}