{"document_name":[],"end":"2011-12-31","fiscal_year":["2011","2010","2012"],"inst_descr":"","inst_id":" ","inst_type_descr":"","inst_type_id":"","operating_unit":"Algeria","operating_unit_id":"DZA","outputs":[{"award_id":"11098","budget":[0.0,409480.67,0],"crs":"99810","crs_descr":"Sectors Not Specified","donor_budget":[45198.67,346552.28,17729.72],"donor_country":["MULTI-LATERAL AGENCY","Algeria","Canada"],"donor_country_id":["MULTI_AGY","DZA","CAN"],"donor_expend":[40738.55,22295.72,0.0],"donor_id":["12","46","78"],"donor_name":["UNITED NATIONS DEVELOPMENT PROGRAMME","GOVERNMENT OF ALGERIA","GOVERNMENT OF CANADA"],"donor_short":["UNDP","ALG","CAN"],"donor_type":["MULTI-LATERAL AGENCY","PROGRAMME COUNTRY","NON_PROGRAMME COUNTRY"],"donor_type_id":["MULTI_AGY","PROGCTY","NON_PROGCTY"],"expenditure":[6108.89,56925.38,72928.09],"fiscal_year":["2012","2011","2010"],"focus_area":"-","focus_area_descr":"-","gender_descr":"Some Contribution","gender_id":"GEN1","output_descr":"Capacit\u00e9s institutionnelles et humaines du MJ am\u00e9lior\u00e9es et cours  de justice modernis\u00e9s.","output_id":"37038","output_title":"Capacites renforcees"}],"project_descr":"Programme d'appui \u00e0 la modernisation de la Justice en Alg\u00e9rie","project_id":"11098","project_title":"Modernisation de la justice","region_id":"RBAS","region_name":"Reg Bur for Arab States","start":"2003-02-01","subnational":[{"lat":"36.7525","lon":"3.04197","precision":"9","scope":"4","type":"1"}]}