{"document_name":[],"end":"2012-12-31","fiscal_year":["2011","2010","2012"],"inst_descr":"","inst_id":" ","inst_type_descr":"","inst_type_id":"","operating_unit":"Algeria","operating_unit_id":"DZA","outputs":[{"award_id":"11090","budget":[34819.15,48243.58,0],"crs":"41010","crs_descr":"Environmental policy and administrative management","donor_budget":[83062.73000000001],"donor_country":["MULTI-LATERAL AGENCY"],"donor_country_id":["MULTI_AGY"],"donor_expend":[28917.27],"donor_id":["10003"],"donor_name":["Global Environment Fund Trustee"],"donor_short":["GEFTrustee"],"donor_type":["MULTI-LATERAL AGENCY"],"donor_type_id":["MULTI_AGY"],"expenditure":[15492.84,13424.43,21637.86],"fiscal_year":["2012","2011","2010"],"focus_area":"4","focus_area_descr":"Environment & sustainable development","gender_descr":"Some Contribution","gender_id":"GEN1","output_descr":"Preservation of biodiversity and long-lasting(sustainable) management of natural resources in Algeria.","output_id":"11090","output_title":"management of natural resource"}],"project_descr":"Conservation de la  biodiversit\u00e9 et gestion durable des ressources naturelles dans les zones arides en Alg\u00e9rie","project_id":"11090","project_title":"Renforcement des capacit\u00e9s des ONGs pour la biodiversit\u00e9","region_id":"RBAS","region_name":"Reg Bur for Arab States","start":"2002-01-01","subnational":[{"lat":"36.7525","lon":"3.04197","precision":"9","scope":"4","type":"1"}]}