{"document_name":[],"end":"2010-12-31","fiscal_year":["2011","2010"],"inst_descr":"","inst_id":" ","inst_type_descr":"","inst_type_id":"","operating_unit":"Algeria","operating_unit_id":"DZA","outputs":[{"award_id":"11096","budget":[0.0,0],"crs":"15110","crs_descr":"Economic and development policy/planning","donor_budget":[0.0],"donor_country":["MULTI-LATERAL AGENCY"],"donor_country_id":["MULTI_AGY"],"donor_expend":[-2422.94],"donor_id":["12"],"donor_name":["UNITED NATIONS DEVELOPMENT PROGRAMME"],"donor_short":["UNDP"],"donor_type":["MULTI-LATERAL AGENCY"],"donor_type_id":["MULTI_AGY"],"expenditure":[-2422.94,2422.94],"fiscal_year":["2011","2010"],"focus_area":"1","focus_area_descr":"Poverty reduction & MDG achievement","gender_descr":"Some Contribution","gender_id":"GEN1","output_descr":"Appui au Minisit\u00e9re de la Solidarit\u00e9 Nationale","output_id":"37131","output_title":"Lutte contre la Pauvret\u00e9"}],"project_descr":"Appui \u00e0 la mise en oeuvre de la strat\u00e9gie de lutte contre la pauvret\u00e9","project_id":"11096","project_title":"Strat\u00e9gie de lutte contre la pauvret\u00e9","region_id":"RBAS","region_name":"Reg Bur for Arab States","start":"2003-01-25","subnational":[{"lat":"36.7525","lon":"3.04197","precision":"9","scope":"4","type":"1"}]}