{"document_name":[],"end":"2012-02-29","fiscal_year":["2012"],"inst_descr":"","inst_id":" ","inst_type_descr":"","inst_type_id":"","operating_unit":"Angola","operating_unit_id":"AGO","outputs":[{"award_id":"11116","budget":[1.0],"crs":"99810","crs_descr":"Sectors Not Specified","donor_budget":[1.0],"donor_country":["OTHERS"],"donor_country_id":["OTH"],"donor_expend":[0.0],"donor_id":["311"],"donor_name":["PRIVATE SECTOR"],"donor_short":["PRIVSECT"],"donor_type":["PRIVATE SECTOR"],"donor_type_id":["PRIV"],"expenditure":[0.0],"fiscal_year":["2012"],"focus_area":"-","focus_area_descr":"-","gender_descr":"Principal Objective","gender_id":"GEN3","output_descr":"Angola Enterprise Fund","output_id":"11116","output_title":"ANGOLA ENTERPRISE FUND"}],"project_descr":"Angola Enterprise Fund","project_id":"11116","project_title":"ANGOLA ENTERPRISE FUND","region_id":"RBA","region_name":"Reg Bureau for Africa","start":"2003-03-15","subnational":[]}