{"document_name":[],"end":"2011-12-2","fiscal_year":["2011"],"inst_descr":"","inst_id":" ","inst_type_descr":"","inst_type_id":"","operating_unit":"Angola","operating_unit_id":"AGO","outputs":[{"award_id":"11123","budget":[9630.0],"crs":"15110","crs_descr":"Economic and development policy/planning","donor_budget":[9630.0],"donor_country":["MULTI-LATERAL AGENCY"],"donor_country_id":["MULTI_AGY"],"donor_expend":[-886.51],"donor_id":["12"],"donor_name":["UNITED NATIONS DEVELOPMENT PROGRAMME"],"donor_short":["UNDP"],"donor_type":["MULTI-LATERAL AGENCY"],"donor_type_id":["MULTI_AGY"],"expenditure":[-886.51],"fiscal_year":["2011"],"focus_area":"1","focus_area_descr":"Poverty reduction & MDG achievement","gender_descr":"-","gender_id":"-","output_descr":"Support to Artisanal Fishing and Community Reinforcement of the Productive Sector in Ambriz and Neighbourhood","output_id":"11123","output_title":"AMBRIZ PROJECT"}],"project_descr":"Support to Artisanal Fishing and Community Reinforcement of the Productive Sector in Ambriz and Neighbourhood","project_id":"11123","project_title":"AMBRIZ PROJECT","region_id":"RBA","region_name":"Reg Bureau for Africa","start":"2003-10-14","subnational":[]}