{"document_name":[],"end":"2013-07-31","fiscal_year":["2013"],"inst_descr":"","inst_id":" ","inst_type_descr":"","inst_type_id":"","operating_unit":"Argentina","operating_unit_id":"ARG","outputs":[{"award_id":"11126","budget":[9977.0],"crs":"99810","crs_descr":"Sectors Not Specified","donor_budget":[9977.0],"donor_country":["Argentina"],"donor_country_id":["ARG"],"donor_expend":[0.0],"donor_id":["1013"],"donor_name":["ARG-GOBIERNO"],"donor_short":["GOB"],"donor_type":["PROGRAMME COUNTRY"],"donor_type_id":["PROGCTY"],"expenditure":[0.0],"fiscal_year":["2013"],"focus_area":"-","focus_area_descr":"-","gender_descr":"No Contribution","gender_id":"GEN0","output_descr":"Desarrollo municipal  (BIRF 3860-AR)","output_id":"11126","output_title":"DESARROLLO MUNICIPAL PROV BA"}],"project_descr":"Desarrollo municipal  (BIRF 3860-AR)","project_id":"11126","project_title":"DESARROLLO MUNICIPAL","region_id":"RBLAC","region_name":"Reg Bur Latin Amer & Carib","start":"1995-09-01","subnational":[]}