{"document_name":[],"end":"2012-03-16","fiscal_year":["2012"],"inst_descr":"","inst_id":" ","inst_type_descr":"","inst_type_id":"","operating_unit":"Angola","operating_unit_id":"AGO","outputs":[{"award_id":"11122","budget":[1.0],"crs":"99810","crs_descr":"Sectors Not Specified","donor_budget":[1.0],"donor_country":["Spain"],"donor_country_id":["ESP"],"donor_expend":[0.0],"donor_id":["220"],"donor_name":["GOVERNMENT OF SPAIN"],"donor_short":["SPA"],"donor_type":["NON_PROGRAMME COUNTRY"],"donor_type_id":["NON_PROGCTY"],"expenditure":[0.0],"fiscal_year":["2012"],"focus_area":"-","focus_area_descr":"-","gender_descr":"Significant Objective","gender_id":"GEN2","output_descr":"Support for MDG and NEPAD Advocacy Activities","output_id":"11122","output_title":"SUPPORT FOR MDG/NEPAD"}],"project_descr":"Support for MDG and NEPAD Advocacy Activities","project_id":"11122","project_title":"SUPPORT FOR MDG/NEPAD","region_id":"RBA","region_name":"Reg Bureau for Africa","start":"2002-06-21","subnational":[]}