{"document_name":[],"end":"2011-08-31","fiscal_year":["2011"],"inst_descr":"Gobierno","inst_id":"85","inst_type_descr":"Gov Counterpart Institution","inst_type_id":"GOV","operating_unit":"Argentina","operating_unit_id":"ARG","outputs":[{"award_id":"11166","budget":[48923.0],"crs":"99810","crs_descr":"Sectors Not Specified","donor_budget":[48922.0,1.0],"donor_country":["MULTI-LATERAL AGENCY","Argentina"],"donor_country_id":["MULTI_AGY","ARG"],"donor_expend":[48921.65,-50389.3],"donor_id":["5","1013"],"donor_name":["UNESCO","ARG-GOBIERNO"],"donor_short":["UNESCO","GOB"],"donor_type":["MULTI-LATERAL AGENCY","PROGRAMME COUNTRY"],"donor_type_id":["MULTI_AGY","PROGCTY"],"expenditure":[-1467.65],"fiscal_year":["2011"],"focus_area":"-","focus_area_descr":"-","gender_descr":"No Contribution","gender_id":"GEN0","output_descr":"LA CANCILLERIA DEL PROXIMO MILENIO","output_id":"11166","output_title":"Canciller\u00eda Pr\u00f3ximo Milenio"}],"project_descr":"LA CANCILLERIA DEL PROXIMO MILENIO","project_id":"11166","project_title":"Canciller\u00eda Pr\u00f3ximo Milenio","region_id":"RBLAC","region_name":"Reg Bur Latin Amer & Carib","start":"1999-01-01","subnational":[]}