{"document_name":[],"end":"2011-12-2","fiscal_year":["2011"],"inst_descr":"Gobierno","inst_id":"85","inst_type_descr":"Gov Counterpart Institution","inst_type_id":"GOV","operating_unit":"Argentina","operating_unit_id":"ARG","outputs":[{"award_id":"11177","budget":[132513.0],"crs":"99810","crs_descr":"Sectors Not Specified","donor_budget":[132513.0],"donor_country":["Argentina"],"donor_country_id":["ARG"],"donor_expend":[60761.84],"donor_id":["1013"],"donor_name":["ARG-GOBIERNO"],"donor_short":["GOB"],"donor_type":["PROGRAMME COUNTRY"],"donor_type_id":["PROGCTY"],"expenditure":[60761.84],"fiscal_year":["2011"],"focus_area":"-","focus_area_descr":"-","gender_descr":"No Contribution","gender_id":"GEN0","output_descr":"Nuevas Estrategias de Cooperaci\u00f3n Internacional","output_id":"11177","output_title":"Estrategias de cooperaci\u00f3n"}],"project_descr":"Nuevas Estrategias de Cooperaci\u00f3n Internacional","project_id":"11177","project_title":"Nuevas estrategias de cooperaci\u00f3n internacional","region_id":"RBLAC","region_name":"Reg Bur Latin Amer & Carib","start":"1999-10-01","subnational":[]}