{"document_name":[],"end":"2011-12-31","fiscal_year":["2011"],"inst_descr":"Gobierno","inst_id":"85","inst_type_descr":"Gov Counterpart Institution","inst_type_id":"GOV","operating_unit":"Argentina","operating_unit_id":"ARG","outputs":[{"award_id":"11180","budget":[1.0],"crs":"99810","crs_descr":"Sectors Not Specified","donor_budget":[1.0],"donor_country":["Argentina"],"donor_country_id":["ARG"],"donor_expend":[-60761.84],"donor_id":["1013"],"donor_name":["ARG-GOBIERNO"],"donor_short":["GOB"],"donor_type":["PROGRAMME COUNTRY"],"donor_type_id":["PROGCTY"],"expenditure":[-60761.84],"fiscal_year":["2011"],"focus_area":"-","focus_area_descr":"-","gender_descr":"No Contribution","gender_id":"GEN0","output_descr":"Nuevos sistemas de gesti\u00f3n administrativa de las relaciones exteriores","output_id":"11180","output_title":"Gesti\u00f3n Administrativa"}],"project_descr":"Nuevos sistemas de gesti\u00f3n administrativa de las relaciones exteriores","project_id":"11180","project_title":"Gesti\u00f3n Administrativa Cancilleria","region_id":"RBLAC","region_name":"Reg Bur Latin Amer & Carib","start":"1999-10-01","subnational":[]}