{"document_name":[],"end":"2012-10-31","fiscal_year":["2012"],"inst_descr":"","inst_id":" ","inst_type_descr":"","inst_type_id":"","operating_unit":"Argentina","operating_unit_id":"ARG","outputs":[{"award_id":"11199","budget":[1.0],"crs":"99810","crs_descr":"Sectors Not Specified","donor_budget":[1.0],"donor_country":["Argentina"],"donor_country_id":["ARG"],"donor_expend":[-53.77],"donor_id":["1013"],"donor_name":["ARG-GOBIERNO"],"donor_short":["GOB"],"donor_type":["PROGRAMME COUNTRY"],"donor_type_id":["PROGCTY"],"expenditure":[-53.77],"fiscal_year":["2012"],"focus_area":"-","focus_area_descr":"-","gender_descr":"No Contribution","gender_id":"GEN0","output_descr":"Reforma del sector p\u00fablico de la Ciudad de Buenos Aires","output_id":"11199","output_title":"REFORMA SECTOR PUBLICO CIUDAD"}],"project_descr":"Reforma del sector p\u00fablico de la Ciudad de Buenos Aires","project_id":"11199","project_title":"REFORMA SECTOR PUBLICO CIUDAD DE BS.AS.","region_id":"RBLAC","region_name":"Reg Bur Latin Amer & Carib","start":"2001-01-01","subnational":[]}