{"document_name":[],"end":"2012-03-31","fiscal_year":["2011"],"inst_descr":"Gobierno","inst_id":"85","inst_type_descr":"Gov Counterpart Institution","inst_type_id":"GOV","operating_unit":"Argentina","operating_unit_id":"ARG","outputs":[{"award_id":"11192","budget":[10491.0],"crs":"99810","crs_descr":"Sectors Not Specified","donor_budget":[10491.0],"donor_country":["Argentina"],"donor_country_id":["ARG"],"donor_expend":[10490.52],"donor_id":["1013"],"donor_name":["ARG-GOBIERNO"],"donor_short":["GOB"],"donor_type":["PROGRAMME COUNTRY"],"donor_type_id":["PROGCTY"],"expenditure":[10490.52],"fiscal_year":["2011"],"focus_area":"-","focus_area_descr":"-","gender_descr":"No Contribution","gender_id":"GEN0","output_descr":"Apoyo a la reconversi\u00f3n del modelo de prestaci\u00f3n de la red hospitalaria p\u00fablica de la Provincia de R\u00edo Negro","output_id":"11192","output_title":"Hospitales R\u00edo Negro"}],"project_descr":"Apoyo a la reconversi\u00f3n del modelo de prestaci\u00f3n de la red hospitalaria p\u00fablica de la Provincia de R\u00edo Negro","project_id":"11192","project_title":"Apoyo Red Hospitalaria R\u00edo Negro","region_id":"RBLAC","region_name":"Reg Bur Latin Amer & Carib","start":"2000-10-01","subnational":[]}