{"document_name":[],"end":"2011-09-3","fiscal_year":["2011"],"inst_descr":"Gobierno","inst_id":"85","inst_type_descr":"Gov Counterpart Institution","inst_type_id":"GOV","operating_unit":"Argentina","operating_unit_id":"ARG","outputs":[{"award_id":"11196","budget":[250.0],"crs":"99810","crs_descr":"Sectors Not Specified","donor_budget":[250.0],"donor_country":["Argentina"],"donor_country_id":["ARG"],"donor_expend":[216.76],"donor_id":["1013"],"donor_name":["ARG-GOBIERNO"],"donor_short":["GOB"],"donor_type":["PROGRAMME COUNTRY"],"donor_type_id":["PROGCTY"],"expenditure":[216.76],"fiscal_year":["2011"],"focus_area":"-","focus_area_descr":"-","gender_descr":"No Contribution","gender_id":"GEN0","output_descr":"Optimizaci\u00f3n Pol\u00edtica Tributaria Provincia de Buenos Aires y fortalecimiento Relaciones Fiscales Interjurisdiccionales","output_id":"11196","output_title":"Pol\u00edtica Tributaria"}],"project_descr":"Optimizaci\u00f3n Pol\u00edtica Tributaria Provincia de Buenos Aires y fortalecimiento Relaciones Fiscales Interjurisdiccionales","project_id":"11196","project_title":"Pol\u00edtica Tributaria","region_id":"RBLAC","region_name":"Reg Bur Latin Amer & Carib","start":"2001-02-01","subnational":[]}