{"document_name":[],"end":"2012-10-31","fiscal_year":["2012"],"inst_descr":"","inst_id":" ","inst_type_descr":"","inst_type_id":"","operating_unit":"Argentina","operating_unit_id":"ARG","outputs":[{"award_id":"11193","budget":[4.75],"crs":"99810","crs_descr":"Sectors Not Specified","donor_budget":[4.75],"donor_country":["Argentina"],"donor_country_id":["ARG"],"donor_expend":[4.75],"donor_id":["1013"],"donor_name":["ARG-GOBIERNO"],"donor_short":["GOB"],"donor_type":["PROGRAMME COUNTRY"],"donor_type_id":["PROGCTY"],"expenditure":[4.75],"fiscal_year":["2012"],"focus_area":"-","focus_area_descr":"-","gender_descr":"No Contribution","gender_id":"GEN0","output_descr":"Fortalecimiento de la Secretar\u00eda de Defensa de la Competencia y del Consumidor","output_id":"11193","output_title":"SECRETARIA DEFENSA COMPETENCIA"}],"project_descr":"Fortalecimiento de la Secretar\u00eda de Defensa de la Competencia y del Consumidor","project_id":"11193","project_title":"SECRETARIA DEFENSA COMPETENCIA Y CONSUMIDOR","region_id":"RBLAC","region_name":"Reg Bur Latin Amer & Carib","start":"2000-10-01","subnational":[]}