{"document_name":[],"end":"2012-12-2","fiscal_year":["2012"],"inst_descr":"","inst_id":" ","inst_type_descr":"","inst_type_id":"","operating_unit":"Argentina","operating_unit_id":"ARG","outputs":[{"award_id":"11198","budget":[1.0],"crs":"99810","crs_descr":"Sectors Not Specified","donor_budget":[1.0],"donor_country":["Argentina"],"donor_country_id":["ARG"],"donor_expend":[-164.23],"donor_id":["1013"],"donor_name":["ARG-GOBIERNO"],"donor_short":["GOB"],"donor_type":["PROGRAMME COUNTRY"],"donor_type_id":["PROGCTY"],"expenditure":[-164.23],"fiscal_year":["2012"],"focus_area":"-","focus_area_descr":"-","gender_descr":"No Contribution","gender_id":"GEN0","output_descr":"Fortalecimiento institucional de la Jefatura de Gabinete de Ministros","output_id":"11198","output_title":"SECRET DE COORD JEF GAB MINIST"}],"project_descr":"Fortalecimiento institucional de la Jefatura de Gabinete de Ministros","project_id":"11198","project_title":"APOYO A LA SECRETARIA DE COORDINACION GENERAL","region_id":"RBLAC","region_name":"Reg Bur Latin Amer & Carib","start":"2000-12-01","subnational":[]}