{"document_name":[],"end":"2013-04-3","fiscal_year":["2013"],"inst_descr":"","inst_id":" ","inst_type_descr":"","inst_type_id":"","operating_unit":"Argentina","operating_unit_id":"ARG","outputs":[{"award_id":"11205","budget":[18.0],"crs":"99810","crs_descr":"Sectors Not Specified","donor_budget":[18.0],"donor_country":["Argentina"],"donor_country_id":["ARG"],"donor_expend":[0.0],"donor_id":["1013"],"donor_name":["ARG-GOBIERNO"],"donor_short":["GOB"],"donor_type":["PROGRAMME COUNTRY"],"donor_type_id":["PROGCTY"],"expenditure":[0.0],"fiscal_year":["2013"],"focus_area":"-","focus_area_descr":"-","gender_descr":"No Contribution","gender_id":"GEN0","output_descr":"Segundo Seminario de Capacitacion y Transferencia de Tecnolog\u00eda","output_id":"11205","output_title":"SEMINARIO BASILEA"}],"project_descr":"Segundo Seminario de Capacitacion y Transferencia de Tecnolog\u00eda","project_id":"11205","project_title":"SEMINARIO BASILEA","region_id":"RBLAC","region_name":"Reg Bur Latin Amer & Carib","start":"2001-09-01","subnational":[]}