{"document_name":[],"end":"2011-10-31","fiscal_year":["2011","2010"],"inst_descr":"Gobierno","inst_id":"85","inst_type_descr":"Gov Counterpart Institution","inst_type_id":"GOV","operating_unit":"Argentina","operating_unit_id":"ARG","outputs":[{"award_id":"11214","budget":[575.0,0],"crs":"99810","crs_descr":"Sectors Not Specified","donor_budget":[575.0],"donor_country":["MULTI-LATERAL AGENCY"],"donor_country_id":["MULTI_AGY"],"donor_expend":[573.31],"donor_id":["10009"],"donor_name":["MONTREAL PROTOCOL"],"donor_short":["MPU"],"donor_type":["MULTI-LATERAL AGENCY"],"donor_type_id":["MULTI_AGY"],"expenditure":[573.31,94.1],"fiscal_year":["2011","2010"],"focus_area":"-","focus_area_descr":"-","gender_descr":"No Contribution","gender_id":"GEN0","output_descr":"Eliminaci\u00f3n del Bromuro de Metilo en alm\u00e1cigos de tabaco y hortalizas a campo","output_id":"11214","output_title":"Eliminaci\u00f3n Bromuro de Metilo"}],"project_descr":"ELIMINACI\u00d3N DEL BROMURO DE METILO EN ALM\u00c1CIGOS DE TABACO Y HORTALIZAS A CAMPO","project_id":"11214","project_title":"Eliminaci\u00f3n del bromuro de metilo","region_id":"RBLAC","region_name":"Reg Bur Latin Amer & Carib","start":"2002-05-2","subnational":[{"lat":"-26.82414","lon":"-65.2226","precision":"4","scope":"2","type":"2"}]}