{"document_name":[],"end":"2012-06-3","fiscal_year":["2011","2010","2012"],"inst_descr":"Gobierno","inst_id":"85","inst_type_descr":"Gov Counterpart Institution","inst_type_id":"GOV","operating_unit":"Argentina","operating_unit_id":"ARG","outputs":[{"award_id":"11224","budget":[667.0,726508.0,0],"crs":"15110","crs_descr":"Economic and development policy/planning","donor_budget":[727175.0],"donor_country":["Argentina"],"donor_country_id":["ARG"],"donor_expend":[726558.47],"donor_id":["1013"],"donor_name":["ARG-GOBIERNO"],"donor_short":["GOB"],"donor_type":["PROGRAMME COUNTRY"],"donor_type_id":["PROGCTY"],"expenditure":[648.61,725909.86,973671.08],"fiscal_year":["2012","2011","2010"],"focus_area":"1","focus_area_descr":"Poverty reduction & MDG achievement","gender_descr":"Some Contribution","gender_id":"GEN1","output_descr":"Nuevo sistema de gesti\u00f3n de insumos m\u00e9dicos de la Ciudad Aut\u00f3noma de Buenos Aires","output_id":"11224","output_title":"Insumos M\u00e9dicos Ciudad"}],"project_descr":"NUEVO SISTEMA DE GESTION DE INSUMOS MEDICOS DE LA CIUDAD AUTONOMA DE BUENOS AIRES","project_id":"11224","project_title":"Gesti\u00f3n de Insumos M\u00e9dicos en Ciudad de Buenos Aires","region_id":"RBLAC","region_name":"Reg Bur Latin Amer & Carib","start":"2002-10-15","subnational":[]}