{"document_name":[],"end":"2012-12-21","fiscal_year":["2012"],"inst_descr":"","inst_id":" ","inst_type_descr":"","inst_type_id":"","operating_unit":"Argentina","operating_unit_id":"ARG","outputs":[{"award_id":"11250","budget":[607.0],"crs":"99810","crs_descr":"Sectors Not Specified","donor_budget":[9.0,575.0,23.0],"donor_country":["MULTI-LATERAL AGENCY","Argentina","MULTI-LATERAL AGENCY"],"donor_country_id":["MULTI_AGY","ARG","MULTI_AGY"],"donor_expend":[-15143.38,572.11,-48185.85],"donor_id":["41","1282","10003"],"donor_name":["UNITED NATIONS ENVIRONMENT PROGRAMME","ARG-MINISTERIO DESARROLLO SOCI","GEFTrustee"],"donor_short":["UNEP","MDS/SAYDS","GEFTrustee"],"donor_type":["MULTI-LATERAL AGENCY","PROGRAMME COUNTRY","MULTI-LATERAL AGENCY"],"donor_type_id":["MULTI_AGY","PROGCTY","MULTI_AGY"],"expenditure":[-62757.12],"fiscal_year":["2012"],"focus_area":"-","focus_area_descr":"-","gender_descr":"No Contribution","gender_id":"GEN0","output_descr":"Actividades de Apoyo al Convenio de Estocolmo - Elaboracion de un Plan Nacional de Aplicaci\u00f3n","output_id":"11250","output_title":"PIMS 444 OP14 MSP NIP"}],"project_descr":"Actividades de Apoyo al Convenio de Estocolmo - Elaboracion de un Plan Nacional de Aplicaci\u00f3n","project_id":"11250","project_title":"PIMS 444 OP14 MSP NIP","region_id":"RBLAC","region_name":"Reg Bur Latin Amer & Carib","start":"2003-07-01","subnational":[]}