{"document_name":[],"end":"2013-12-31","fiscal_year":["2011","2010","2012","2013"],"inst_descr":"Ministry of Territorial Admini","inst_id":"139","inst_type_descr":"Gov Counterpart Institution","inst_type_id":"GOV","operating_unit":"Armenia","operating_unit_id":"ARM","outputs":[{"award_id":"11261","budget":[37556.11,0],"crs":"15140","crs_descr":"Government administration","donor_budget":[34622.0,2934.11],"donor_country":["MULTI-LATERAL AGENCY","Armenia"],"donor_country_id":["MULTI_AGY","ARM"],"donor_expend":[34582.22,2920.62],"donor_id":["296","1059"],"donor_name":["UNITED NATIONS","ARM-GOVERNMENT"],"donor_short":["UN","GOVT"],"donor_type":["MULTI-LATERAL AGENCY","PROGRAMME COUNTRY"],"donor_type_id":["MULTI_AGY","PROGCTY"],"expenditure":[37502.84,230168.8],"fiscal_year":["2011","2010"],"focus_area":"2","focus_area_descr":"Democratic governance","gender_descr":"Significant Objective","gender_id":"GEN2","output_descr":"Capacities of LSGs for accountable and improved planning, management and delivery of public goods and services strengthened.","output_id":"70396","output_title":"Sustainable livelihood"},{"award_id":"11261","budget":[1022616.46,813998.89,706638.15,0],"crs":"15140","crs_descr":"Government administration","donor_budget":[1098500.0,285404.88,732220.5800000001,148.48,0.0,483.2,749.75,1121.61,4625.0,220000.0,200000.0],"donor_country":["MULTI-LATERAL AGENCY","Italy","Armenia","OTHERS","OTHERS","OTHERS","OTHERS","OTHERS","OTHERS","OTHERS","United States of America"],"donor_country_id":["MULTI_AGY","ITA","ARM","OTH","OTH","OTH","OTH","OTH","OTH","OTH","USA"],"donor_expend":[881352.9099999999,181871.22,327842.70999999996,55.3,-10.31,485.99,655.91,1107.14,4325.37,64155.74,0.0],"donor_id":["12","137","1059","10245","10345","11086","11105","11182","11675","11809","10480"],"donor_name":["UNITED NATIONS DEVELOPMENT PROGRAMME","GOVERNMENT OF ITALY","ARM-GOVERNMENT","OPEN SOCIETY INSTITUTE","THE IZMIRLIAN FOUNDATION","UC RUSAL","CONCERN MONARCH OJSC","\"Manes\" Benevolent  Foundation","AACC","FAF","UNITED STATES AGENCY FOR INTERNATIONAL DEVELOPMENT (USAID)"],"donor_short":["UNDP","ITA","GOVT","OSI","THE IZMIRL","UC RUSAL","CONCERN MO","Manes","AACC","FAF","USAID"],"donor_type":["MULTI-LATERAL AGENCY","NON_PROGRAMME COUNTRY","PROGRAMME COUNTRY","PRIVATE SECTOR","PRIVATE SECTOR","PRIVATE SECTOR","PRIVATE SECTOR","PRIVATE SECTOR","PRIVATE SECTOR","PRIVATE SECTOR","NON_PROGRAMME COUNTRY"],"donor_type_id":["MULTI_AGY","NON_PROGCTY","PROGCTY","PRIV","PRIV","PRIV","PRIV","PRIV","PRIV","PRIV","NON_PROGCTY"],"expenditure":[177466.07,807429.09,476946.82,985274.04],"fiscal_year":["2013","2012","2011","2010"],"focus_area":"2","focus_area_descr":"Democratic governance","gender_descr":"Some Contribution","gender_id":"GEN1","output_descr":"Capacities of LSGs for accountable and improved planning, management and delivery of public goods and services strengthened.","output_id":"11261","output_title":"Community Development Project"}],"project_descr":"PARTNERSHIPS FOR IMPLEMENTATION OF COMMUNITY BASED DEVELOPMENT PROJECTS","project_id":"11261","project_title":"COMMUNITY DEVELOPMENT PROJECT","region_id":"RBEC","region_name":"Reg Bur for Europe & CIS","start":"2004-01-01","subnational":[{"lat":"40.18","lon":"44.52","precision":"3","scope":"3","type":"2"},{"lat":"40.18","lon":"44.52","precision":"3","scope":"3","type":"2"},{"lat":"40.18","lon":"44.52","precision":"3","scope":"3","type":"2"},{"lat":"40.18","lon":"44.52","precision":"3","scope":"3","type":"2"},{"lat":"40.18","lon":"44.52","precision":"3","scope":"3","type":"2"},{"lat":"40.18","lon":"44.52","precision":"3","scope":"3","type":"2"},{"lat":"40.18","lon":"44.52","precision":"3","scope":"3","type":"2"},{"lat":"40.18","lon":"44.52","precision":"3","scope":"3","type":"2"}]}