{"document_name":[],"end":"2012-12-31","fiscal_year":["2011","2010","2012","2013"],"inst_descr":"Ministry of Environment","inst_id":"136","inst_type_descr":"Gov Counterpart Institution","inst_type_id":"GOV","operating_unit":"Armenia","operating_unit_id":"ARM","outputs":[{"award_id":"11263","budget":[50000.0,372502.78,420000.0,0],"crs":"99810","crs_descr":"Sectors Not Specified","donor_budget":[842502.78],"donor_country":["MULTI-LATERAL AGENCY"],"donor_country_id":["MULTI_AGY"],"donor_expend":[831761.6699999999],"donor_id":["12"],"donor_name":["UNITED NATIONS DEVELOPMENT PROGRAMME"],"donor_short":["UNDP"],"donor_type":["MULTI-LATERAL AGENCY"],"donor_type_id":["MULTI_AGY"],"expenditure":[33822.31,379177.16,418762.2,68361.76],"fiscal_year":["2013","2012","2011","2010"],"focus_area":"3","focus_area_descr":"Crisis prevention & recovery","gender_descr":"Significant Objective","gender_id":"GEN2","output_descr":"National Capacities for Disaster Risk Reduction strengthening - phase III.","output_id":"76016","output_title":"Disaster Preparedness Phase 3"},{"award_id":"11263","budget":[61547.39,0],"crs":"99810","crs_descr":"Sectors Not Specified","donor_budget":[39419.15,22128.24],"donor_country":["MULTI-LATERAL AGENCY","Norway"],"donor_country_id":["MULTI_AGY","NOR"],"donor_expend":[39302.47,21810.43],"donor_id":["12","187"],"donor_name":["UNITED NATIONS DEVELOPMENT PROGRAMME","GOVERNMENT OF NORWAY"],"donor_short":["UNDP","NOR"],"donor_type":["MULTI-LATERAL AGENCY","NON_PROGRAMME COUNTRY"],"donor_type_id":["MULTI_AGY","NON_PROGCTY"],"expenditure":[61112.9,342617.36],"fiscal_year":["2011","2010"],"focus_area":"3","focus_area_descr":"Crisis prevention & recovery","gender_descr":"Significant Objective","gender_id":"GEN2","output_descr":"Support to National Disaster Preparedness_Phase II","output_id":"64044","output_title":"Disaster Preparedness Phase II"}],"project_descr":"Consolidated Support to National Disaster Preparedness System","project_id":"11263","project_title":"SUPPORT TO NATIONAL DISASTER PREPAREDNESS","region_id":"RBEC","region_name":"Reg Bur for Europe & CIS","start":"2003-04-01","subnational":[]}