{"document_name":[],"end":"2012-12-31","fiscal_year":["2011","2010","2012"],"inst_descr":"","inst_id":" ","inst_type_descr":"","inst_type_id":"","operating_unit":"Azerbaijan","operating_unit_id":"AZE","outputs":[{"award_id":"11280","budget":[16000.0,3000.0,0],"crs":"99810","crs_descr":"Sectors Not Specified","donor_budget":[19000.0],"donor_country":["MULTI-LATERAL AGENCY"],"donor_country_id":["MULTI_AGY"],"donor_expend":[18510.47],"donor_id":["12"],"donor_name":["UNITED NATIONS DEVELOPMENT PROGRAMME"],"donor_short":["UNDP"],"donor_type":["MULTI-LATERAL AGENCY"],"donor_type_id":["MULTI_AGY"],"expenditure":[15510.47,3000.0,121181.91],"fiscal_year":["2012","2011","2010"],"focus_area":"-","focus_area_descr":"-","gender_descr":"No Contribution","gender_id":"GEN0","output_descr":"Development of a National Social Protection System","output_id":"11280","output_title":"Social Protection System"}],"project_descr":"Development of a National Social Protection System.","project_id":"11280","project_title":"Social Protection System","region_id":"RBEC","region_name":"Reg Bur for Europe & CIS","start":"2004-08-01","subnational":[{"lat":"40.3629","lon":"49.8297","precision":"3","scope":"1","type":"1"}]}