{"document_name":[],"end":"2012-12-31","fiscal_year":["2011","2010","2012","2013"],"inst_descr":"","inst_id":" ","inst_type_descr":"","inst_type_id":"","operating_unit":"Azerbaijan","operating_unit_id":"AZE","outputs":[{"award_id":"11285","budget":[91143.0,1045060.0,2088170.0,0],"crs":"15140","crs_descr":"Government administration","donor_budget":[292581.0,2931792.0],"donor_country":["MULTI-LATERAL AGENCY","Azerbaijan"],"donor_country_id":["MULTI_AGY","AZE"],"donor_expend":[157011.16,2122715.46],"donor_id":["12","1060"],"donor_name":["UNITED NATIONS DEVELOPMENT PROGRAMME","AZE-GOVERNMENT"],"donor_short":["UNDP","GOVT"],"donor_type":["MULTI-LATERAL AGENCY","PROGRAMME COUNTRY"],"donor_type_id":["MULTI_AGY","PROGCTY"],"expenditure":[78938.22,1022679.04,1178109.36,1246987.02],"fiscal_year":["2013","2012","2011","2010"],"focus_area":"2","focus_area_descr":"Democratic governance","gender_descr":"No Contribution","gender_id":"GEN0","output_descr":"The project goal is to strengthen capacity of the State Social Protection Fund of the Republic of Azerbaijan at both central and local levels to deliver social security services in efficient, accountable and transparent manner.","output_id":"11285","output_title":"Pension Fund"}],"project_descr":"Capacity Building for the State Social Protection Fund of the Republic of Azerbaijan.","project_id":"11285","project_title":"Pension Reform","region_id":"RBEC","region_name":"Reg Bur for Europe & CIS","start":"2003-09-17","subnational":[]}