{"document_name":[],"end":"2010-12-31","fiscal_year":["2012"],"inst_descr":"","inst_id":" ","inst_type_descr":"","inst_type_id":"","operating_unit":"Barbados","operating_unit_id":"BRB","outputs":[{"award_id":"11307","budget":[4888.31],"crs":"99810","crs_descr":"Sectors Not Specified","donor_budget":[4887.31,1.0],"donor_country":["MULTI-LATERAL AGENCY","MULTI-LATERAL AGENCY"],"donor_country_id":["MULTI_AGY","MULTI_AGY"],"donor_expend":[4887.31,-4887.31],"donor_id":["12","10003"],"donor_name":["UNITED NATIONS DEVELOPMENT PROGRAMME","GEFTrustee"],"donor_short":["UNDP","GEFTrustee"],"donor_type":["MULTI-LATERAL AGENCY","MULTI-LATERAL AGENCY"],"donor_type_id":["MULTI_AGY","MULTI_AGY"],"expenditure":[0.0],"fiscal_year":["2012"],"focus_area":"-","focus_area_descr":"-","gender_descr":"Some Contribution","gender_id":"GEN1","output_descr":"\"National Biodiversity Strategy, Action Plan and Report to the CBD\"","output_id":"11307","output_title":"National Biiodiversity Strateg"}],"project_descr":"National Biodiversity Strategy, Action Plan and Report to the CBD","project_id":"11307","project_title":"National Biiodiversity Strategy","region_id":"RBLAC","region_name":"Reg Bur Latin Amer & Carib","start":"1998-12-01","subnational":[]}