{"document_name":[],"end":"2012-12-31","fiscal_year":["2011","2010","2012"],"inst_descr":"","inst_id":" ","inst_type_descr":"","inst_type_id":"","operating_unit":"Barbados","operating_unit_id":"BRB","outputs":[{"award_id":"11326","budget":[1.0,1339967.08,0],"crs":"99810","crs_descr":"Sectors Not Specified","donor_budget":[1245543.28,82958.53,9626.67,1839.6,0.0,0.0,0.0,0.0,0.0,0.0],"donor_country":["MULTI-LATERAL AGENCY","United Kingdom","Saint Lucia","British Virgin Islands","Cayman Islands","Dominica","Haiti","Jamaica","Saint Kitts and Nevis","Suriname"],"donor_country_id":["MULTI_AGY","GBR","LCA","VGB","CYM","DMA","HTI","JAM","KNA","SUR"],"donor_expend":[1307466.12,60763.04,-3108.6000000000004,14606.46,-1.61,-2.3,-3.9,-1.61,-1.62,-1.6],"donor_id":["12","551","1056","1083","1085","1086","1090","1091","1093","1095"],"donor_name":["UNITED NATIONS DEVELOPMENT PROGRAMME","DEPARTMENT FOR INT'L DEVELOPMENT (DFID)","BAR-GOVERNMENT OF ST. LUCIA","BAR-GOVT OF THE BRITISH VIRGIN","BAR-GOVT OF CAYMAN ISLANDS","BAR-GOVERNMENT OF DOMINICA","BAR-GOVERNMENT OF HAITI","BAR-GOVERNMENT OF JAMAICA","BAR-GOVERNMENT OF ST. KITTS/NE","GOVERNMENT OF SURINAME"],"donor_short":["UNDP","DFID","GOVSTL","GOVTBVI","GOVTCAY","GOVTDMI","GOVTHAI","GOVTJAM","GOVTSTK","GOVTSUR"],"donor_type":["MULTI-LATERAL AGENCY","NON_PROGRAMME COUNTRY","PROGRAMME COUNTRY","PROGRAMME COUNTRY","PROGRAMME COUNTRY","PROGRAMME COUNTRY","PROGRAMME COUNTRY","PROGRAMME COUNTRY","PROGRAMME COUNTRY","PROGRAMME COUNTRY"],"donor_type_id":["MULTI_AGY","NON_PROGCTY","PROGCTY","PROGCTY","PROGCTY","PROGCTY","PROGCTY","PROGCTY","PROGCTY","PROGCTY"],"expenditure":[-14415.69,1394130.07,11159412.68],"fiscal_year":["2012","2011","2010"],"focus_area":"-","focus_area_descr":"-","gender_descr":"Some Contribution","gender_id":"GEN1","output_descr":"Strengthening Economic and Financial Management through the establishment of the Caribbean Technical Assistance Centre (CARTAC)","output_id":"11326","output_title":"Economic and Financial Managem"}],"project_descr":"Strengthening Economic and Financial Management","project_id":"11326","project_title":"Economic and Financial Management","region_id":"RBLAC","region_name":"Reg Bur Latin Amer & Carib","start":"2001-09-01","subnational":[]}