{"document_name":[],"end":"2010-12-31","fiscal_year":["2011","2010"],"inst_descr":"","inst_id":" ","inst_type_descr":"","inst_type_id":"","operating_unit":"Barbados","operating_unit_id":"BRB","outputs":[{"award_id":"11336","budget":[0.0,0],"crs":"15140","crs_descr":"Government administration","donor_budget":[0.0],"donor_country":["MULTI-LATERAL AGENCY"],"donor_country_id":["MULTI_AGY"],"donor_expend":[4597.68],"donor_id":["10159"],"donor_name":["EUROPEAN COMMISSION"],"donor_short":["EUCOMM"],"donor_type":["MULTI-LATERAL AGENCY"],"donor_type_id":["MULTI_AGY"],"expenditure":[4597.68,561517.93],"fiscal_year":["2011","2010"],"focus_area":"2","focus_area_descr":"Democratic governance","gender_descr":"Some Contribution","gender_id":"GEN1","output_descr":"Strengthening Economic and Financial Management","output_id":"11336","output_title":"Economic and Financial Managem"}],"project_descr":"Strengthening Economic and Financial Management","project_id":"11336","project_title":"Economic and Financial Management","region_id":"RBLAC","region_name":"Reg Bur Latin Amer & Carib","start":"2003-05-28","subnational":[{"lat":"13.16667","lon":"-59.53333","precision":"9","scope":"4","type":"1"}]}