{"document_name":[],"end":"2011-12-31","fiscal_year":["2011"],"inst_descr":"","inst_id":" ","inst_type_descr":"","inst_type_id":"","operating_unit":"Burundi","operating_unit_id":"BDI","outputs":[{"award_id":"11344","budget":[37072.0],"crs":"99810","crs_descr":"Sectors Not Specified","donor_budget":[37072.0],"donor_country":["Burundi"],"donor_country_id":["BDI"],"donor_expend":[0.0],"donor_id":["60"],"donor_name":["GOVERNMENT OF BURUNDI"],"donor_short":["BDI"],"donor_type":["PROGRAMME COUNTRY"],"donor_type_id":["PROGCTY"],"expenditure":[0.0],"fiscal_year":["2011"],"focus_area":"-","focus_area_descr":"-","gender_descr":"No Contribution","gender_id":"GEN0","output_descr":"Securite alimentaire et Environnement","output_id":"11344","output_title":"Securite Alimentaire"}],"project_descr":"Appui \u00e0 la S\u00e9curit\u00e9 Alimentaire et \u00e0 la Gestion de l'Environnement","project_id":"11344","project_title":"S\u00e9curit\u00e9 Alimentaire & Environnement","region_id":"RBA","region_name":"Reg Bureau for Africa","start":"2004-01-01","subnational":[{"lat":"-3.5","lon":"30","precision":"9","scope":"3","type":"2"}]}