{"document_name":[],"end":"2008-12-31","fiscal_year":["2011","2012"],"inst_descr":"","inst_id":" ","inst_type_descr":"","inst_type_id":"","operating_unit":"Burundi","operating_unit_id":"BDI","outputs":[{"award_id":"11342","budget":[0.0,0.0],"crs":"99810","crs_descr":"Sectors Not Specified","donor_budget":[0.0],"donor_country":["MULTI-LATERAL AGENCY"],"donor_country_id":["MULTI_AGY"],"donor_expend":[0.0],"donor_id":["12"],"donor_name":["UNITED NATIONS DEVELOPMENT PROGRAMME"],"donor_short":["UNDP"],"donor_type":["MULTI-LATERAL AGENCY"],"donor_type_id":["MULTI_AGY"],"expenditure":[600.14,-600.14],"fiscal_year":["2012","2011"],"focus_area":"-","focus_area_descr":"-","gender_descr":"-","gender_id":"-","output_descr":"Cadre Strategique de Lutte contre la Pauvrete (CSLP)  et les politiques macro economiques amandes et prennent en compte la dimension VIH/SIDA.","output_id":"11342","output_title":"Prise en compte VIH CSLP"}],"project_descr":"Les activit\u00e9s du projet ont \u00e9t\u00e9 identifi\u00e9es dans la perspective de contribuer \u00e0 la prise en compte de la dimension VIH dans le Cadre Strategique de Lutte contre la Pauvrete (CSLP)","project_id":"11342","project_title":"Appui au Programme National de Lutte contre le VIH/SIDA","region_id":"RBA","region_name":"Reg Bureau for Africa","start":"2002-02-01","subnational":[{"lat":"-3.5","lon":"30","precision":"9","scope":"3","type":"2"}]}