{"document_name":[],"end":"2011-12-31","fiscal_year":["2011","2010"],"inst_descr":"","inst_id":" ","inst_type_descr":"","inst_type_id":"","operating_unit":"Bureau for Dev. Policy","operating_unit_id":"H21","outputs":[{"award_id":"11359","budget":[302011.57,0],"crs":"15140","crs_descr":"Government administration","donor_budget":[46.0,301801.8,163.77],"donor_country":["MULTI-LATERAL AGENCY","Belgium","France"],"donor_country_id":["MULTI_AGY","BEL","FRA"],"donor_expend":[0.0,133806.13,0.0],"donor_id":["12","61","112"],"donor_name":["UNITED NATIONS DEVELOPMENT PROGRAMME","GOVERNMENT OF BELGIUM","GOVERNMENT OF France"],"donor_short":["UNDP","BEL","FRA"],"donor_type":["MULTI-LATERAL AGENCY","NON_PROGRAMME COUNTRY","NON_PROGRAMME COUNTRY"],"donor_type_id":["MULTI_AGY","NON_PROGCTY","NON_PROGCTY"],"expenditure":[133806.13,-839.31],"fiscal_year":["2011","2010"],"focus_area":"2","focus_area_descr":"Democratic governance","gender_descr":"Some Contribution","gender_id":"GEN1","output_descr":"PROGRAMME FOR STRENGTHENING PARLIAMENTS","output_id":"11359","output_title":"PROGRAMME FOR STRENGTHENING PA"}],"project_descr":"PROGRAMME FOR STRENGTHENING PARLIAMENTS","project_id":"11359","project_title":"PROGRAMME FOR STRENGTHENING PARLIAMENTS","region_id":"BDP","region_name":"Bureau for Dev. Policy","start":"1999-09-01","subnational":[]}