{"document_name":[],"end":"2011-12-31","fiscal_year":["2011"],"inst_descr":"UNITED NATIONS OFFICE FOR PROJ","inst_id":"515","inst_type_descr":"UN Agency","inst_type_id":"ACY","operating_unit":"Bureau for Dev. Policy","operating_unit_id":"H21","outputs":[{"award_id":"11357","budget":[0.03],"crs":"99810","crs_descr":"Sectors Not Specified","donor_budget":[0.01,0.02],"donor_country":["MULTI-LATERAL AGENCY","Netherlands"],"donor_country_id":["MULTI_AGY","NLD"],"donor_expend":[7895.34,378.11],"donor_id":["12","182"],"donor_name":["UNITED NATIONS DEVELOPMENT PROGRAMME","GOVERNMENT OF NETHERLANDS"],"donor_short":["UNDP","NET"],"donor_type":["MULTI-LATERAL AGENCY","NON_PROGRAMME COUNTRY"],"donor_type_id":["MULTI_AGY","NON_PROGCTY"],"expenditure":[8273.45],"fiscal_year":["2011"],"focus_area":"-","focus_area_descr":"-","gender_descr":"-","gender_id":"-","output_descr":"LOCAL INITIATIVE FACILITY FOR URBAN ENVIRONMENT","output_id":"11357","output_title":"LIFE"}],"project_descr":"LOCAL INITIATIVE FACILITY FOR URBAN ENVIRONMENT","project_id":"11357","project_title":"LIFE","region_id":"BDP","region_name":"Bureau for Dev. Policy","start":"1998-06-03","subnational":[]}