{"document_name":[],"end":"2011-12-31","fiscal_year":["2011"],"inst_descr":"","inst_id":" ","inst_type_descr":"","inst_type_id":"","operating_unit":"Bureau for Dev. Policy","operating_unit_id":"H21","outputs":[{"award_id":"11362","budget":[210000.03],"crs":"99810","crs_descr":"Sectors Not Specified","donor_budget":[0.01,0.01,210000.01],"donor_country":["MULTI-LATERAL AGENCY","Germany","OTHERS"],"donor_country_id":["MULTI_AGY","DEU","OTH"],"donor_expend":[0.0,-372009.95,408501.27],"donor_id":["12","117","538"],"donor_name":["UNITED NATIONS DEVELOPMENT PROGRAMME","GOVERNMENT OF GERMANY","GERMANY NATIONAL COMMITTEE"],"donor_short":["UNDP","GER","GERNC"],"donor_type":["MULTI-LATERAL AGENCY","NON_PROGRAMME COUNTRY","PRIVATE SECTOR"],"donor_type_id":["MULTI_AGY","NON_PROGCTY","PRIV"],"expenditure":[36491.32],"fiscal_year":["2011"],"focus_area":"-","focus_area_descr":"-","gender_descr":"-","gender_id":"-","output_descr":"Programme for Transparency and Accountability","output_id":"11362","output_title":"PACT"}],"project_descr":"Programme for Transparency and Accountability","project_id":"11362","project_title":"PACT","region_id":"BDP","region_name":"Bureau for Dev. Policy","start":"2000-07-01","subnational":[]}