{"document_name":[],"end":"2012-12-31","fiscal_year":["2011","2010","2012","2013"],"inst_descr":"","inst_id":" ","inst_type_descr":"","inst_type_id":"","operating_unit":"Bureau for Dev. Policy","operating_unit_id":"H21","outputs":[{"award_id":"11361","budget":[15947.0,104976.0,308673.59,0],"crs":"15110","crs_descr":"Economic and development policy/planning","donor_budget":[429596.59],"donor_country":["Japan"],"donor_country_id":["JPN"],"donor_expend":[286916.28],"donor_id":["141"],"donor_name":["GOVERNMENT OF JAPAN"],"donor_short":["JPN"],"donor_type":["NON_PROGRAMME COUNTRY"],"donor_type_id":["NON_PROGCTY"],"expenditure":[-648.0,85466.63,202097.65,71260.79],"fiscal_year":["2013","2012","2011","2010"],"focus_area":"1","focus_area_descr":"Poverty reduction & MDG achievement","gender_descr":"Principal Objective","gender_id":"GEN3","output_descr":"JWIDF Management Programme '06-'08, extended by 2011-2012.The overall aim of this extension is to ensure effective and continued programme management of the JWIDF. Uncollected 2010 F&A under fund code 32044 (1108.15) to be collected in 2011.","output_id":"53410","output_title":"JWIDF Management Programme '06"}],"project_descr":"JAPAN-UNDP PARTNERSHIP FOR THE ADVANCEMENT OF WOMEN","project_id":"11361","project_title":"PARTNERSHIP PROJECT","region_id":"BDP","region_name":"Bureau for Dev. Policy","start":"2004-09-01","subnational":[]}