{"document_name":[],"end":"2012-12-31","fiscal_year":["2011","2012","2013"],"inst_descr":"","inst_id":" ","inst_type_descr":"","inst_type_id":"","operating_unit":"Bureau for Dev. Policy","operating_unit_id":"H21","outputs":[{"award_id":"11365","budget":[0.0,1001.0,0.0],"crs":"99810","crs_descr":"Sectors Not Specified","donor_budget":[1001.0],"donor_country":["MULTI-LATERAL AGENCY"],"donor_country_id":["MULTI_AGY"],"donor_expend":[-2650.04],"donor_id":["12"],"donor_name":["UNITED NATIONS DEVELOPMENT PROGRAMME"],"donor_short":["UNDP"],"donor_type":["MULTI-LATERAL AGENCY"],"donor_type_id":["MULTI_AGY"],"expenditure":[648.13,-1527.0,-1771.17],"fiscal_year":["2013","2012","2011"],"focus_area":"1","focus_area_descr":"Poverty reduction & MDG achievement","gender_descr":"-","gender_id":"-","output_descr":"GLOBAL PROGRAMME POLICY SUPPORT SERVICES","output_id":"11365","output_title":"POLICY SUPPORT SERVICES"}],"project_descr":"GLOBAL PROGRAMME POLICY SUPPORT SERVICES","project_id":"11365","project_title":"POLICY SUPPORT SERVICES","region_id":"BDP","region_name":"Bureau for Dev. Policy","start":"2001-01-01","subnational":[]}