{"document_name":[],"end":"2012-12-31","fiscal_year":["2011","2010","2012"],"inst_descr":"","inst_id":" ","inst_type_descr":"","inst_type_id":"","operating_unit":"Bureau for Dev. Policy","operating_unit_id":"H21","outputs":[{"award_id":"11376","budget":[1.0,160765.4,0],"crs":"15110","crs_descr":"Economic and development policy/planning","donor_budget":[160766.4],"donor_country":["MULTI-LATERAL AGENCY"],"donor_country_id":["MULTI_AGY"],"donor_expend":[86474.59999999999],"donor_id":["12"],"donor_name":["UNITED NATIONS DEVELOPMENT PROGRAMME"],"donor_short":["UNDP"],"donor_type":["MULTI-LATERAL AGENCY"],"donor_type_id":["MULTI_AGY"],"expenditure":[-408.83,86883.43,175365.24],"fiscal_year":["2012","2011","2010"],"focus_area":"1","focus_area_descr":"Poverty reduction & MDG achievement","gender_descr":"No Contribution","gender_id":"GEN0","output_descr":"PUBLIC-PRIVATE PARTNERSHIP FOR THE URBAN ENVIRONMENT GLOBAL PROGRAMME","output_id":"11376","output_title":"PPPUE"}],"project_descr":"PUBLIC-PRIVATE PARTNERSHIP FOR THE URBAN ENVIRONMENT GLOBAL PROGRAMME","project_id":"11376","project_title":"PPPUE","region_id":"BDP","region_name":"Bureau for Dev. Policy","start":"1999-12-31","subnational":[]}