{"document_name":[],"end":"2008-12-31","fiscal_year":["2011"],"inst_descr":"","inst_id":" ","inst_type_descr":"","inst_type_id":"","operating_unit":"Bureau for Dev. Policy","operating_unit_id":"H21","outputs":[{"award_id":"11375","budget":[14467.29],"crs":"99810","crs_descr":"Sectors Not Specified","donor_budget":[14467.29],"donor_country":["MULTI-LATERAL AGENCY"],"donor_country_id":["MULTI_AGY"],"donor_expend":[14467.29],"donor_id":["12"],"donor_name":["UNITED NATIONS DEVELOPMENT PROGRAMME"],"donor_short":["UNDP"],"donor_type":["MULTI-LATERAL AGENCY"],"donor_type_id":["MULTI_AGY"],"expenditure":[14467.29],"fiscal_year":["2011"],"focus_area":"-","focus_area_descr":"-","gender_descr":"-","gender_id":"-","output_descr":"FOREST MANAGEMENT TO SUPPORT SUSTAINABLE LIVELIHOODS IN GUYANA","output_id":"11375","output_title":"FOREST MANAGEMENT IN GUYANA"}],"project_descr":"FOREST MANAGEMENT TO SUPPORT SUSTAINABLE LIVELIHOODS IN GUYANA","project_id":"11375","project_title":"FOREST MANAGEMENT IN GUYANA","region_id":"BDP","region_name":"Bureau for Dev. Policy","start":"1999-12-3","subnational":[]}