{"document_name":[],"end":"2012-12-31","fiscal_year":["2011","2012"],"inst_descr":"","inst_id":" ","inst_type_descr":"","inst_type_id":"","operating_unit":"Bureau for Dev. Policy","operating_unit_id":"H21","outputs":[{"award_id":"11378","budget":[675.58,23176.0],"crs":"41010","crs_descr":"Environmental policy and administrative management","donor_budget":[675.58,23175.0,1.0],"donor_country":["Sweden","OTHERS","OTHERS"],"donor_country_id":["SWE","OTH","OTH"],"donor_expend":[-22485.85,0.0,23175.0],"donor_id":["555","10433","10443"],"donor_name":["SWEDISH INT'L DEVELOPMENT COOPERATION","THE GAP FOUNDATION","GAP FOUNDATION GUA/CWI-GAP/03/01"],"donor_short":["SIDA","THE GAP FO","GAP GUA/CW"],"donor_type":["NON_PROGRAMME COUNTRY","PRIVATE SECTOR","PRIVATE SECTOR"],"donor_type_id":["NON_PROGCTY","PRIV","PRIV"],"expenditure":[0.0,689.15],"fiscal_year":["2012","2011"],"focus_area":"4","focus_area_descr":"Environment & sustainable development","gender_descr":"-","gender_id":"-","output_descr":"POLICY SUPPORT IN WATER MANAGEMENT","output_id":"11378","output_title":"WATER GOVERNANCE PROGRAMME"}],"project_descr":"POLICY SUPPORT IN WATER MANAGEMENT","project_id":"11378","project_title":"WATER MANAGEMENT","region_id":"BDP","region_name":"Bureau for Dev. Policy","start":"2001-01-01","subnational":[]}