{"document_name":[],"end":"2011-12-31","fiscal_year":["2011","2010","2012"],"inst_descr":"","inst_id":" ","inst_type_descr":"","inst_type_id":"","operating_unit":"Bureau for Dev. Policy","operating_unit_id":"H21","outputs":[{"award_id":"11384","budget":[100.0,63292.32,0],"crs":"99810","crs_descr":"Sectors Not Specified","donor_budget":[63392.32],"donor_country":["MULTI-LATERAL AGENCY"],"donor_country_id":["MULTI_AGY"],"donor_expend":[-442901.01],"donor_id":["12"],"donor_name":["UNITED NATIONS DEVELOPMENT PROGRAMME"],"donor_short":["UNDP"],"donor_type":["MULTI-LATERAL AGENCY"],"donor_type_id":["MULTI_AGY"],"expenditure":[100.0,-443001.01,526657.49],"fiscal_year":["2012","2011","2010"],"focus_area":"-","focus_area_descr":"-","gender_descr":"-","gender_id":"-","output_descr":"Integrated Framework for Trade Technical Assistance for LDCs: Mainstreaming of Trade into National Development Plans, including PRSP","output_id":"11384","output_title":"Global IF Prgramme for LDCs"}],"project_descr":"INTEGRATED FRAMEWORK FOR TRADE TECHNICAL ASSISTANCE IN LDC'S MAINSTREAMING TRADE WITHIN THE NATIONAL DEVELOPMENT POLICIE","project_id":"11384","project_title":"INTEGRATED FRAMEWORK (IFTF)","region_id":"BDP","region_name":"Bureau for Dev. Policy","start":"2004-01-01","subnational":[]}