{"document_name":[],"end":"2008-12-31","fiscal_year":["2011"],"inst_descr":"","inst_id":" ","inst_type_descr":"","inst_type_id":"","operating_unit":"Bureau for Dev. Policy","operating_unit_id":"H21","outputs":[{"award_id":"11383","budget":[7667.13],"crs":"99810","crs_descr":"Sectors Not Specified","donor_budget":[7667.13],"donor_country":["MULTI-LATERAL AGENCY"],"donor_country_id":["MULTI_AGY"],"donor_expend":[0.0],"donor_id":["12"],"donor_name":["UNITED NATIONS DEVELOPMENT PROGRAMME"],"donor_short":["UNDP"],"donor_type":["MULTI-LATERAL AGENCY"],"donor_type_id":["MULTI_AGY"],"expenditure":[0.0],"fiscal_year":["2011"],"focus_area":"-","focus_area_descr":"-","gender_descr":"-","gender_id":"-","output_descr":"GLO/01/115 - SUSTAINABLE ENERGY GLOBAL PROGRAMME","output_id":"11383","output_title":"SUSTAINABLE ENERGY GLOBAL PROG"}],"project_descr":"PREPARATORY ASSISTANCE TO DEVELOP SUSTAINABLE ENERGY GLOBAL PROGRAMME","project_id":"11383","project_title":"GLO/01/115 - SUSTAINABLE ENERGY GLOBAL PROGRAMME","region_id":"BDP","region_name":"Bureau for Dev. Policy","start":"2001-10-3","subnational":[]}