{"document_name":[],"end":"2010-12-31","fiscal_year":["2011","2010"],"inst_descr":"","inst_id":" ","inst_type_descr":"","inst_type_id":"","operating_unit":"Bureau for Dev. Policy","operating_unit_id":"H21","outputs":[{"award_id":"11382","budget":[215750.39,0],"crs":"99810","crs_descr":"Sectors Not Specified","donor_budget":[96118.11,119632.28],"donor_country":["Germany","United Kingdom"],"donor_country_id":["DEU","GBR"],"donor_expend":[70445.76,311.9],"donor_id":["117","248"],"donor_name":["GOVERNMENT OF GERMANY","GOVERNMENT OF UNITED KINGDOM"],"donor_short":["GER","UKM"],"donor_type":["NON_PROGRAMME COUNTRY","NON_PROGRAMME COUNTRY"],"donor_type_id":["NON_PROGCTY","NON_PROGCTY"],"expenditure":[70757.66,174703.14],"fiscal_year":["2011","2010"],"focus_area":"2","focus_area_descr":"Democratic governance","gender_descr":"Some Contribution","gender_id":"GEN1","output_descr":"URBAN MANAGEMENT PROGRAMME PHASE 4","output_id":"11382","output_title":"URBAN MANAGEMENT PHASE 4"}],"project_descr":"URBAN MANAGEMENT PROGRAMME PHASE 4","project_id":"11382","project_title":"URBAN MANAGEMENT PHASE 4","region_id":"BDP","region_name":"Bureau for Dev. Policy","start":"2001-12-01","subnational":[]}