{"document_name":[],"end":"2012-12-31","fiscal_year":["2012"],"inst_descr":"","inst_id":" ","inst_type_descr":"","inst_type_id":"","operating_unit":"Bureau for Dev. Policy","operating_unit_id":"H21","outputs":[{"award_id":"11393","budget":[0.2],"crs":"99810","crs_descr":"Sectors Not Specified","donor_budget":[0.2],"donor_country":["MULTI-LATERAL AGENCY"],"donor_country_id":["MULTI_AGY"],"donor_expend":[-2121.56],"donor_id":["12"],"donor_name":["UNITED NATIONS DEVELOPMENT PROGRAMME"],"donor_short":["UNDP"],"donor_type":["MULTI-LATERAL AGENCY"],"donor_type_id":["MULTI_AGY"],"expenditure":[-2121.56],"fiscal_year":["2012"],"focus_area":"-","focus_area_descr":"-","gender_descr":"-","gender_id":"-","output_descr":"THEMATIC FACILITY ON GOVERNANCE","output_id":"11393","output_title":"THE OSLO GOVERNANCE CENTRE"}],"project_descr":"THEMATIC FACILITY ON GOVERNANCE","project_id":"11393","project_title":"THE OSLO GOVERNANCE CENTRE","region_id":"BDP","region_name":"Bureau for Dev. Policy","start":"2002-01-01","subnational":[]}