{"document_name":[],"end":"2005-12-31","fiscal_year":["2012"],"inst_descr":"","inst_id":" ","inst_type_descr":"","inst_type_id":"","operating_unit":"Bureau for Dev. Policy","operating_unit_id":"H21","outputs":[{"award_id":"11418","budget":[0.0,0],"crs":"99810","crs_descr":"Sectors Not Specified","donor_budget":[0.0],"donor_country":["MULTI-LATERAL AGENCY"],"donor_country_id":["MULTI_AGY"],"donor_expend":[-3011.0],"donor_id":["12"],"donor_name":["UNITED NATIONS DEVELOPMENT PROGRAMME"],"donor_short":["UNDP"],"donor_type":["MULTI-LATERAL AGENCY"],"donor_type_id":["MULTI_AGY"],"expenditure":[-3011.0,-98.52],"fiscal_year":["2012","2010"],"focus_area":"-","focus_area_descr":"-","gender_descr":"-","gender_id":"-","output_descr":"HIV/AIDS LEADERSHIP CAPACITY ADN EXPERTISE BUILDING","output_id":"11418","output_title":"HIV/AIDS LEADERSHIP CAPACITY A"}],"project_descr":"HIV/AIDS LEADERSHIP CAPACITY ADN EXPERTISE BUILDING","project_id":"11418","project_title":"HIV/AIDS LEADERSHIP CAPACITY AND EXPERTISE","region_id":"BDP","region_name":"Bureau for Dev. Policy","start":"2003-06-19","subnational":[]}