{"document_name":[],"end":"2006-12-31","fiscal_year":["2011"],"inst_descr":"","inst_id":" ","inst_type_descr":"","inst_type_id":"","operating_unit":"Bureau for Dev. Policy","operating_unit_id":"H21","outputs":[{"award_id":"11419","budget":[335241.34],"crs":"99810","crs_descr":"Sectors Not Specified","donor_budget":[335241.34],"donor_country":["United Kingdom"],"donor_country_id":["GBR"],"donor_expend":[335086.95],"donor_id":["248"],"donor_name":["GOVERNMENT OF UNITED KINGDOM"],"donor_short":["UKM"],"donor_type":["NON_PROGRAMME COUNTRY"],"donor_type_id":["NON_PROGCTY"],"expenditure":[335086.95],"fiscal_year":["2011"],"focus_area":"-","focus_area_descr":"-","gender_descr":"-","gender_id":"-","output_descr":"POVERTY AND ENVIRONMENT INITIATIVE - PHASE II","output_id":"11419","output_title":"POVERTY AND ENVIRONMENT INITIA"}],"project_descr":"POVERTY AND ENVIRONMENT INITIATIVE - PHASE II","project_id":"11419","project_title":"POVERTY AND ENVIRONMENT INITIATIVE - PHASE II","region_id":"BDP","region_name":"Bureau for Dev. Policy","start":"2003-04-3","subnational":[]}