{"document_name":[],"end":"2008-03-31","fiscal_year":["2011"],"inst_descr":"","inst_id":" ","inst_type_descr":"","inst_type_id":"","operating_unit":"Bureau for Dev. Policy","operating_unit_id":"H21","outputs":[{"award_id":"11416","budget":[308696.73],"crs":"41010","crs_descr":"Environmental policy and administrative management","donor_budget":[0.0,308696.73],"donor_country":["MULTI-LATERAL AGENCY","MULTI-LATERAL AGENCY"],"donor_country_id":["MULTI_AGY","MULTI_AGY"],"donor_expend":[-308694.73,308694.73],"donor_id":["12","280"],"donor_name":["UNITED NATIONS DEVELOPMENT PROGRAMME","EUROPEAN UNION"],"donor_short":["UNDP","EU"],"donor_type":["MULTI-LATERAL AGENCY","MULTI-LATERAL AGENCY"],"donor_type_id":["MULTI_AGY","MULTI_AGY"],"expenditure":[0.0],"fiscal_year":["2011"],"focus_area":"4","focus_area_descr":"Environment & sustainable development","gender_descr":"-","gender_id":"-","output_descr":"POVERTY AND ENVIORNMENT INITIATIVE - PHASE II","output_id":"11416","output_title":"POVERTY AND ENVIRONMENT INITIA"}],"project_descr":"POVERTY AND ENVIORNMENT INITIATIVE - PHASE II","project_id":"11416","project_title":"POVERTY AND ENVIRONMENT INITIATIVE- PHASE II","region_id":"BDP","region_name":"Bureau for Dev. Policy","start":"2003-04-01","subnational":[]}