{"document_name":[],"end":"2011-12-31","fiscal_year":["2011"],"inst_descr":"","inst_id":" ","inst_type_descr":"","inst_type_id":"","operating_unit":"Bureau for Dev. Policy","operating_unit_id":"H21","outputs":[{"award_id":"11417","budget":[830.0],"crs":"99810","crs_descr":"Sectors Not Specified","donor_budget":[415.0,415.0],"donor_country":["MULTI-LATERAL AGENCY","Switzerland"],"donor_country_id":["MULTI_AGY","CHE"],"donor_expend":[415.0,-415.0],"donor_id":["12","232"],"donor_name":["UNITED NATIONS DEVELOPMENT PROGRAMME","GOVERNMENT OF SWITZERLAND"],"donor_short":["UNDP","SWI"],"donor_type":["MULTI-LATERAL AGENCY","NON_PROGRAMME COUNTRY"],"donor_type_id":["MULTI_AGY","NON_PROGCTY"],"expenditure":[0.0],"fiscal_year":["2011"],"focus_area":"-","focus_area_descr":"-","gender_descr":"-","gender_id":"-","output_descr":"UNDP SUPPORT TO WSIS","output_id":"11417","output_title":"UNDP SUPPORT TO WSIS"}],"project_descr":"UNDP SUPPORT TO WSIS","project_id":"11417","project_title":"UNDP SUPPORT TO WSIS","region_id":"BDP","region_name":"Bureau for Dev. Policy","start":"2003-03-31","subnational":[]}