{"document_name":[],"end":"2011-12-31","fiscal_year":["2011","2010"],"inst_descr":"","inst_id":" ","inst_type_descr":"","inst_type_id":"","operating_unit":"Bureau for Dev. Policy","operating_unit_id":"H21","outputs":[{"award_id":"11421","budget":[51344.45,0],"crs":"41010","crs_descr":"Environmental policy and administrative management","donor_budget":[51344.45],"donor_country":["United States of America"],"donor_country_id":["USA"],"donor_expend":[45672.75],"donor_id":["253"],"donor_name":["GOVERNMENT OF UNITED STATES OF AMERICA"],"donor_short":["USA"],"donor_type":["NON_PROGRAMME COUNTRY"],"donor_type_id":["NON_PROGCTY"],"expenditure":[45672.75,202327.32],"fiscal_year":["2011","2010"],"focus_area":"4","focus_area_descr":"Environment & sustainable development","gender_descr":"-","gender_id":"-","output_descr":"TRANSBOUNDARY RIVER BASIN INITIATIVE","output_id":"11421","output_title":"TRANSBOUNDARY RIVER BASIN INIT"}],"project_descr":"TRANSBOUNDARY RIVER BASIN INITIATIVE","project_id":"11421","project_title":"TRANSBOUNDARY RIVER BASIN INITIATIVE","region_id":"BDP","region_name":"Bureau for Dev. Policy","start":"1999-01-01","subnational":[]}