{"document_name":[],"end":"2004-12-31","fiscal_year":["2011"],"inst_descr":"","inst_id":" ","inst_type_descr":"","inst_type_id":"","operating_unit":"Bureau for Dev. Policy","operating_unit_id":"H21","outputs":[{"award_id":"11439","budget":[110284.0],"crs":"99810","crs_descr":"Sectors Not Specified","donor_budget":[110284.0],"donor_country":["Denmark"],"donor_country_id":["DNK"],"donor_expend":[110284.0],"donor_id":["95"],"donor_name":["GOVERNMENT OF DENMARK"],"donor_short":["DEN"],"donor_type":["NON_PROGRAMME COUNTRY"],"donor_type_id":["NON_PROGCTY"],"expenditure":[110284.0],"fiscal_year":["2011"],"focus_area":"-","focus_area_descr":"-","gender_descr":"-","gender_id":"-","output_descr":"DENMARK SUPPORT TO THE ESMAP COUNTRY PROGRAMMES AND ACTIVITIES","output_id":"11439","output_title":"ESMAP COUNTRY PROGRAMMES AND A"}],"project_descr":"DENMARK SUPPORT TO THE ESMAP COUNTRY PROGRAMMES AND ACTIVITIES","project_id":"11439","project_title":"ESMAP COUNTRY PROGRAMMES AND ACTIVITIES","region_id":"BDP","region_name":"Bureau for Dev. Policy","start":"1992-01-01","subnational":[]}