{"document_name":[],"end":"2008-12-31","fiscal_year":["2011","2012"],"inst_descr":"","inst_id":" ","inst_type_descr":"","inst_type_id":"","operating_unit":"Bureau for Dev. Policy","operating_unit_id":"H21","outputs":[{"award_id":"11438","budget":[0.0,0.0],"crs":"99810","crs_descr":"Sectors Not Specified","donor_budget":[0.0],"donor_country":["MULTI-LATERAL AGENCY"],"donor_country_id":["MULTI_AGY"],"donor_expend":[-14247.48],"donor_id":["12"],"donor_name":["UNITED NATIONS DEVELOPMENT PROGRAMME"],"donor_short":["UNDP"],"donor_type":["MULTI-LATERAL AGENCY"],"donor_type_id":["MULTI_AGY"],"expenditure":[-7680.0,-6567.48],"fiscal_year":["2012","2011"],"focus_area":"-","focus_area_descr":"-","gender_descr":"-","gender_id":"-","output_descr":"Knowledge Roadmap","output_id":"44576","output_title":"Knowledge Roadmap"}],"project_descr":"KNOWLEDGE SHARING TO SUPPORT THE ACHIEVEMENT OF THE MDGS","project_id":"11438","project_title":"KNOWLEDGE SHARING MDGS","region_id":"BDP","region_name":"Bureau for Dev. Policy","start":"2003-06-06","subnational":[]}