{"document_name":[],"end":"2007-12-31","fiscal_year":["2011"],"inst_descr":"","inst_id":" ","inst_type_descr":"","inst_type_id":"","operating_unit":"Bureau for Dev. Policy","operating_unit_id":"H21","outputs":[{"award_id":"11431","budget":[187574.97],"crs":"99810","crs_descr":"Sectors Not Specified","donor_budget":[1.0,169445.59,6000.0,12128.38],"donor_country":["MULTI-LATERAL AGENCY","MULTI-LATERAL AGENCY","OTHERS","OTHERS"],"donor_country_id":["MULTI_AGY","MULTI_AGY","OTH","OTH"],"donor_expend":[-156000.0,169445.59,6000.0,12128.38],"donor_id":["12","280","993","10680"],"donor_name":["UNITED NATIONS DEVELOPMENT PROGRAMME","EUROPEAN UNION","CUB-FUNDACION BARCELONA","WORLD ECONOMIC FORUM"],"donor_short":["UNDP","EU","FUND.BAR.","WEF"],"donor_type":["MULTI-LATERAL AGENCY","MULTI-LATERAL AGENCY","OTHERS","PRIVATE SECTOR"],"donor_type_id":["MULTI_AGY","MULTI_AGY","OTH","PRIV"],"expenditure":[31573.97],"fiscal_year":["2011"],"focus_area":"-","focus_area_descr":"-","gender_descr":"-","gender_id":"-","output_descr":"GLOBAL PROGRAMME ON ENVIRONMENT","output_id":"11431","output_title":"ENVIRONMENT GLOBAL PROGRAMME"}],"project_descr":"GLOBAL PROGRAMME ON ENVIRONMENT","project_id":"11431","project_title":"GLO/02/117 - ENVIRONMENT GLOBAL PROGRAMME","region_id":"BDP","region_name":"Bureau for Dev. Policy","start":"2002-01-01","subnational":[]}