{"document_name":[],"end":"2013-12-31","fiscal_year":["2011","2010","2012","2013"],"inst_descr":"United Nations Office for Proj","inst_id":"231","inst_type_descr":"UN Agency","inst_type_id":"ACY","operating_unit":"Bureau for Dev. Policy","operating_unit_id":"H21","outputs":[{"award_id":"11447","budget":[1675000.0,1490000.0,940000.0,0],"crs":"15140","crs_descr":"Government administration","donor_budget":[4105000.0],"donor_country":["MULTI-LATERAL AGENCY"],"donor_country_id":["MULTI_AGY"],"donor_expend":[1080190.97],"donor_id":["12"],"donor_name":["UNITED NATIONS DEVELOPMENT PROGRAMME"],"donor_short":["UNDP"],"donor_type":["MULTI-LATERAL AGENCY"],"donor_type_id":["MULTI_AGY"],"expenditure":[162807.18,759916.09,157467.7,25857.64],"fiscal_year":["2013","2012","2011","2010"],"focus_area":"2","focus_area_descr":"Democratic governance","gender_descr":"-","gender_id":"-","output_descr":"NATIONAL ICT FOR DEVELOPMENT STRATEGIES - GLO/03/M08","output_id":"11447","output_title":"ICT FOR DEVELOPMENT STRATEGIES"}],"project_descr":"NATIONAL ICT FOR DEVELOPMENT STRATEGIES","project_id":"11447","project_title":"ICT FOR DEVELOPMENT STRATEGIES","region_id":"BDP","region_name":"Bureau for Dev. Policy","start":"2003-07-01","subnational":[]}