{"document_name":[],"end":"2011-12-31","fiscal_year":["2011","2010"],"inst_descr":"","inst_id":" ","inst_type_descr":"","inst_type_id":"","operating_unit":"Bureau for Dev. Policy","operating_unit_id":"H21","outputs":[{"award_id":"11463","budget":[0.1,0],"crs":"15120","crs_descr":"Public sector financial management","donor_budget":[0.1],"donor_country":["MULTI-LATERAL AGENCY"],"donor_country_id":["MULTI_AGY"],"donor_expend":[-1637.1],"donor_id":["12"],"donor_name":["UNITED NATIONS DEVELOPMENT PROGRAMME"],"donor_short":["UNDP"],"donor_type":["MULTI-LATERAL AGENCY"],"donor_type_id":["MULTI_AGY"],"expenditure":[-1637.1,2935.33],"fiscal_year":["2011","2010"],"focus_area":"2","focus_area_descr":"Democratic governance","gender_descr":"-","gender_id":"-","output_descr":"CAPACITY DEVELOPMENT THROUGH KNOWLEDGE SHARING AND NETWORKING - GLO/03/219","output_id":"11463","output_title":"CAPACITY DEV. THROUGH KNOWLEDG"}],"project_descr":"CAPACITY DEVELOPMENT THROUGH KNOWLEDGE SHARING AND NETWORKING","project_id":"11463","project_title":"CAPACITY DEV. THROUGH KNOWLEDGE SHARING NETWK","region_id":"BDP","region_name":"Bureau for Dev. Policy","start":"2003-10-1","subnational":[]}