{"document_name":[],"end":"2011-12-31","fiscal_year":["2011"],"inst_descr":"","inst_id":" ","inst_type_descr":"","inst_type_id":"","operating_unit":"Benin","operating_unit_id":"BEN","outputs":[{"award_id":"11474","budget":[20000.0],"crs":"15110","crs_descr":"Economic and development policy/planning","donor_budget":[20000.0],"donor_country":["Benin"],"donor_country_id":["BEN"],"donor_expend":[0.0],"donor_id":["62"],"donor_name":["GOVERNMENT OF BENIN"],"donor_short":["BEN"],"donor_type":["PROGRAMME COUNTRY"],"donor_type_id":["PROGCTY"],"expenditure":[0.0],"fiscal_year":["2011"],"focus_area":"1","focus_area_descr":"Poverty reduction & MDG achievement","gender_descr":"-","gender_id":"-","output_descr":"Projet d'Appui au Programme National de Lutte contre le SIDA","output_id":"11474","output_title":"APPUI PROG NATL CONTRE LE SIDA"}],"project_descr":"APPUI AU PROGRAMME NATIONAL DE LUTTE CONTRE LE SIDA ET LES MST","project_id":"11474","project_title":"APPUI PROG NATL CONTRE LE SIDA ET LES MST","region_id":"RBA","region_name":"Reg Bureau for Africa","start":"1997-05-09","subnational":[]}