{"document_name":[],"end":"2011-12-31","fiscal_year":["2011","2010"],"inst_descr":"","inst_id":" ","inst_type_descr":"","inst_type_id":"","operating_unit":"Benin","operating_unit_id":"BEN","outputs":[{"award_id":"11481","budget":[15419.0,0],"crs":"15110","crs_descr":"Economic and development policy/planning","donor_budget":[15419.0],"donor_country":["MULTI-LATERAL AGENCY"],"donor_country_id":["MULTI_AGY"],"donor_expend":[9807.86],"donor_id":["327"],"donor_name":["GLOBAL FUND TO FIGHT AIDS, TUBERCULOSIS"],"donor_short":["GFATM"],"donor_type":["MULTI-LATERAL AGENCY"],"donor_type_id":["MULTI_AGY"],"expenditure":[9807.86,1678.65],"fiscal_year":["2011","2010"],"focus_area":"1","focus_area_descr":"Poverty reduction & MDG achievement","gender_descr":"-","gender_id":"-","output_descr":"INTENSIFICATION DE LA LUTTE CONTRE VIH/SIDA","output_id":"11481","output_title":"intensification  lutte VIH"}],"project_descr":"INTENSIFICATION DE LA LUTTE CONTRE VIH/SIDA","project_id":"11481","project_title":"Intensification  lutte VIH/SIDA","region_id":"RBA","region_name":"Reg Bureau for Africa","start":"2003-01-01","subnational":[{"lat":"9.5","lon":"2.25","precision":"9","scope":"4","type":"2"}]}