{"document_name":[],"end":"2007-12-31","fiscal_year":["2011"],"inst_descr":"","inst_id":" ","inst_type_descr":"","inst_type_id":"","operating_unit":"Benin","operating_unit_id":"BEN","outputs":[{"award_id":"11480","budget":[0.0],"crs":"15110","crs_descr":"Economic and development policy/planning","donor_budget":[0.0],"donor_country":["MULTI-LATERAL AGENCY"],"donor_country_id":["MULTI_AGY"],"donor_expend":[-91.09],"donor_id":["12"],"donor_name":["UNITED NATIONS DEVELOPMENT PROGRAMME"],"donor_short":["UNDP"],"donor_type":["MULTI-LATERAL AGENCY"],"donor_type_id":["MULTI_AGY"],"expenditure":[-91.09],"fiscal_year":["2011"],"focus_area":"1","focus_area_descr":"Poverty reduction & MDG achievement","gender_descr":"-","gender_id":"-","output_descr":"APPUI AU FONDS GLOBAL ( PALUDISME - TUBERCULOSE - VIH/SIDA)","output_id":"11480","output_title":"APPUI AU FONDS GLOBAL"}],"project_descr":"APPUI AU FONDS GLOBAL ( PALUDISME - TUBERCULOSE - VIH/SIDA)","project_id":"11480","project_title":"APPUI AU FONDS GLOBAL","region_id":"RBA","region_name":"Reg Bureau for Africa","start":"2003-01-01","subnational":[{"lat":"9.5","lon":"2.25","precision":"9","scope":"4","type":"2"}]}