{"document_name":[],"end":"2014-06-3","fiscal_year":["2011","2010","2012","2013"],"inst_descr":"","inst_id":" ","inst_type_descr":"","inst_type_id":"","operating_unit":"Bangladesh","operating_unit_id":"BGD","outputs":[{"award_id":"11486","budget":[1769230.0,2222322.0,1341756.0,0],"crs":"15140","crs_descr":"Government administration","donor_budget":[2879748.0,2453560.0],"donor_country":["MULTI-LATERAL AGENCY","Netherlands"],"donor_country_id":["MULTI_AGY","NLD"],"donor_expend":[2070865.76,1207345.27],"donor_id":["12","182"],"donor_name":["UNITED NATIONS DEVELOPMENT PROGRAMME","GOVERNMENT OF NETHERLANDS"],"donor_short":["UNDP","NET"],"donor_type":["MULTI-LATERAL AGENCY","NON_PROGRAMME COUNTRY"],"donor_type_id":["MULTI_AGY","NON_PROGCTY"],"expenditure":[514079.25,1725384.55,1038747.23,308436.22],"fiscal_year":["2013","2012","2011","2010"],"focus_area":"2","focus_area_descr":"Democratic governance","gender_descr":"Significant Objective","gender_id":"GEN2","output_descr":"Improving Democracy through Parliamentary Development in Bangladesh","output_id":"75824","output_title":"Imprv. Parliamentary Democracy"},{"award_id":"11486","budget":[0.0,0],"crs":"15140","crs_descr":"Government administration","donor_budget":[0.0],"donor_country":["MULTI-LATERAL AGENCY"],"donor_country_id":["MULTI_AGY"],"donor_expend":[-2689.5],"donor_id":["12"],"donor_name":["UNITED NATIONS DEVELOPMENT PROGRAMME"],"donor_short":["UNDP"],"donor_type":["MULTI-LATERAL AGENCY"],"donor_type_id":["MULTI_AGY"],"expenditure":[-2689.5,539253.76],"fiscal_year":["2011","2010"],"focus_area":"2","focus_area_descr":"Democratic governance","gender_descr":"Significant Objective","gender_id":"GEN2","output_descr":"UNDP has designed a Preparatory Assistance plan for nine months to provide capacity development, policy advisory support, and institutional strengthening to the Parliament of Bangladesh.  A multi-year technical support project document will be designed d","output_id":"60639","output_title":"PA for Parliament"}],"project_descr":"STRENGTHENING PARLIAMENTARY DEMOCRACY","project_id":"11486","project_title":"STRENGTHENING Parliamentary DEMOCRACY","region_id":"RBAP","region_name":"Reg Bureau for Asia & Pacific","start":"1997-04-15","subnational":[{"lat":"23.7104","lon":"90.40744","precision":"1","scope":"1","type":"2"}]}