{"document_name":[],"end":"2009-12-31","fiscal_year":["2011","2010","2012"],"inst_descr":"","inst_id":" ","inst_type_descr":"","inst_type_id":"","operating_unit":"Bangladesh","operating_unit_id":"BGD","outputs":[{"award_id":"11488","budget":[0.0,1.0,0],"crs":"99810","crs_descr":"Sectors Not Specified","donor_budget":[1.0],"donor_country":["MULTI-LATERAL AGENCY"],"donor_country_id":["MULTI_AGY"],"donor_expend":[2182.9],"donor_id":["12"],"donor_name":["UNITED NATIONS DEVELOPMENT PROGRAMME"],"donor_short":["UNDP"],"donor_type":["MULTI-LATERAL AGENCY"],"donor_type_id":["MULTI_AGY"],"expenditure":[0.0,2182.9,342.61],"fiscal_year":["2012","2011","2010"],"focus_area":"-","focus_area_descr":"-","gender_descr":"-","gender_id":"-","output_descr":"SUSTAINABLE ENVIRONMENT MANAGEMENT PROGRAMME (SEMP)","output_id":"11488","output_title":"Sustainable Env. Mgt. Program"}],"project_descr":"SUSTAINABLE ENVIRONMENT MANAGEMENT PROGRAMME","project_id":"11488","project_title":"Sustainable Enviornment Management Programme(SEMP)","region_id":"RBAP","region_name":"Reg Bureau for Asia & Pacific","start":"1997-12-01","subnational":[]}