{"document_name":[],"end":"2009-12-31","fiscal_year":["2011","2010"],"inst_descr":"","inst_id":" ","inst_type_descr":"","inst_type_id":"","operating_unit":"Benin","operating_unit_id":"BEN","outputs":[{"award_id":"11484","budget":[0.0,0],"crs":"15110","crs_descr":"Economic and development policy/planning","donor_budget":[0.0],"donor_country":["MULTI-LATERAL AGENCY"],"donor_country_id":["MULTI_AGY"],"donor_expend":[-1854.38],"donor_id":["12"],"donor_name":["UNITED NATIONS DEVELOPMENT PROGRAMME"],"donor_short":["UNDP"],"donor_type":["MULTI-LATERAL AGENCY"],"donor_type_id":["MULTI_AGY"],"expenditure":[-1854.38,-0.01],"fiscal_year":["2011","2010"],"focus_area":"1","focus_area_descr":"Poverty reduction & MDG achievement","gender_descr":"-","gender_id":"-","output_descr":" ","output_id":"11484","output_title":"ADECOI"}],"project_descr":"Projet d'Appui au D\u00e9veloppement Communal et aux Initiatives Locales dans le Borgou","project_id":"11484","project_title":"ADECOI","region_id":"RBA","region_name":"Reg Bureau for Africa","start":"2002-12-17","subnational":[{"lat":"9.5","lon":"2.25","precision":"9","scope":"4","type":"2"}]}