{"document_name":[],"end":"2008-12-31","fiscal_year":["2011","2010","2012"],"inst_descr":"","inst_id":" ","inst_type_descr":"","inst_type_id":"","operating_unit":"Bangladesh","operating_unit_id":"BGD","outputs":[{"award_id":"11498","budget":[0.0,181809.0,0],"crs":"99810","crs_descr":"Sectors Not Specified","donor_budget":[181809.0],"donor_country":["MULTI-LATERAL AGENCY"],"donor_country_id":["MULTI_AGY"],"donor_expend":[86225.26],"donor_id":["10003"],"donor_name":["Global Environment Fund Trustee"],"donor_short":["GEFTrustee"],"donor_type":["MULTI-LATERAL AGENCY"],"donor_type_id":["MULTI_AGY"],"expenditure":[0.0,86225.26,750873.85],"fiscal_year":["2012","2011","2010"],"focus_area":"-","focus_area_descr":"-","gender_descr":"Significant Objective","gender_id":"GEN2","output_descr":"Coastal and Wetland Biodiversity Management at Cox's Bazar and Hakaluki Haor","output_id":"11498","output_title":"PIMS 461 BD FSP: CWBMP"}],"project_descr":"PIMS 461 BD FSP Banglsdesh Coastal and Wetland Biodiversity Management at Cox's Bazar and Hakaluki Haor","project_id":"11498","project_title":"PIMS 461 BD FSP BGD CWBMP","region_id":"RBAP","region_name":"Reg Bureau for Asia & Pacific","start":"2001-07-25","subnational":[{"lat":"21.45388","lon":"91.96765","precision":"3","scope":"2","type":"2"},{"lat":"21.45388","lon":"91.96765","precision":"3","scope":"2","type":"2"}]}