{"document_name":[],"end":"2015-12-31","fiscal_year":["2011","2010","2012","2013"],"inst_descr":"","inst_id":" ","inst_type_descr":"","inst_type_id":"","operating_unit":"Bangladesh","operating_unit_id":"BGD","outputs":[{"award_id":"11492","budget":[308248.0,352000.0],"crs":"15140","crs_descr":"Government administration","donor_budget":[660248.0],"donor_country":["MULTI-LATERAL AGENCY"],"donor_country_id":["MULTI_AGY"],"donor_expend":[319629.1],"donor_id":["12"],"donor_name":["UNITED NATIONS DEVELOPMENT PROGRAMME"],"donor_short":["UNDP"],"donor_type":["MULTI-LATERAL AGENCY"],"donor_type_id":["MULTI_AGY"],"expenditure":[101877.47,217751.63],"fiscal_year":["2012","2011"],"focus_area":"2","focus_area_descr":"Democratic governance","gender_descr":"Some Contribution","gender_id":"GEN1","output_descr":"Initiation Plan Good Urban Governance Project","output_id":"79999","output_title":"IP-GUGP"},{"award_id":"11492","budget":[27518564.0,25566621.0,20429247.0,0],"crs":"15110","crs_descr":"Economic and development policy/planning","donor_budget":[72044432.0,1470000.0],"donor_country":["United Kingdom","MULTI-LATERAL AGENCY"],"donor_country_id":["GBR","MULTI_AGY"],"donor_expend":[44251055.9,721645.98],"donor_id":["551","12"],"donor_name":["DEPARTMENT FOR INT'L DEVELOPMENT (DFID)","UNITED NATIONS DEVELOPMENT PROGRAMME"],"donor_short":["DFID","UNDP"],"donor_type":["NON_PROGRAMME COUNTRY","MULTI-LATERAL AGENCY"],"donor_type_id":["NON_PROGCTY","MULTI_AGY"],"expenditure":[4325555.27,21611207.98,19035938.63,12780241.6],"fiscal_year":["2013","2012","2011","2010"],"focus_area":"1","focus_area_descr":"Poverty reduction & MDG achievement","gender_descr":"Principal Objective","gender_id":"GEN3","output_descr":"Urban Partnerships for Poverty Reduction (UPPR)","output_id":"58224","output_title":"Urban Partnerships for Poverty"}],"project_descr":"LOCAL PARTNERSHIP FOR URBAN POVERTY ALLEVIATION","project_id":"11492","project_title":"URBAN POVERTY ALLEVIATION","region_id":"RBAP","region_name":"Reg Bureau for Asia & Pacific","start":"1999-05-01","subnational":[{"lat":"24","lon":"90","precision":"9","scope":"4","type":"2"},{"lat":"24","lon":"90","precision":"9","scope":"4","type":"2"}]}