{"document_name":[],"end":"2013-09-3","fiscal_year":["2011","2010","2012","2013"],"inst_descr":"","inst_id":" ","inst_type_descr":"","inst_type_id":"","operating_unit":"Bangladesh","operating_unit_id":"BGD","outputs":[{"award_id":"11503","budget":[14837391.0,10756489.0,5618081.0],"crs":"15110","crs_descr":"Economic and development policy/planning","donor_budget":[3369137.33,27842822.67,1.0],"donor_country":["MULTI-LATERAL AGENCY","MULTI-LATERAL AGENCY","Canada"],"donor_country_id":["MULTI_AGY","MULTI_AGY","CAN"],"donor_expend":[1580062.72,15512101.979999999,479082.53],"donor_id":["12","10159","550"],"donor_name":["UNITED NATIONS DEVELOPMENT PROGRAMME","EUROPEAN COMMISSION","CANADIAN INTERNATIONAL DEVELOPMENT AGENC"],"donor_short":["UNDP","EUCOMM","CIDA"],"donor_type":["MULTI-LATERAL AGENCY","MULTI-LATERAL AGENCY","NON_PROGRAMME COUNTRY"],"donor_type_id":["MULTI_AGY","MULTI_AGY","NON_PROGCTY"],"expenditure":[3572215.96,8204600.5,5794590.56],"fiscal_year":["2013","2012","2011"],"focus_area":"1","focus_area_descr":"Poverty reduction & MDG achievement","gender_descr":"Principal Objective","gender_id":"GEN3","output_descr":"Supporting local development in the Chittagong Hill Tracts (CHT), a south eastern part of Bangladesh.","output_id":"80119","output_title":"Supporting Local Dev. in CHT"},{"award_id":"11503","budget":[0.0,0],"crs":"73010","crs_descr":"Reconstruction relief and rehabilitation","donor_budget":[0.0,0.0,0.0],"donor_country":["Japan","Australia","Canada"],"donor_country_id":["JPN","AUS","CAN"],"donor_expend":[1226.92,141.47,-43863.83],"donor_id":["141","328","550"],"donor_name":["GOVERNMENT OF JAPAN","AUSTRALIA AG FOR INTNL DEV:UNCD","CANADIAN INTERNATIONAL DEVELOPMENT AGENC"],"donor_short":["JPN","AUSAID","CIDA"],"donor_type":["NON_PROGRAMME COUNTRY","NON_PROGRAMME COUNTRY","NON_PROGRAMME COUNTRY"],"donor_type_id":["NON_PROGCTY","NON_PROGCTY","NON_PROGCTY"],"expenditure":[-42495.44,-535.09],"fiscal_year":["2011","2010"],"focus_area":"3","focus_area_descr":"Crisis prevention & recovery","gender_descr":"Significant Objective","gender_id":"GEN2","output_descr":"Confidence Building activities initiated prior to project extension","output_id":"63960","output_title":"Confidence Building UNDP/CHTDF"},{"award_id":"11503","budget":[0.0,0],"crs":"73010","crs_descr":"Reconstruction relief and rehabilitation","donor_budget":[0.0],"donor_country":["MULTI-LATERAL AGENCY"],"donor_country_id":["MULTI_AGY"],"donor_expend":[-27.43],"donor_id":["10159"],"donor_name":["EUROPEAN COMMISSION"],"donor_short":["EUCOMM"],"donor_type":["MULTI-LATERAL AGENCY"],"donor_type_id":["MULTI_AGY"],"expenditure":[-27.43,303029.76],"fiscal_year":["2011","2010"],"focus_area":"3","focus_area_descr":"Crisis prevention & recovery","gender_descr":"Significant Objective","gender_id":"GEN2","output_descr":"Community Empowerment Process","output_id":"63959","output_title":"Community Empowerment Process"},{"award_id":"11503","budget":[1125396.0,1515540.0,9977931.0,0],"crs":"15110","crs_descr":"Economic and development policy/planning","donor_budget":[345986.0,3366753.0,1579603.1,7326524.9],"donor_country":["MULTI-LATERAL AGENCY","Denmark","Canada","MULTI-LATERAL AGENCY"],"donor_country_id":["MULTI_AGY","DNK","CAN","MULTI_AGY"],"donor_expend":[337211.69,3142723.5700000003,1227491.54,7281234.16],"donor_id":["12","95","550","10159"],"donor_name":["UNITED NATIONS DEVELOPMENT PROGRAMME","GOVERNMENT OF DENMARK","CANADIAN INTERNATIONAL DEVELOPMENT AGENC","EUROPEAN COMMISSION"],"donor_short":["UNDP","DEN","CIDA","EUCOMM"],"donor_type":["MULTI-LATERAL AGENCY","NON_PROGRAMME COUNTRY","NON_PROGRAMME COUNTRY","MULTI-LATERAL AGENCY"],"donor_type_id":["MULTI_AGY","NON_PROGCTY","NON_PROGCTY","MULTI_AGY"],"expenditure":[845358.36,1146504.74,9996797.86,5679623.43],"fiscal_year":["2013","2012","2011","2010"],"focus_area":"1","focus_area_descr":"Poverty reduction & MDG achievement","gender_descr":"Significant Objective","gender_id":"GEN2","output_descr":"Communities empowered, livelihood and access to economic opportunities improved in Chittagong Hill Tracts (CHT) in Bangladesh","output_id":"63955","output_title":"Community Empowerment Process"},{"award_id":"11503","budget":[0.0,0],"crs":"73010","crs_descr":"Reconstruction relief and rehabilitation","donor_budget":[0.0],"donor_country":["Canada"],"donor_country_id":["CAN"],"donor_expend":[-49.95],"donor_id":["550"],"donor_name":["CANADIAN INTERNATIONAL DEVELOPMENT AGENC"],"donor_short":["CIDA"],"donor_type":["NON_PROGRAMME COUNTRY"],"donor_type_id":["NON_PROGCTY"],"expenditure":[-49.95,81.41],"fiscal_year":["2011","2010"],"focus_area":"3","focus_area_descr":"Crisis prevention & recovery","gender_descr":"Significant Objective","gender_id":"GEN2","output_descr":"Pilot phase of Education in the CHT","output_id":"63954","output_title":"Education - UNDP/CHTDF"},{"award_id":"11503","budget":[3468563.0,3106601.24,5753909.0,0],"crs":"15110","crs_descr":"Economic and development policy/planning","donor_budget":[2784490.0,632268.53,8912314.71],"donor_country":["MULTI-LATERAL AGENCY","Canada","MULTI-LATERAL AGENCY"],"donor_country_id":["MULTI_AGY","CAN","MULTI_AGY"],"donor_expend":[2033349.07,810459.76,6950400.06],"donor_id":["12","550","10159"],"donor_name":["UNITED NATIONS DEVELOPMENT PROGRAMME","CANADIAN INTERNATIONAL DEVELOPMENT AGENC","EUROPEAN COMMISSION"],"donor_short":["UNDP","CIDA","EUCOMM"],"donor_type":["MULTI-LATERAL AGENCY","NON_PROGRAMME COUNTRY","MULTI-LATERAL AGENCY"],"donor_type_id":["MULTI_AGY","NON_PROGCTY","MULTI_AGY"],"expenditure":[630777.92,3140931.53,6022499.44,6552380.59],"fiscal_year":["2013","2012","2011","2010"],"focus_area":"1","focus_area_descr":"Poverty reduction & MDG achievement","gender_descr":"Significant Objective","gender_id":"GEN2","output_descr":"Access to Quality Health and Education Services improved in Chittagong Hill Tracts (CHT) in Bangladesh.","output_id":"63953","output_title":"Health & Education- UNDP/CHTDF"},{"award_id":"11503","budget":[331201.66,840182.0,0],"crs":"15110","crs_descr":"Economic and development policy/planning","donor_budget":[637609.0,34583.7,0.0,0.1,225091.07,274099.79],"donor_country":["MULTI-LATERAL AGENCY","Australia","Japan","Australia","Canada","MULTI-LATERAL AGENCY"],"donor_country_id":["MULTI_AGY","AUS","JPN","AUS","CAN","MULTI_AGY"],"donor_expend":[336033.35,24164.65,43863.83,3049.73,282674.46,858639.8],"donor_id":["12","55","141","328","550","10159"],"donor_name":["UNITED NATIONS DEVELOPMENT PROGRAMME","GOVERNMENT OF AUSTRALIA","GOVERNMENT OF JAPAN","AUSTRALIA AG FOR INTNL DEV:UNCD","CANADIAN INTERNATIONAL DEVELOPMENT AGENC","EUROPEAN COMMISSION"],"donor_short":["UNDP","AUL","JPN","AUSAID","CIDA","EUCOMM"],"donor_type":["MULTI-LATERAL AGENCY","NON_PROGRAMME COUNTRY","NON_PROGRAMME COUNTRY","NON_PROGRAMME COUNTRY","NON_PROGRAMME COUNTRY","MULTI-LATERAL AGENCY"],"donor_type_id":["MULTI_AGY","NON_PROGCTY","NON_PROGCTY","NON_PROGCTY","NON_PROGCTY","MULTI_AGY"],"expenditure":[76873.02,1471552.8,3519435.06],"fiscal_year":["2012","2011","2010"],"focus_area":"1","focus_area_descr":"Poverty reduction & MDG achievement","gender_descr":"Significant Objective","gender_id":"GEN2","output_descr":"Building the capacity of CHT institution and promotion of confidence building","output_id":"63952","output_title":"Build Capacity CHT Institution"},{"award_id":"11503","budget":[1.1,809895.0,0],"crs":"15110","crs_descr":"Economic and development policy/planning","donor_budget":[374422.0,0.0,17802.0,0.0,0.0,0.0,0.0,0.0,254719.1,162953.0],"donor_country":["MULTI-LATERAL AGENCY","Australia","Denmark","Japan","Norway","United States of America","MULTI-LATERAL AGENCY","Australia","Canada","MULTI-LATERAL AGENCY"],"donor_country_id":["MULTI_AGY","AUS","DNK","JPN","NOR","USA","MULTI_AGY","AUS","CAN","MULTI_AGY"],"donor_expend":[-103330.4,-2709.01,5068.4,89929.92,-4457.25,500000.0,-30370.72,-3064.75,31067.670000000013,-793033.34],"donor_id":["12","55","95","141","187","253","280","328","550","10159"],"donor_name":["UNITED NATIONS DEVELOPMENT PROGRAMME","GOVERNMENT OF AUSTRALIA","GOVERNMENT OF DENMARK","GOVERNMENT OF JAPAN","GOVERNMENT OF NORWAY","GOVERNMENT OF UNITED STATES OF AMERICA","EUROPEAN UNION","AUSTRALIA AG FOR INTNL DEV:UNCD","CANADIAN INTERNATIONAL DEVELOPMENT AGENC","EUROPEAN COMMISSION"],"donor_short":["UNDP","AUL","DEN","JPN","NOR","USA","EU","AUSAID","CIDA","EUCOMM"],"donor_type":["MULTI-LATERAL AGENCY","NON_PROGRAMME COUNTRY","NON_PROGRAMME COUNTRY","NON_PROGRAMME COUNTRY","NON_PROGRAMME COUNTRY","NON_PROGRAMME COUNTRY","MULTI-LATERAL AGENCY","NON_PROGRAMME COUNTRY","NON_PROGRAMME COUNTRY","MULTI-LATERAL AGENCY"],"donor_type_id":["MULTI_AGY","NON_PROGCTY","NON_PROGCTY","NON_PROGCTY","NON_PROGCTY","NON_PROGCTY","MULTI_AGY","NON_PROGCTY","NON_PROGCTY","MULTI_AGY"],"expenditure":[-477231.2,164133.72,2835292.8],"fiscal_year":["2012","2011","2010"],"focus_area":"1","focus_area_descr":"Poverty reduction & MDG achievement","gender_descr":"No Contribution","gender_id":"GEN0","output_descr":"Operational Support to ensure efficient programme delivery","output_id":"11503","output_title":"CHTDF Programme Support"}],"project_descr":"Development and Confidence Building in the Chittagong Hill Tracts (CHT)","project_id":"11503","project_title":"Devt & Confidence Bldg in CHT","region_id":"RBAP","region_name":"Reg Bureau for Asia & Pacific","start":"2003-01-01","subnational":[{"lat":"22.63333","lon":"92.2","precision":"3","scope":"2","type":"2"},{"lat":"22.63333","lon":"92.2","precision":"3","scope":"2","type":"2"},{"lat":"22.63333","lon":"92.2","precision":"3","scope":"2","type":"2"},{"lat":"22.63333","lon":"92.2","precision":"3","scope":"2","type":"2"},{"lat":"22.63333","lon":"92.2","precision":"3","scope":"2","type":"2"},{"lat":"22.63333","lon":"92.2","precision":"3","scope":"2","type":"2"},{"lat":"22.63333","lon":"92.2","precision":"3","scope":"2","type":"2"},{"lat":"22.63333","lon":"92.2","precision":"3","scope":"2","type":"2"},{"lat":"22.63333","lon":"92.2","precision":"3","scope":"2","type":"2"},{"lat":"22.63333","lon":"92.2","precision":"3","scope":"2","type":"2"},{"lat":"22.63333","lon":"92.2","precision":"3","scope":"2","type":"2"},{"lat":"22.63333","lon":"92.2","precision":"3","scope":"2","type":"2"},{"lat":"22.63333","lon":"92.2","precision":"3","scope":"2","type":"2"},{"lat":"22.63333","lon":"92.2","precision":"3","scope":"2","type":"2"},{"lat":"22.63333","lon":"92.2","precision":"3","scope":"2","type":"2"}]}