{"document_name":[],"end":"2011-12-31","fiscal_year":["2011","2010","2012"],"inst_descr":"","inst_id":" ","inst_type_descr":"","inst_type_id":"","operating_unit":"Bangladesh","operating_unit_id":"BGD","outputs":[{"award_id":"11500","budget":[0.0,24440.0,0],"crs":"99810","crs_descr":"Sectors Not Specified","donor_budget":[24440.0,0.0,0.0,0.0,0.0],"donor_country":["MULTI-LATERAL AGENCY","Norway","Switzerland","United Kingdom","Sweden"],"donor_country_id":["MULTI_AGY","NOR","CHE","GBR","SWE"],"donor_expend":[90833.12,-648.22,-512.43,-70576.0,-1586.83],"donor_id":["12","187","232","551","555"],"donor_name":["UNITED NATIONS DEVELOPMENT PROGRAMME","GOVERNMENT OF NORWAY","GOVERNMENT OF SWITZERLAND","DEPARTMENT FOR INT'L DEVELOPMENT (DFID)","SWEDISH INT'L DEVELOPMENT COOPERATION"],"donor_short":["UNDP","NOR","SWI","DFID","SIDA"],"donor_type":["MULTI-LATERAL AGENCY","NON_PROGRAMME COUNTRY","NON_PROGRAMME COUNTRY","NON_PROGRAMME COUNTRY","NON_PROGRAMME COUNTRY"],"donor_type_id":["MULTI_AGY","NON_PROGCTY","NON_PROGCTY","NON_PROGCTY","NON_PROGCTY"],"expenditure":[0.0,17509.64,3244671.73],"fiscal_year":["2012","2011","2010"],"focus_area":"-","focus_area_descr":"-","gender_descr":"Significant Objective","gender_id":"GEN2","output_descr":"National response to disaster emergency complemented in a coordinated effective, efficient and timely manner","output_id":"60069","output_title":"Disaster Response Facility-DRF"},{"award_id":"11500","budget":[146919.62,0.0,0],"crs":"99810","crs_descr":"Sectors Not Specified","donor_budget":[94798.19,1.0,51244.55,875.88],"donor_country":["United Kingdom","MULTI-LATERAL AGENCY","MULTI-LATERAL AGENCY","Australia"],"donor_country_id":["GBR","MULTI_AGY","MULTI_AGY","AUS"],"donor_expend":[140359.93,-8656.279999999999,23418.12,875.88],"donor_id":["551","10159","12","328"],"donor_name":["DEPARTMENT FOR INT'L DEVELOPMENT (DFID)","EUROPEAN COMMISSION","UNITED NATIONS DEVELOPMENT PROGRAMME","AUSTRALI AG FOR INTNL DEV:UNCD"],"donor_short":["DFID","EUCOMM","UNDP","AUSAID"],"donor_type":["NON_PROGRAMME COUNTRY","MULTI-LATERAL AGENCY","MULTI-LATERAL AGENCY","NON_PROGRAMME COUNTRY"],"donor_type_id":["NON_PROGCTY","MULTI_AGY","MULTI_AGY","NON_PROGCTY"],"expenditure":[0.0,155997.65,152339.2],"fiscal_year":["2012","2011","2010"],"focus_area":"-","focus_area_descr":"-","gender_descr":"Significant Objective","gender_id":"GEN2","output_descr":"Comprehensive Disaster Management Programme.","output_id":"42248","output_title":"Comprehensive Disaster Mgt. Pr"}],"project_descr":"Comprehensive Disaster Management Programme (CDMP) - Phase I","project_id":"11500","project_title":"Comprehensive Disaster Management Programme (CDMP)","region_id":"RBAP","region_name":"Reg Bureau for Asia & Pacific","start":"2003-01-01","subnational":[{"lat":"24.8118","lon":"88.94657","precision":"3","scope":"4","type":"2"},{"lat":"24.8118","lon":"88.94657","precision":"3","scope":"4","type":"2"},{"lat":"24.8118","lon":"88.94657","precision":"3","scope":"4","type":"2"},{"lat":"24.8118","lon":"88.94657","precision":"3","scope":"4","type":"2"},{"lat":"24.8118","lon":"88.94657","precision":"3","scope":"4","type":"2"},{"lat":"24.8118","lon":"88.94657","precision":"3","scope":"4","type":"2"},{"lat":"24.8118","lon":"88.94657","precision":"3","scope":"4","type":"2"},{"lat":"24.8118","lon":"88.94657","precision":"3","scope":"4","type":"2"},{"lat":"24.8118","lon":"88.94657","precision":"3","scope":"4","type":"2"},{"lat":"24.8118","lon":"88.94657","precision":"3","scope":"4","type":"2"},{"lat":"24.8118","lon":"88.94657","precision":"3","scope":"4","type":"2"},{"lat":"24.8118","lon":"88.94657","precision":"3","scope":"4","type":"2"},{"lat":"24.8118","lon":"88.94657","precision":"3","scope":"4","type":"2"},{"lat":"24.8118","lon":"88.94657","precision":"3","scope":"4","type":"2"},{"lat":"24.8118","lon":"88.94657","precision":"3","scope":"4","type":"2"},{"lat":"24.8118","lon":"88.94657","precision":"3","scope":"4","type":"2"},{"lat":"24.8118","lon":"88.94657","precision":"3","scope":"4","type":"2"},{"lat":"24.8118","lon":"88.94657","precision":"3","scope":"4","type":"2"}]}