{"document_name":[],"end":"2012-12-31","fiscal_year":["2012"],"inst_descr":"","inst_id":" ","inst_type_descr":"","inst_type_id":"","operating_unit":"Burkina Faso","operating_unit_id":"BFA","outputs":[{"award_id":"11552","budget":[32190.0],"crs":"41010","crs_descr":"Environmental policy and administrative management","donor_budget":[32189.0,1.0],"donor_country":["MULTI-LATERAL AGENCY","MULTI-LATERAL AGENCY"],"donor_country_id":["MULTI_AGY","MULTI_AGY"],"donor_expend":[32188.77,-32188.77],"donor_id":["12","10003"],"donor_name":["UNITED NATIONS DEVELOPMENT PROGRAMME","GEFTrustee"],"donor_short":["UNDP","GEFTrustee"],"donor_type":["MULTI-LATERAL AGENCY","MULTI-LATERAL AGENCY"],"donor_type_id":["MULTI_AGY","MULTI_AGY"],"expenditure":[0.0],"fiscal_year":["2012"],"focus_area":"4","focus_area_descr":"Environment & sustainable development","gender_descr":"Some Contribution","gender_id":"GEN1","output_descr":"\"BURKINA FASO'S NATIONAL BIODIVERSITY STRATEGY AND ACTION PLAN, AND COUNTRY REPORT TO THE CONFERENCE OF PARTIES\"","output_id":"11552","output_title":"PIMS 283 NAT'L BIOD'Y STRAGEGY"}],"project_descr":"BURKINA FASO'S NATIONAL BIODIVERSITY STRATEGY AND ACTION PLAN, AND COUNTRY REPORT TO THE CONFERENCE OF PARTIES","project_id":"11552","project_title":"PIMS 283 NAT'L BIOD'Y STRATEGY","region_id":"RBA","region_name":"Reg Bureau for Africa","start":"1997-02-01","subnational":[]}