{"document_name":[],"end":"2012-12-31","fiscal_year":["2012"],"inst_descr":"","inst_id":" ","inst_type_descr":"","inst_type_id":"","operating_unit":"Burkina Faso","operating_unit_id":"BFA","outputs":[{"award_id":"11556","budget":[61223.06],"crs":"41010","crs_descr":"Environmental policy and administrative management","donor_budget":[61222.06,1.0],"donor_country":["MULTI-LATERAL AGENCY","MULTI-LATERAL AGENCY"],"donor_country_id":["MULTI_AGY","MULTI_AGY"],"donor_expend":[61222.06,-61222.06],"donor_id":["12","10003"],"donor_name":["UNITED NATIONS DEVELOPMENT PROGRAMME","GEFTrustee"],"donor_short":["UNDP","GEFTrustee"],"donor_type":["MULTI-LATERAL AGENCY","MULTI-LATERAL AGENCY"],"donor_type_id":["MULTI_AGY","MULTI_AGY"],"expenditure":[0.0],"fiscal_year":["2012"],"focus_area":"4","focus_area_descr":"Environment & sustainable development","gender_descr":"Some Contribution","gender_id":"GEN1","output_descr":"RENFORCEMENT DES CAPACITES NATIONALES EN GESTION ENVIRONMENTALE POUR UN DEVELOPMENT DURABLE.","output_id":"11556","output_title":"RENFORCEMENT DES CAPACITES NAT"}],"project_descr":"RENFORCEMENT DES CAPACITES NATIONALES EN GESTION ENVIRONMENTALE POUR UN DEVELOPMENT DURABLE.","project_id":"11556","project_title":"RENFORCEMENT DES CAPACITES NATIONALES","region_id":"RBA","region_name":"Reg Bureau for Africa","start":"1997-05-01","subnational":[]}