{"document_name":[],"end":"2011-12-31","fiscal_year":["2011","2010","2012"],"inst_descr":"","inst_id":" ","inst_type_descr":"","inst_type_id":"","operating_unit":"Burkina Faso","operating_unit_id":"BFA","outputs":[{"award_id":"11565","budget":[0.0,248644.84,0],"crs":"13040","crs_descr":"STD control including HIV/AIDS","donor_budget":[248644.84],"donor_country":["MULTI-LATERAL AGENCY"],"donor_country_id":["MULTI_AGY"],"donor_expend":[241155.28],"donor_id":["12"],"donor_name":["UNITED NATIONS DEVELOPMENT PROGRAMME"],"donor_short":["UNDP"],"donor_type":["MULTI-LATERAL AGENCY"],"donor_type_id":["MULTI_AGY"],"expenditure":[-0.01,241155.29,730106.74],"fiscal_year":["2012","2011","2010"],"focus_area":"1","focus_area_descr":"Poverty reduction & MDG achievement","gender_descr":"Some Contribution","gender_id":"GEN1","output_descr":"Les capacit\u00e9s de la structure centrale et des structures  de coordination et de suivi d\u00e9centralis\u00e9es sont renforc\u00e9es, une strat\u00e9gie de mobilisation de ressources existe et le panier commun est appuy\u00e9.","output_id":"11565","output_title":"Appui  Institutionnel"}],"project_descr":"Projet d'appui institutionnel au programme national de luttre contrre le SIDA","project_id":"11565","project_title":"Appui Institutionnel Progr National de Lutte contre Sida","region_id":"RBA","region_name":"Reg Bureau for Africa","start":"1999-01-01","subnational":[{"lat":"13","lon":"-2","precision":"9","scope":"4","type":"1"}]}