{"document_name":[],"end":"2012-12-31","fiscal_year":["2012"],"inst_descr":"","inst_id":" ","inst_type_descr":"","inst_type_id":"","operating_unit":"Burkina Faso","operating_unit_id":"BFA","outputs":[{"award_id":"11568","budget":[9111.0],"crs":"41010","crs_descr":"Environmental policy and administrative management","donor_budget":[9110.0,1.0],"donor_country":["MULTI-LATERAL AGENCY","MULTI-LATERAL AGENCY"],"donor_country_id":["MULTI_AGY","MULTI_AGY"],"donor_expend":[9109.96,-9109.96],"donor_id":["12","10003"],"donor_name":["UNITED NATIONS DEVELOPMENT PROGRAMME","GEFTrustee"],"donor_short":["UNDP","GEFTrustee"],"donor_type":["MULTI-LATERAL AGENCY","MULTI-LATERAL AGENCY"],"donor_type_id":["MULTI_AGY","MULTI_AGY"],"expenditure":[0.0],"fiscal_year":["2012"],"focus_area":"4","focus_area_descr":"Environment & sustainable development","gender_descr":"Some Contribution","gender_id":"GEN1","output_descr":"INTEGRATION DE LA DIVERSITE BIOLOGIQUE DANS LES SYSTEMES D'ELEVAGE DE LA FAUNE SAUVAGE.","output_id":"11568","output_title":"ELEVAGE DE LA FAUNE SAUVAGE EN"}],"project_descr":"INTEGRATION DE LA DIVERSITE BIOLOGIQUE DANS LES SYSTEMES D'ELEVAGE DE LA FAUNE SAUVAGE.","project_id":"11568","project_title":"ELEVAGE DE LA FAUNE SAUVAGE EN ZONE SEMI-ARID","region_id":"RBA","region_name":"Reg Bureau for Africa","start":"2001-01-01","subnational":[]}