{"document_name":[],"end":"2011-12-31","fiscal_year":["2011","2010"],"inst_descr":"","inst_id":" ","inst_type_descr":"","inst_type_id":"","operating_unit":"Burkina Faso","operating_unit_id":"BFA","outputs":[{"award_id":"11578","budget":[588263.41,0],"crs":"13040","crs_descr":"STD control including HIV/AIDS","donor_budget":[588263.41],"donor_country":["MULTI-LATERAL AGENCY"],"donor_country_id":["MULTI_AGY"],"donor_expend":[611952.96],"donor_id":["12"],"donor_name":["UNITED NATIONS DEVELOPMENT PROGRAMME"],"donor_short":["UNDP"],"donor_type":["MULTI-LATERAL AGENCY"],"donor_type_id":["MULTI_AGY"],"expenditure":[611952.96,797802.8],"fiscal_year":["2011","2010"],"focus_area":"1","focus_area_descr":"Poverty reduction & MDG achievement","gender_descr":"Significant Objective","gender_id":"GEN2","output_descr":"Programme d'Appui au Monde Associatif et Communautaire","output_id":"11578","output_title":"Appui au Monde Associatif"}],"project_descr":"Programme d'Appui au Monde Associatif et Communautaire (PAMAC)","project_id":"11578","project_title":"Appui au  Monde Associatif et Communautaire","region_id":"RBA","region_name":"Reg Bureau for Africa","start":"2003-04-01","subnational":[{"lat":"13","lon":"-2","precision":"9","scope":"4","type":"1"}]}