{"document_name":[],"end":"2012-12-31","fiscal_year":["2012"],"inst_descr":"","inst_id":" ","inst_type_descr":"","inst_type_id":"","operating_unit":"Burkina Faso","operating_unit_id":"BFA","outputs":[{"award_id":"11577","budget":[995.28],"crs":"41010","crs_descr":"Environmental policy and administrative management","donor_budget":[994.28,1.0],"donor_country":["MULTI-LATERAL AGENCY","MULTI-LATERAL AGENCY"],"donor_country_id":["MULTI_AGY","MULTI_AGY"],"donor_expend":[994.28,-994.28],"donor_id":["12","10003"],"donor_name":["UNITED NATIONS DEVELOPMENT PROGRAMME","GEFTrustee"],"donor_short":["UNDP","GEFTrustee"],"donor_type":["MULTI-LATERAL AGENCY","MULTI-LATERAL AGENCY"],"donor_type_id":["MULTI_AGY","MULTI_AGY"],"expenditure":[0.0],"fiscal_year":["2012"],"focus_area":"4","focus_area_descr":"Environment & sustainable development","gender_descr":"No Contribution","gender_id":"GEN0","output_descr":"Elaboration du Plan National de Mise en Ouevre sur les POPs pour le Burkina Faso (PNM)","output_id":"11577","output_title":"Plan National mise en oeuvre P"}],"project_descr":"Elaboration du Plan National de Mise en Ouevre sur les POPs pour le Burkina Faso (PNM)","project_id":"11577","project_title":"Plan National mise en oeuvre POP","region_id":"RBA","region_name":"Reg Bureau for Africa","start":"2003-05-25","subnational":[]}