{"document_name":[],"end":"2012-12-31","fiscal_year":["2012"],"inst_descr":"","inst_id":" ","inst_type_descr":"","inst_type_id":"","operating_unit":"Burkina Faso","operating_unit_id":"BFA","outputs":[{"award_id":"11575","budget":[2523.0],"crs":"41010","crs_descr":"Environmental policy and administrative management","donor_budget":[2522.0,1.0],"donor_country":["MULTI-LATERAL AGENCY","MULTI-LATERAL AGENCY"],"donor_country_id":["MULTI_AGY","MULTI_AGY"],"donor_expend":[2521.9,-2521.9],"donor_id":["12","10003"],"donor_name":["UNITED NATIONS DEVELOPMENT PROGRAMME","GEFTrustee"],"donor_short":["UNDP","GEFTrustee"],"donor_type":["MULTI-LATERAL AGENCY","MULTI-LATERAL AGENCY"],"donor_type_id":["MULTI_AGY","MULTI_AGY"],"expenditure":[0.0],"fiscal_year":["2012"],"focus_area":"4","focus_area_descr":"Environment & sustainable development","gender_descr":"No Contribution","gender_id":"GEN0","output_descr":"R\u00e9forme et d\u00e9veloppement du secteur de l'\u00e9nergie au Burkina faso","output_id":"11575","output_title":"R\u00e9forme secteur  Energie"}],"project_descr":"R\u00e9forme et d\u00e9veloppement du secteur de l'\u00e9nergie au Burkina faso","project_id":"11575","project_title":"R\u00e9forme secteur  Energie","region_id":"RBA","region_name":"Reg Bureau for Africa","start":"2003-04-3","subnational":[]}