{"document_name":[],"end":"2012-12-31","fiscal_year":["2012"],"inst_descr":"Viceministerio de Tesoro y Cr\u00e9","inst_id":"405","inst_type_descr":"Gov Counterpart Institution","inst_type_id":"GOV","operating_unit":"Bolivia","operating_unit_id":"BOL","outputs":[{"award_id":"11597","budget":[839.83],"crs":"99810","crs_descr":"Sectors Not Specified","donor_budget":[839.83],"donor_country":["Bolivia"],"donor_country_id":["BOL"],"donor_expend":[839.83],"donor_id":["1836"],"donor_name":["BOL-VICEMINISTERIO DE TESORO Y"],"donor_short":["VTCP"],"donor_type":["PROGRAMME COUNTRY"],"donor_type_id":["PROGCTY"],"expenditure":[839.83],"fiscal_year":["2012"],"focus_area":"-","focus_area_descr":"-","gender_descr":"No Contribution","gender_id":"GEN0","output_descr":"Fortalecimiento Institucional del Viceministerio del Tesoro y Cr\u00e9dito P\u00fablico","output_id":"11597","output_title":"Fort.Inst. Vic.Tesoro Cred.Pub"}],"project_descr":"Fortalecimiento Institucional del Viceministerio del Tesoro y Cr\u00e9dito P\u00fablico","project_id":"11597","project_title":"Fort. Inst. Vicem.Tesoro y Cr\u00e9dito P\u00fablico","region_id":"RBLAC","region_name":"Reg Bur Latin Amer & Carib","start":"2001-03-2","subnational":[]}