{"document_name":[],"end":"2011-12-31","fiscal_year":["2011","2010"],"inst_descr":"Defensor del Pueblo","inst_id":"344","inst_type_descr":"Gov Counterpart Institution","inst_type_id":"GOV","operating_unit":"Bolivia","operating_unit_id":"BOL","outputs":[{"award_id":"11609","budget":[101500.0,0],"crs":"15140","crs_descr":"Government administration","donor_budget":[101500.0],"donor_country":["MULTI-LATERAL AGENCY"],"donor_country_id":["MULTI_AGY"],"donor_expend":[101586.69],"donor_id":["12"],"donor_name":["UNITED NATIONS DEVELOPMENT PROGRAMME"],"donor_short":["UNDP"],"donor_type":["MULTI-LATERAL AGENCY"],"donor_type_id":["MULTI_AGY"],"expenditure":[101586.69,98847.47],"fiscal_year":["2011","2010"],"focus_area":"2","focus_area_descr":"Democratic governance","gender_descr":"Some Contribution","gender_id":"GEN1","output_descr":"Programa de Fortalecimiento al Defensor del Pueblo","output_id":"11609","output_title":"Defensor del Pueblo Bolivia"}],"project_descr":"Programa de Fortalecimiento al Defensor del Pueblo","project_id":"11609","project_title":"Programa Fortalecimiento Defensor Pueblo","region_id":"RBLAC","region_name":"Reg Bur Latin Amer & Carib","start":"2002-12-01","subnational":[{"lat":"-17","lon":"-65","precision":"9","scope":"4","type":"1"}]}