{"document_name":[],"end":"2012-12-31","fiscal_year":["2011","2010"],"inst_descr":"","inst_id":" ","inst_type_descr":"","inst_type_id":"","operating_unit":"Botswana","operating_unit_id":"BWA","outputs":[{"award_id":"11627","budget":[0.0,0],"crs":"99810","crs_descr":"Sectors Not Specified","donor_budget":[0.0],"donor_country":["MULTI-LATERAL AGENCY"],"donor_country_id":["MULTI_AGY"],"donor_expend":[-886.33],"donor_id":["10003"],"donor_name":["Global Environment Fund Trustee"],"donor_short":["GEFTrustee"],"donor_type":["MULTI-LATERAL AGENCY"],"donor_type_id":["MULTI_AGY"],"expenditure":[-886.33,0.0],"fiscal_year":["2011","2010"],"focus_area":"-","focus_area_descr":"-","gender_descr":"No Contribution","gender_id":"GEN0","output_descr":"PIMS 942 FSP:IVP:\r\nMANAGEMENT OF INDIGENOUS VEGETATION FOR THE REHABILITATION OF DEGRADED RANGELANDS IN THE ARID ZONE OF AFRICA","output_id":"11627","output_title":"Indigenous Vegetation Project"}],"project_descr":"PIMS 942 BD FSP: Management of Indigenous Vegetation for the Rehabilitation of Degraded Rangelands in the Arid Zone of Africa","project_id":"11627","project_title":"Management of Indigenous Vegetation","region_id":"RBA","region_name":"Reg Bureau for Africa","start":"2000-01-01","subnational":[{"lat":"-21.23","lon":"23.84","precision":"4","scope":"3","type":"2"},{"lat":"-21.23","lon":"23.84","precision":"4","scope":"3","type":"2"},{"lat":"-21.23","lon":"23.84","precision":"4","scope":"3","type":"2"}]}