{"document_name":[],"end":"2011-12-31","fiscal_year":["2011","2010","2012"],"inst_descr":"","inst_id":" ","inst_type_descr":"","inst_type_id":"","operating_unit":"Botswana","operating_unit_id":"BWA","outputs":[{"award_id":"11626","budget":[0.0,9771.0,0],"crs":"41010","crs_descr":"Environmental policy and administrative management","donor_budget":[9771.0],"donor_country":["MULTI-LATERAL AGENCY"],"donor_country_id":["MULTI_AGY"],"donor_expend":[45.1],"donor_id":["12"],"donor_name":["UNITED NATIONS DEVELOPMENT PROGRAMME"],"donor_short":["UNDP"],"donor_type":["MULTI-LATERAL AGENCY"],"donor_type_id":["MULTI_AGY"],"expenditure":[0.01,45.09,-377.49],"fiscal_year":["2012","2011","2010"],"focus_area":"4","focus_area_descr":"Environment & sustainable development","gender_descr":"Some Contribution","gender_id":"GEN1","output_descr":"SUPPORT TO THE ENVIRONMENT PROGRAMME","output_id":"11626","output_title":"ENVIRONMENT PROGRAMME"}],"project_descr":"SUPPORT TO THE ENVIRONMENT PROGRAMME","project_id":"11626","project_title":"ENVIRONMENT PROGRAMME","region_id":"RBA","region_name":"Reg Bureau for Africa","start":"1997-03-01","subnational":[{"lat":"-23.78","lon":"23.82","precision":"3","scope":"1","type":"2"},{"lat":"-23.78","lon":"23.82","precision":"3","scope":"1","type":"2"},{"lat":"-23.78","lon":"23.82","precision":"3","scope":"1","type":"2"},{"lat":"-23.78","lon":"23.82","precision":"3","scope":"1","type":"2"},{"lat":"-23.78","lon":"23.82","precision":"3","scope":"1","type":"2"},{"lat":"-23.78","lon":"23.82","precision":"3","scope":"1","type":"2"},{"lat":"-23.78","lon":"23.82","precision":"3","scope":"1","type":"2"},{"lat":"-23.78","lon":"23.82","precision":"3","scope":"1","type":"2"},{"lat":"-23.78","lon":"23.82","precision":"3","scope":"1","type":"2"},{"lat":"-23.78","lon":"23.82","precision":"3","scope":"1","type":"2"}]}