{"document_name":[],"end":"2010-12-31","fiscal_year":["2012"],"inst_descr":"","inst_id":" ","inst_type_descr":"","inst_type_id":"","operating_unit":"Botswana","operating_unit_id":"BWA","outputs":[{"award_id":"11625","budget":[0.0,0],"crs":"99810","crs_descr":"Sectors Not Specified","donor_budget":[0.0],"donor_country":["MULTI-LATERAL AGENCY"],"donor_country_id":["MULTI_AGY"],"donor_expend":[0.0],"donor_id":["12"],"donor_name":["UNITED NATIONS DEVELOPMENT PROGRAMME"],"donor_short":["UNDP"],"donor_type":["MULTI-LATERAL AGENCY"],"donor_type_id":["MULTI_AGY"],"expenditure":[0.0,4328.54],"fiscal_year":["2012","2010"],"focus_area":"-","focus_area_descr":"-","gender_descr":"-","gender_id":"-","output_descr":"SUPPORT TO THE NATIONAL AIDS PROGRAMME","output_id":"11625","output_title":"HIV/AIDS"}],"project_descr":"SUPPORT TO THE NATIONAL AIDS PROGRAMME","project_id":"11625","project_title":"HIV/AIDS","region_id":"RBA","region_name":"Reg Bureau for Africa","start":"1997-03-03","subnational":[]}