{"document_name":[],"end":"2012-12-31","fiscal_year":["2011","2010","2012"],"inst_descr":"","inst_id":" ","inst_type_descr":"","inst_type_id":"","operating_unit":"Botswana","operating_unit_id":"BWA","outputs":[{"award_id":"11633","budget":[46944.56,0],"crs":"13040","crs_descr":"STD control including HIV/AIDS","donor_budget":[5163.9,41780.66],"donor_country":["MULTI-LATERAL AGENCY","Botswana"],"donor_country_id":["MULTI_AGY","BWA"],"donor_expend":[0.0,-18916.43],"donor_id":["12","70"],"donor_name":["UNITED NATIONS DEVELOPMENT PROGRAMME","GOVERNMENT OF BOTSWANA"],"donor_short":["UNDP","BOT"],"donor_type":["MULTI-LATERAL AGENCY","PROGRAMME COUNTRY"],"donor_type_id":["MULTI_AGY","PROGCTY"],"expenditure":[-18916.43,157495.9],"fiscal_year":["2011","2010"],"focus_area":"1","focus_area_descr":"Poverty reduction & MDG achievement","gender_descr":"Some Contribution","gender_id":"GEN1","output_descr":"Operations and staffing","output_id":"55320","output_title":"Operations and staffing"},{"award_id":"11633","budget":[0.0],"crs":"99810","crs_descr":"Sectors Not Specified","donor_budget":[0.0],"donor_country":["Botswana"],"donor_country_id":["BWA"],"donor_expend":[-1116.7],"donor_id":["70"],"donor_name":["GOVERNMENT OF BOTSWANA"],"donor_short":["BOT"],"donor_type":["PROGRAMME COUNTRY"],"donor_type_id":["PROGCTY"],"expenditure":[-1116.7],"fiscal_year":["2011"],"focus_area":"-","focus_area_descr":"-","gender_descr":"-","gender_id":"-","output_descr":"HIV/AIDS, Human Rights and Gender","output_id":"55319","output_title":"HIV/AIDS, Human Rights, Gender"},{"award_id":"11633","budget":[72000.0,0],"crs":"13040","crs_descr":"STD control including HIV/AIDS","donor_budget":[72000.0],"donor_country":["Botswana"],"donor_country_id":["BWA"],"donor_expend":[-162.05],"donor_id":["70"],"donor_name":["GOVERNMENT OF BOTSWANA"],"donor_short":["BOT"],"donor_type":["PROGRAMME COUNTRY"],"donor_type_id":["PROGCTY"],"expenditure":[-162.05,238187.84],"fiscal_year":["2011","2010"],"focus_area":"1","focus_area_descr":"Poverty reduction & MDG achievement","gender_descr":"Significant Objective","gender_id":"GEN2","output_descr":"Governance of HIV and AIDS","output_id":"55318","output_title":"Governance of HIV and AIDS"},{"award_id":"11633","budget":[0.0,164593.36,0],"crs":"99810","crs_descr":"Sectors Not Specified","donor_budget":[0.0,164593.36],"donor_country":["MULTI-LATERAL AGENCY","Botswana"],"donor_country_id":["MULTI_AGY","BWA"],"donor_expend":[716.1,15832.039999999999],"donor_id":["12","70"],"donor_name":["UNITED NATIONS DEVELOPMENT PROGRAMME","GOVERNMENT OF BOTSWANA"],"donor_short":["UNDP","BOT"],"donor_type":["MULTI-LATERAL AGENCY","PROGRAMME COUNTRY"],"donor_type_id":["MULTI_AGY","PROGCTY"],"expenditure":[-198.08,16746.22,-495.48],"fiscal_year":["2012","2011","2010"],"focus_area":"-","focus_area_descr":"-","gender_descr":"Significant Objective","gender_id":"GEN2","output_descr":"STRENGTHNING CAPACITY FOR GENDER SENSITIVE MULTI-SECTORAL RESPONSE TO HIV AND AIDS IN BOTSWANA","output_id":"11633","output_title":"HIV AND AIDS"}],"project_descr":"STRENGTHNING CAPACITY FOR GENDER SENSITIVE MULTI-SECTORAL RESPONSE TO HIV AND AIDS IN BOTSWANA","project_id":"11633","project_title":"HIV AND AIDS","region_id":"RBA","region_name":"Reg Bureau for Africa","start":"2003-10-01","subnational":[{"lat":"-22","lon":"24","precision":"9","scope":"4","type":"1"},{"lat":"-22","lon":"24","precision":"9","scope":"4","type":"1"},{"lat":"-22","lon":"24","precision":"9","scope":"4","type":"1"},{"lat":"-22","lon":"24","precision":"9","scope":"4","type":"1"}]}