{"document_name":[],"end":"2011-12-31","fiscal_year":["2011"],"inst_descr":"","inst_id":" ","inst_type_descr":"","inst_type_id":"","operating_unit":"Brazil","operating_unit_id":"BRA","outputs":[{"award_id":"11638","budget":[211744.33],"crs":"15110","crs_descr":"Economic and development policy/planning","donor_budget":[211743.33,1.0],"donor_country":["Brazil","MULTI-LATERAL AGENCY"],"donor_country_id":["BRA","MULTI_AGY"],"donor_expend":[211743.23,-211743.23],"donor_id":["71","10003"],"donor_name":["GOVERNMENT OF BRAZIL","Global Environment Fund Trustee"],"donor_short":["BRA","GEFTrustee"],"donor_type":["PROGRAMME COUNTRY","MULTI-LATERAL AGENCY"],"donor_type_id":["PROGCTY","MULTI_AGY"],"expenditure":[0.0],"fiscal_year":["2011"],"focus_area":"1","focus_area_descr":"Poverty reduction & MDG achievement","gender_descr":"-","gender_id":"-","output_descr":"BRA/97/G31 - ESTRATEGIA NACIONAL DE DIVERSIDADE BIOL\u00d3GICA E RELAT\u00d3RIO NACIONAL","output_id":"11638","output_title":"BRA/97/G31 - E.A. BIODIVERSITY"}],"project_descr":"ESTRATEGIA NACIONAL DE DIVERSIDADE BIOL\u00d3GICA E RELAT\u00d3RIO NACIONAL","project_id":"11638","project_title":"BRA/97/G31 - E.A. BIODIVERSITY","region_id":"RBLAC","region_name":"Reg Bur Latin Amer & Carib","start":"1997-09-15","subnational":[{"lat":"-15.4647","lon":"47.5547","precision":"3","scope":"1","type":"1"}]}