{"document_name":[],"end":"2011-12-31","fiscal_year":["2011","2010"],"inst_descr":"","inst_id":" ","inst_type_descr":"","inst_type_id":"","operating_unit":"Botswana","operating_unit_id":"BWA","outputs":[{"award_id":"11630","budget":[67.0,0],"crs":"99810","crs_descr":"Sectors Not Specified","donor_budget":[67.0],"donor_country":["MULTI-LATERAL AGENCY"],"donor_country_id":["MULTI_AGY"],"donor_expend":[67.4],"donor_id":["302"],"donor_name":["UNFIP TURNER FOUNDATION"],"donor_short":["UNFIP"],"donor_type":["MULTI-LATERAL AGENCY"],"donor_type_id":["MULTI_AGY"],"expenditure":[67.4,-34.59],"fiscal_year":["2011","2010"],"focus_area":"-","focus_area_descr":"-","gender_descr":"Significant Objective","gender_id":"GEN2","output_descr":"TOWARDS IMPROVED REPRODUCTIVE HEALTH AND PROMOTION OF SAFER SEX AMONG YOUNG PEOPLE IN BOTSWANA","output_id":"11630","output_title":"REPORDUCTIVE HEALTH & PROMOTIO"}],"project_descr":"TOWARDS IMPROVED REPRODUCTIVE HEALTH AND PROMOTION OF SAFER SEX AMONG YOUNG PEOPLE IN BOTSWANA","project_id":"11630","project_title":"REPORDUCTIVE HEALTH & PROMOTION OF SAFER SEX","region_id":"RBA","region_name":"Reg Bureau for Africa","start":"2000-06-01","subnational":[{"lat":"-22","lon":"24","precision":"9","scope":"4","type":"1"}]}