{"document_name":[],"end":"2010-04-3","fiscal_year":["2011","2010"],"inst_descr":"","inst_id":" ","inst_type_descr":"","inst_type_id":"","operating_unit":"Brazil","operating_unit_id":"BRA","outputs":[{"award_id":"11647","budget":[0.0,0],"crs":"41010","crs_descr":"Environmental policy and administrative management","donor_budget":[0.0],"donor_country":["Brazil"],"donor_country_id":["BRA"],"donor_expend":[-385.14],"donor_id":["71"],"donor_name":["GOVERNMENT OF BRAZIL"],"donor_short":["BRA"],"donor_type":["PROGRAMME COUNTRY"],"donor_type_id":["PROGCTY"],"expenditure":[-385.14,318693.71],"fiscal_year":["2011","2010"],"focus_area":"4","focus_area_descr":"Environment & sustainable development","gender_descr":"No Contribution","gender_id":"GEN0","output_descr":"BRA/99/011 - NATIONAL PROGRAM FOR THE ENERGY DEVELOPMENT OF STATES AND MUNICIPALITIES - PRODEEM","output_id":"11647","output_title":"BRA/99/011 - PRODEEM"}],"project_descr":"NATIONAL PROGRAM FOR THE ENERGY DEVELOPMENT OF STATES AND MUNICIPALITIES - PRODEEM","project_id":"11647","project_title":"BRA/99/011 - PRODEEM","region_id":"RBLAC","region_name":"Reg Bur Latin Amer & Carib","start":"1999-07-01","subnational":[{"lat":"-10","lon":"55","precision":"9","scope":"4","type":"1"}]}