{"document_name":[],"end":"2012-09-3","fiscal_year":["2011","2010","2012"],"inst_descr":"","inst_id":" ","inst_type_descr":"","inst_type_id":"","operating_unit":"Brazil","operating_unit_id":"BRA","outputs":[{"award_id":"11651","budget":[0.0,0.0,0],"crs":"99810","crs_descr":"Sectors Not Specified","donor_budget":[0.0],"donor_country":["Brazil"],"donor_country_id":["BRA"],"donor_expend":[-3050.37],"donor_id":["71"],"donor_name":["GOVERNMENT OF BRAZIL"],"donor_short":["BRA"],"donor_type":["PROGRAMME COUNTRY"],"donor_type_id":["PROGCTY"],"expenditure":[-1441.91,-1608.46,76132.28],"fiscal_year":["2012","2011","2010"],"focus_area":"-","focus_area_descr":"-","gender_descr":"Some Contribution","gender_id":"GEN1","output_descr":"BRA/99/025 - PROGRAMA DE APOIO AO AGROEXTRATIVISMO DA AMAZ\u00d4NIA","output_id":"11651","output_title":"BRA/99/025-AGROEXT DA AMAZONIA"}],"project_descr":"PROGRAMA DE APOIO AO AGROEXTRATIVISMO DA AMAZ\u00d4NIA","project_id":"11651","project_title":"BRA/99/025-AGROEXTRATIVISMO DA AMAZONIA","region_id":"RBLAC","region_name":"Reg Bur Latin Amer & Carib","start":"1999-12-01","subnational":[{"lat":"-2.3","lon":"60","precision":"4","scope":"2","type":"2"}]}