{"document_name":[],"end":"2010-04-28","fiscal_year":["2012"],"inst_descr":"","inst_id":" ","inst_type_descr":"","inst_type_id":"","operating_unit":"Brazil","operating_unit_id":"BRA","outputs":[{"award_id":"11654","budget":[0.0,0],"crs":"99810","crs_descr":"Sectors Not Specified","donor_budget":[0.0,0.0],"donor_country":["MULTI-LATERAL AGENCY","Brazil"],"donor_country_id":["MULTI_AGY","BRA"],"donor_expend":[0.0,0.0],"donor_id":["15","71"],"donor_name":["WORLD BANK (INT'L. BANK FOR RECONSTRUCTI","GOVERNMENT OF BRAZIL"],"donor_short":["IBRD","BRA"],"donor_type":["MULTI-LATERAL AGENCY","PROGRAMME COUNTRY"],"donor_type_id":["MULTI_AGY","PROGCTY"],"expenditure":[0.0,169472.01],"fiscal_year":["2012","2010"],"focus_area":"-","focus_area_descr":"-","gender_descr":"No Contribution","gender_id":"GEN0","output_descr":"BRA/99/030 - PROGRAMA DE MODERNIZA\u00c7\u00c3O DO SETOR SANEAMENTO - PMSS II","output_id":"11654","output_title":"BRA/99/030 - PMSS II"}],"project_descr":"PROGRAMA DE MODERNIZA\u00c7\u00c3O DO SETOR SANEAMENTO - PMSS II","project_id":"11654","project_title":"BRA/99/030-PMSS II","region_id":"RBLAC","region_name":"Reg Bur Latin Amer & Carib","start":"2000-01-13","subnational":[]}