{"document_name":[],"end":"2009-11-3","fiscal_year":["2011","2010"],"inst_descr":"","inst_id":" ","inst_type_descr":"","inst_type_id":"","operating_unit":"Brazil","operating_unit_id":"BRA","outputs":[{"award_id":"11650","budget":[0.0,0],"crs":"41010","crs_descr":"Environmental policy and administrative management","donor_budget":[0.0],"donor_country":["Brazil"],"donor_country_id":["BRA"],"donor_expend":[-846.38],"donor_id":["71"],"donor_name":["GOVERNMENT OF BRAZIL"],"donor_short":["BRA"],"donor_type":["PROGRAMME COUNTRY"],"donor_type_id":["PROGCTY"],"expenditure":[-846.38,1465.69],"fiscal_year":["2011","2010"],"focus_area":"4","focus_area_descr":"Environment & sustainable development","gender_descr":"No Contribution","gender_id":"GEN0","output_descr":"BRA/99/024 - DESENVOLVIMENTO SUSTENT\u00c1VEL COM POPULA\u00c7\u00d5ES TRADICIONAIS","output_id":"11650","output_title":"BRA/99/024-Popula Tradicionais"}],"project_descr":"DESENVOLVIMENTO SUSTENT\u00c1VEL COM POPULA\u00c7\u00d5ES TRADICIONAIS","project_id":"11650","project_title":"BRA/99/024 Traditional Populations","region_id":"RBLAC","region_name":"Reg Bur Latin Amer & Carib","start":"1999-12-01","subnational":[{"lat":"-2.3","lon":"60","precision":"4","scope":"2","type":"2"}]}