{"document_name":[],"end":"2012-12-31","fiscal_year":["2011","2010","2012"],"inst_descr":"","inst_id":" ","inst_type_descr":"","inst_type_id":"","operating_unit":"Brazil","operating_unit_id":"BRA","outputs":[{"award_id":"11658","budget":[171571.24,71610.0,0],"crs":"99810","crs_descr":"Sectors Not Specified","donor_budget":[243181.24],"donor_country":["Brazil"],"donor_country_id":["BRA"],"donor_expend":[188433.15000000002],"donor_id":["71"],"donor_name":["GOVERNMENT OF BRAZIL"],"donor_short":["BRA"],"donor_type":["PROGRAMME COUNTRY"],"donor_type_id":["PROGCTY"],"expenditure":[118066.66,70366.49,511126.53],"fiscal_year":["2012","2011","2010"],"focus_area":"-","focus_area_descr":"-","gender_descr":"No Contribution","gender_id":"GEN0","output_descr":"BRA/00/009 - Project for the Conservation and Management of Brazilian Ecosystems and Management of the Federal Conservation Units","output_id":"11658","output_title":"BRA/00/009 Units Conservation"}],"project_descr":"Projeto para a Conserva\u00e7\u00e3o e Manejo dos Ecossistemas Brasileiros e Gest\u00e3o do Sistema Federal de Unidades de Conserva\u00e7\u00e3o","project_id":"11658","project_title":"BRA/00/009 - Conservation Units - IBAMA","region_id":"RBLAC","region_name":"Reg Bur Latin Amer & Carib","start":"2000-04-14","subnational":[{"lat":"-10","lon":"55","precision":"9","scope":"4","type":"1"}]}