{"document_name":[],"end":"2012-09-3","fiscal_year":["2011","2010","2012","2013"],"inst_descr":"","inst_id":" ","inst_type_descr":"","inst_type_id":"","operating_unit":"Brazil","operating_unit_id":"BRA","outputs":[{"award_id":"11664","budget":[0.0,1509254.52,1115389.79,0],"crs":"41010","crs_descr":"Environmental policy and administrative management","donor_budget":[418802.53,2205841.78],"donor_country":["Brazil","Brazil"],"donor_country_id":["BRA","BRA"],"donor_expend":[269360.92,346121.67],"donor_id":["71","1053"],"donor_name":["GOVERNMENT OF BRAZIL","BRA-MIN DO DESENVOL  VIMENTO SOCIAL"],"donor_short":["BRA","MDS"],"donor_type":["PROGRAMME COUNTRY","PROGRAMME COUNTRY"],"donor_type_id":["PROGCTY","PROGCTY"],"expenditure":[-1335.19,475437.97,141379.81,2012417.29],"fiscal_year":["2013","2012","2011","2010"],"focus_area":"4","focus_area_descr":"Environment & sustainable development","gender_descr":"No Contribution","gender_id":"GEN0","output_descr":"BRA/00/022 Support Public Policies for Sustainable Development","output_id":"11664","output_title":"BRA/00/022 Sustainable Develop"}],"project_descr":"Apoio \u00e0s Pol\u00edticas P\u00fablicas de Desenvolvimento Sustent\u00e1vel","project_id":"11664","project_title":"BRA/00/022 Support Public Policies for Sustainable Devel","region_id":"RBLAC","region_name":"Reg Bur Latin Amer & Carib","start":"2001-07-11","subnational":[{"lat":"-10","lon":"55","precision":"9","scope":"4","type":"1"}]}