{"document_name":[],"end":"2011-09-3","fiscal_year":["2011","2010"],"inst_descr":"","inst_id":" ","inst_type_descr":"","inst_type_id":"","operating_unit":"Brazil","operating_unit_id":"BRA","outputs":[{"award_id":"11668","budget":[225552.43,0],"crs":"15110","crs_descr":"Economic and development policy/planning","donor_budget":[225552.43],"donor_country":["Brazil"],"donor_country_id":["BRA"],"donor_expend":[23466.6],"donor_id":["71"],"donor_name":["GOVERNMENT OF BRAZIL"],"donor_short":["BRA"],"donor_type":["PROGRAMME COUNTRY"],"donor_type_id":["PROGCTY"],"expenditure":[23466.6,229111.58],"fiscal_year":["2011","2010"],"focus_area":"1","focus_area_descr":"Poverty reduction & MDG achievement","gender_descr":"No Contribution","gender_id":"GEN0","output_descr":"BRA00043 - Brazilian Program for Quality and Productivity of the Habitat (PBQP-H)","output_id":"11668","output_title":"BRA00043 Quality of Habitat"}],"project_descr":"Programa Brasileiro da Qualidade e Produtividade do Habitat - PBQP - H","project_id":"11668","project_title":"BRA00043 Program for Quality and Productivity of Habitat","region_id":"RBLAC","region_name":"Reg Bur Latin Amer & Carib","start":"2000-12-01","subnational":[{"lat":"-10","lon":"-55","precision":"9","scope":"4","type":"1"}]}