{"document_name":[],"end":"2011-12-3","fiscal_year":["2011","2010","2012"],"inst_descr":"","inst_id":" ","inst_type_descr":"","inst_type_id":"","operating_unit":"Brazil","operating_unit_id":"BRA","outputs":[{"award_id":"11665","budget":[0.0,787806.08,0],"crs":"99810","crs_descr":"Sectors Not Specified","donor_budget":[787806.08],"donor_country":["Brazil"],"donor_country_id":["BRA"],"donor_expend":[500545.14],"donor_id":["71"],"donor_name":["GOVERNMENT OF BRAZIL"],"donor_short":["BRA"],"donor_type":["PROGRAMME COUNTRY"],"donor_type_id":["PROGCTY"],"expenditure":[-16.55,500561.69,728023.77],"fiscal_year":["2012","2011","2010"],"focus_area":"-","focus_area_descr":"-","gender_descr":"No Contribution","gender_id":"GEN0","output_descr":"BRA/00/020 - Environment Management and Control Public Policies","output_id":"11665","output_title":"BRA/00/020\u2013Envir. Mgmt & Ctrl"}],"project_descr":"Apoio \u00e0s Pol\u00edticas P\u00fablicas na \u00c1rea de Gest\u00e3o e Controle Ambiental - Sec. de Qualidade Amb. nos Assentamentos Humanos","project_id":"11665","project_title":"BRA/00/020 \u2013 Envir. Mngmt & Ctrl","region_id":"RBLAC","region_name":"Reg Bur Latin Amer & Carib","start":"2001-07-01","subnational":[{"lat":"-10","lon":"55","precision":"9","scope":"4","type":"1"}]}