{"document_name":[],"end":"2012-12-31","fiscal_year":["2011","2010","2012","2013"],"inst_descr":"","inst_id":" ","inst_type_descr":"","inst_type_id":"","operating_unit":"Brazil","operating_unit_id":"BRA","outputs":[{"award_id":"11666","budget":[95428.52,78035.93,424290.96,0],"crs":"41010","crs_descr":"Environmental policy and administrative management","donor_budget":[597755.41],"donor_country":["MULTI-LATERAL AGENCY"],"donor_country_id":["MULTI_AGY"],"donor_expend":[503547.89],"donor_id":["10003"],"donor_name":["Global Environment Fund Trustee"],"donor_short":["GEFTrustee"],"donor_type":["MULTI-LATERAL AGENCY"],"donor_type_id":["MULTI_AGY"],"expenditure":[2394.01,75646.29,425507.59,1082396.38],"fiscal_year":["2013","2012","2011","2010"],"focus_area":"4","focus_area_descr":"Environment & sustainable development","gender_descr":"Significant Objective","gender_id":"GEN2","output_descr":"BRA/00/G31 - Promoting biodiversity conservation and sustainable use in the frontier forests of Northwestern Mato Grosso","output_id":"11666","output_title":"BRA/00/G31 Biodiv Conservation"}],"project_descr":"Promoting biodiversity conservation and sustainable use in the frontier forests of Northwestern Mato Grosso","project_id":"11666","project_title":"BRA/00/G31 Biodivers Conservation Northwest Mato Grosso","region_id":"RBLAC","region_name":"Reg Bur Latin Amer & Carib","start":"2000-10-01","subnational":[{"lat":"-13","lon":"56","precision":"4","scope":"2","type":"1"}]}