{"document_name":[],"end":"2014-12-31","fiscal_year":["2011","2010","2012","2013"],"inst_descr":"","inst_id":" ","inst_type_descr":"","inst_type_id":"","operating_unit":"Brazil","operating_unit_id":"BRA","outputs":[{"award_id":"11660","budget":[5186600.41,1711000.0,2994112.47,0],"crs":"15110","crs_descr":"Economic and development policy/planning","donor_budget":[55500.0,2716222.31,7119990.57],"donor_country":["MULTI-LATERAL AGENCY","Brazil","MULTI-LATERAL AGENCY"],"donor_country_id":["MULTI_AGY","BRA","MULTI_AGY"],"donor_expend":[55346.6,449149.47000000003,2471089.27],"donor_id":["12","71","10003"],"donor_name":["UNITED NATIONS DEVELOPMENT PROGRAMME","GOVERNMENT OF BRAZIL","Global Environment Fund Trustee"],"donor_short":["UNDP","BRA","GEFTrustee"],"donor_type":["MULTI-LATERAL AGENCY","PROGRAMME COUNTRY","MULTI-LATERAL AGENCY"],"donor_type_id":["MULTI_AGY","PROGCTY","MULTI_AGY"],"expenditure":[334563.37,1703898.43,937123.54,875817.81],"fiscal_year":["2013","2012","2011","2010"],"focus_area":"1","focus_area_descr":"Poverty reduction & MDG achievement","gender_descr":"No Contribution","gender_id":"GEN0","output_descr":"BRA/99/G32-PIMS 0543 CC: Hydrogen Fuel Cell Buses","output_id":"11660","output_title":"BRA/99/G32 - Hydrogen FCB"}],"project_descr":"Hydrogen Fuel Cell Buses for Urban Transport","project_id":"11660","project_title":"BRA/99/G32 - Hydrogen Fuel Cell Buses","region_id":"RBLAC","region_name":"Reg Bur Latin Amer & Carib","start":"2001-08-03","subnational":[{"lat":"-10","lon":"55","precision":"9","scope":"4","type":"1"}]}