{"document_name":[],"end":"2009-10-31","fiscal_year":["2011","2010"],"inst_descr":"","inst_id":" ","inst_type_descr":"","inst_type_id":"","operating_unit":"Brazil","operating_unit_id":"BRA","outputs":[{"award_id":"11667","budget":[0.0,0],"crs":"15140","crs_descr":"Government administration","donor_budget":[0.0],"donor_country":["Brazil"],"donor_country_id":["BRA"],"donor_expend":[-527.85],"donor_id":["71"],"donor_name":["GOVERNMENT OF BRAZIL"],"donor_short":["BRA"],"donor_type":["PROGRAMME COUNTRY"],"donor_type_id":["PROGCTY"],"expenditure":[-527.85,-795.73],"fiscal_year":["2011","2010"],"focus_area":"2","focus_area_descr":"Democratic governance","gender_descr":"-","gender_id":"-","output_descr":"BRA/00/034 - Institutional Development of the Center for Strategic Knowledge Management in Science and Technology","output_id":"11667","output_title":"BRA/00/034 - Knowledge Managnt"}],"project_descr":"Institutional Development of the Center for Strategic Knowledge Management in Science and Technology","project_id":"11667","project_title":"BRA/00/034 - Knowledge Management","region_id":"RBLAC","region_name":"Reg Bur Latin Amer & Carib","start":"2000-10-01","subnational":[{"lat":"-10","lon":"55","precision":"9","scope":"4","type":"1"}]}