{"document_name":[],"end":"2010-12-31","fiscal_year":["2011","2010"],"inst_descr":"","inst_id":" ","inst_type_descr":"","inst_type_id":"","operating_unit":"Brazil","operating_unit_id":"BRA","outputs":[{"award_id":"11676","budget":[0.0,0],"crs":"15140","crs_descr":"Government administration","donor_budget":[0.0],"donor_country":["Brazil"],"donor_country_id":["BRA"],"donor_expend":[-41.32],"donor_id":["71"],"donor_name":["GOVERNMENT OF BRAZIL"],"donor_short":["BRA"],"donor_type":["PROGRAMME COUNTRY"],"donor_type_id":["PROGCTY"],"expenditure":[-41.32,109887.29],"fiscal_year":["2011","2010"],"focus_area":"2","focus_area_descr":"Democratic governance","gender_descr":"-","gender_id":"-","output_descr":"BRA/01/028 - SPORTS AS A STRATEGY FOR SOCIAL AND ECONOMIC DEVELOPMENT","output_id":"11676","output_title":"BRA/01/028 - Sports"}],"project_descr":"BRA/01/028 - SPORTS AS A STRATEGY FOR SOCIAL AND ECONOMIC DEVELOPMENT","project_id":"11676","project_title":"BRA/01/028 - Sports for Development","region_id":"RBLAC","region_name":"Reg Bur Latin Amer & Carib","start":"2001-12-15","subnational":[{"lat":"-10","lon":"55","precision":"9","scope":"4","type":"1"}]}