{"document_name":[],"end":"2012-04-3","fiscal_year":["2011","2010","2012","2013"],"inst_descr":"","inst_id":" ","inst_type_descr":"","inst_type_id":"","operating_unit":"Brazil","operating_unit_id":"BRA","outputs":[{"award_id":"11670","budget":[0.0,114464.42,3001191.0,0],"crs":"99810","crs_descr":"Sectors Not Specified","donor_budget":[3115655.42],"donor_country":["Brazil"],"donor_country_id":["BRA"],"donor_expend":[890959.09],"donor_id":["71"],"donor_name":["GOVERNMENT OF BRAZIL"],"donor_short":["BRA"],"donor_type":["PROGRAMME COUNTRY"],"donor_type_id":["PROGCTY"],"expenditure":[-83.81,42934.66,848108.24,2249967.96],"fiscal_year":["2013","2012","2011","2010"],"focus_area":"-","focus_area_descr":"-","gender_descr":"No Contribution","gender_id":"GEN0","output_descr":"BRA/00/021Strengthening of the Secretariat of Biodiversity and Forests","output_id":"11670","output_title":"BRA/00/021 Biodiversity&Forest"}],"project_descr":"Sustentabilidade e Reparti\u00e7\u00e3o dos Benef\u00edcios da Biodiversidade.","project_id":"11670","project_title":"BRA/00/021 Strengthening Secretariat of Biodivers&Forest","region_id":"RBLAC","region_name":"Reg Bur Latin Amer & Carib","start":"2001-07-15","subnational":[{"lat":"-10","lon":"55","precision":"9","scope":"4","type":"1"}]}