{"document_name":[],"end":"2011-03-31","fiscal_year":["2011","2010"],"inst_descr":"","inst_id":" ","inst_type_descr":"","inst_type_id":"","operating_unit":"Brazil","operating_unit_id":"BRA","outputs":[{"award_id":"11678","budget":[2030115.09,0],"crs":"15140","crs_descr":"Government administration","donor_budget":[2030115.09],"donor_country":["Brazil"],"donor_country_id":["BRA"],"donor_expend":[270997.64],"donor_id":["71"],"donor_name":["GOVERNMENT OF BRAZIL"],"donor_short":["BRA"],"donor_type":["PROGRAMME COUNTRY"],"donor_type_id":["PROGCTY"],"expenditure":[270997.64,1536447.35],"fiscal_year":["2011","2010"],"focus_area":"2","focus_area_descr":"Democratic governance","gender_descr":"-","gender_id":"-","output_descr":"BRA/01/007 - Projeto de Fortalecimento do Gerenciamento Fiscal e Financeiro - PROGER.","output_id":"11678","output_title":"BRA/01/007 - PROGER"}],"project_descr":"Projeto de Fortalecimento do Gerenciamento Fiscal e Financeiro","project_id":"11678","project_title":"BRA/01/007 - Fortalec. do Gerenciamento  Fiscal e Financ","region_id":"RBLAC","region_name":"Reg Bur Latin Amer & Carib","start":"2001-12-2","subnational":[{"lat":"-10","lon":"55","precision":"9","scope":"4","type":"1"}]}