{"document_name":[],"end":"2009-11-15","fiscal_year":["2012"],"inst_descr":"","inst_id":" ","inst_type_descr":"","inst_type_id":"","operating_unit":"Brazil","operating_unit_id":"BRA","outputs":[{"award_id":"11681","budget":[0.0],"crs":"99810","crs_descr":"Sectors Not Specified","donor_budget":[0.0],"donor_country":["Brazil"],"donor_country_id":["BRA"],"donor_expend":[0.29],"donor_id":["71"],"donor_name":["GOVERNMENT OF BRAZIL"],"donor_short":["BRA"],"donor_type":["PROGRAMME COUNTRY"],"donor_type_id":["PROGCTY"],"expenditure":[0.29],"fiscal_year":["2012"],"focus_area":"-","focus_area_descr":"-","gender_descr":"No Contribution","gender_id":"GEN0","output_descr":"BRA/01/031 - Preserva\u00e7\u00e3o, Conserva\u00e7\u00e3o e Uso Sustent\u00e1vel dos Recursos Ambientais","output_id":"11681","output_title":"BRA/01/031 - DPA - IBAMA"}],"project_descr":"Preserva\u00e7\u00e3o, Conserva\u00e7\u00e3o e Uso Sustent\u00e1vel dos Recursos Ambientais","project_id":"11681","project_title":"BRA/01/031 - DPA - IBAMA","region_id":"RBLAC","region_name":"Reg Bur Latin Amer & Carib","start":"2002-01-01","subnational":[]}