{"document_name":[],"end":"2011-03-31","fiscal_year":["2011","2010","2012"],"inst_descr":"","inst_id":" ","inst_type_descr":"","inst_type_id":"","operating_unit":"Brazil","operating_unit_id":"BRA","outputs":[{"award_id":"11680","budget":[1500.0,1486057.3,0],"crs":"99810","crs_descr":"Sectors Not Specified","donor_budget":[1487557.3],"donor_country":["Brazil"],"donor_country_id":["BRA"],"donor_expend":[235786.08000000002],"donor_id":["71"],"donor_name":["GOVERNMENT OF BRAZIL"],"donor_short":["BRA"],"donor_type":["PROGRAMME COUNTRY"],"donor_type_id":["PROGCTY"],"expenditure":[701.26,235084.82,301985.24],"fiscal_year":["2012","2011","2010"],"focus_area":"-","focus_area_descr":"-","gender_descr":"No Contribution","gender_id":"GEN0","output_descr":"BRA/01/037 - Management Conservation of Fisheries Resources and Fauna","output_id":"11680","output_title":"BRA/01/037 - Fauna and Fishery"}],"project_descr":"BRA/01/037 - Fauna and Fishery","project_id":"11680","project_title":"BRA/01/037 - Fauna and Fishery","region_id":"RBLAC","region_name":"Reg Bur Latin Amer & Carib","start":"2002-01-01","subnational":[{"lat":"-21","lon":"55","precision":"4","scope":"2","type":"2"}]}