{"document_name":[],"end":"2011-01-31","fiscal_year":["2011","2010"],"inst_descr":"","inst_id":" ","inst_type_descr":"","inst_type_id":"","operating_unit":"Brazil","operating_unit_id":"BRA","outputs":[{"award_id":"11695","budget":[0.0,0],"crs":"15110","crs_descr":"Economic and development policy/planning","donor_budget":[0.0],"donor_country":["Brazil"],"donor_country_id":["BRA"],"donor_expend":[47218.94],"donor_id":["71"],"donor_name":["GOVERNMENT OF BRAZIL"],"donor_short":["BRA"],"donor_type":["PROGRAMME COUNTRY"],"donor_type_id":["PROGCTY"],"expenditure":[47218.94,67909.79],"fiscal_year":["2011","2010"],"focus_area":"1","focus_area_descr":"Poverty reduction & MDG achievement","gender_descr":"-","gender_id":"-","output_descr":"BRA/03/004 - Fortalecimento do Ensino B\u00e1sico no Brasil\r\nObjetivo\r\nFormula\u00e7\u00e3o e implanta\u00e7\u00e3o de pol\u00edticas de longo prazo para a Educa\u00e7\u00e3o B\u00e1sica, integrando a\u00e7\u00f5es da Uni\u00e3o com as Entidades da Federa\u00e7\u00e3o, por meio de iniciativas de valoriza\u00e7\u00e3o e forma\u00e7\u00e3o inic","output_id":"11695","output_title":"BRA/03/004-Ensino Fundamental"}],"project_descr":"Implementation of the New Elementary Education Politics","project_id":"11695","project_title":"BRA/03/004 - Implanta\u00e7\u00e3o Ensino Fundamental","region_id":"RBLAC","region_name":"Reg Bur Latin Amer & Carib","start":"2003-08-1","subnational":[{"lat":"-10","lon":"-55","precision":"9","scope":"4","type":"1"}]}