{"document_name":[],"end":"2011-12-31","fiscal_year":["2011","2010"],"inst_descr":"","inst_id":" ","inst_type_descr":"","inst_type_id":"","operating_unit":"Brazil","operating_unit_id":"BRA","outputs":[{"award_id":"11693","budget":[1861988.36,0],"crs":"15110","crs_descr":"Economic and development policy/planning","donor_budget":[1861988.36],"donor_country":["Brazil"],"donor_country_id":["BRA"],"donor_expend":[266311.45],"donor_id":["71"],"donor_name":["GOVERNMENT OF BRAZIL"],"donor_short":["BRA"],"donor_type":["PROGRAMME COUNTRY"],"donor_type_id":["PROGCTY"],"expenditure":[266311.45,146151.44],"fiscal_year":["2011","2010"],"focus_area":"1","focus_area_descr":"Poverty reduction & MDG achievement","gender_descr":"No Contribution","gender_id":"GEN0","output_descr":"BRA/02/011 - Federal  Environmental Licensing","output_id":"11693","output_title":"BRA/02/011-Environmental Licen"}],"project_descr":"Licenciamento Ambiental Federal","project_id":"11693","project_title":"BRA/02/011 - Environmental licensing","region_id":"RBLAC","region_name":"Reg Bur Latin Amer & Carib","start":"2003-01-02","subnational":[{"lat":"-10","lon":"-55","precision":"9","scope":"4","type":"1"}]}