{"document_name":[],"end":"2011-09-3","fiscal_year":["2011","2010","2012"],"inst_descr":"","inst_id":" ","inst_type_descr":"","inst_type_id":"","operating_unit":"Bulgaria","operating_unit_id":"BGR","outputs":[{"award_id":"11709","budget":[0.0,0],"crs":"99810","crs_descr":"Sectors Not Specified","donor_budget":[0.0],"donor_country":["Bulgaria"],"donor_country_id":["BGR"],"donor_expend":[0.0],"donor_id":["1336"],"donor_name":["BUL-MINISTRY OF LABOUR & SOCIA"],"donor_short":["MIN. LAB."],"donor_type":["PROGRAMME COUNTRY"],"donor_type_id":["PROGCTY"],"expenditure":[0.0,0.11],"fiscal_year":["2012","2010"],"focus_area":"-","focus_area_descr":"-","gender_descr":"Some Contribution","gender_id":"GEN1","output_descr":"National Business Development Network strenghtened","output_id":"33706","output_title":"NBDN"},{"award_id":"11709","budget":[0.0,321429.0,0],"crs":"99810","crs_descr":"Sectors Not Specified","donor_budget":[50171.0,271258.0],"donor_country":["MULTI-LATERAL AGENCY","Bulgaria"],"donor_country_id":["MULTI_AGY","BGR"],"donor_expend":[33697.05,2931.74],"donor_id":["12","1336"],"donor_name":["UNITED NATIONS DEVELOPMENT PROGRAMME","BUL-MINISTRY OF LABOUR & SOCIA"],"donor_short":["UNDP","MIN. LAB."],"donor_type":["MULTI-LATERAL AGENCY","PROGRAMME COUNTRY"],"donor_type_id":["MULTI_AGY","PROGCTY"],"expenditure":[0.0,36628.79,210955.28],"fiscal_year":["2012","2011","2010"],"focus_area":"-","focus_area_descr":"-","gender_descr":"Some Contribution","gender_id":"GEN1","output_descr":"The project addresses unemployment and business development in Bulgaria by helping create long-term jobs and by assisting start-up, micro and small business development.","output_id":"11709","output_title":"Job Opportunities through Busi"}],"project_descr":"The project addresses unemployment and business development in Bulgaria by helping create long-term jobs and by assisting start-up, micro and small business development.","project_id":"11709","project_title":"Job Opportunities through Business Support","region_id":"RBEC","region_name":"Reg Bur for Europe & CIS","start":"2000-10-15","subnational":[{"lat":"43","lon":"25","precision":"9","scope":"1","type":"1"}]}