{"document_name":[],"end":"2011-12-31","fiscal_year":["2011","2012"],"inst_descr":"","inst_id":" ","inst_type_descr":"","inst_type_id":"","operating_unit":"Chad","operating_unit_id":"TCD","outputs":[{"award_id":"11767","budget":[0.0,0.0],"crs":"41010","crs_descr":"Environmental policy and administrative management","donor_budget":[0.0],"donor_country":["MULTI-LATERAL AGENCY"],"donor_country_id":["MULTI_AGY"],"donor_expend":[-1331.8],"donor_id":["12"],"donor_name":["UNITED NATIONS DEVELOPMENT PROGRAMME"],"donor_short":["UNDP"],"donor_type":["MULTI-LATERAL AGENCY"],"donor_type_id":["MULTI_AGY"],"expenditure":[-1133.2,-198.6],"fiscal_year":["2012","2011"],"focus_area":"4","focus_area_descr":"Environment & sustainable development","gender_descr":"-","gender_id":"-","output_descr":"PREPARATION DE LA COMMUNICATION NATIONALE DU TCHAD AU TITRE DE LA CONVENTION CADRE DES NATIONS UNIES SUR LES CHANGEMENTS","output_id":"11767","output_title":"CHANGEMENTS CLIMATIQUES"}],"project_descr":"PREPARATION DE LA COMMUNICATION NATIONALE DU TCHAD AU TITRE DE LA CONVENTION CADRE DES NATIONS UNIES SUR LES CHANGEMENTS","project_id":"11767","project_title":"CHANGEMENTS CLIMATIQUES","region_id":"RBA","region_name":"Reg Bureau for Africa","start":"2004-01-01","subnational":[{"lat":"15","lon":"19","precision":"9","scope":"4","type":"2"},{"lat":"15","lon":"19","precision":"9","scope":"4","type":"1"}]}