{"document_name":[],"end":"2012-12-31","fiscal_year":["2012"],"inst_descr":"","inst_id":" ","inst_type_descr":"","inst_type_id":"","operating_unit":"Chad","operating_unit_id":"TCD","outputs":[{"award_id":"11768","budget":[0.0],"crs":"99810","crs_descr":"Sectors Not Specified","donor_budget":[0.0],"donor_country":["MULTI-LATERAL AGENCY"],"donor_country_id":["MULTI_AGY"],"donor_expend":[0.0],"donor_id":["12"],"donor_name":["UNITED NATIONS DEVELOPMENT PROGRAMME"],"donor_short":["UNDP"],"donor_type":["MULTI-LATERAL AGENCY"],"donor_type_id":["MULTI_AGY"],"expenditure":[0.0],"fiscal_year":["2012"],"focus_area":"-","focus_area_descr":"-","gender_descr":"Some Contribution","gender_id":"GEN1","output_descr":"Appui au m\u00e9canisme de suivi de la R\u00e9union Sectorielle sur le d\u00e9veloppement rural.","output_id":"11768","output_title":"DEVELOPPEMENT   RURAL"}],"project_descr":"Appui au m\u00e9canisme de suivi de la R\u00e9union Sectorielle sur le d\u00e9veloppement rural.","project_id":"11768","project_title":"DEVELOPPEMENT   RURAL","region_id":"RBA","region_name":"Reg Bureau for Africa","start":"2000-04-01","subnational":[]}