{"document_name":[],"end":"2010-12-31","fiscal_year":["2011","2010","2013"],"inst_descr":"","inst_id":" ","inst_type_descr":"","inst_type_id":"","operating_unit":"Central African Republic","operating_unit_id":"CAF","outputs":[{"award_id":"11765","budget":[903957.0,2499000.0,0],"crs":"99810","crs_descr":"Sectors Not Specified","donor_budget":[3402957.0],"donor_country":["MULTI-LATERAL AGENCY"],"donor_country_id":["MULTI_AGY"],"donor_expend":[-548148.38],"donor_id":["327"],"donor_name":["GLOBAL FUND TO FIGHT AIDS, TUBERCULOSIS"],"donor_short":["GFATM"],"donor_type":["MULTI-LATERAL AGENCY"],"donor_type_id":["MULTI_AGY"],"expenditure":[0.0,-548148.38,89782.56],"fiscal_year":["2013","2011","2010"],"focus_area":"-","focus_area_descr":"-","gender_descr":"-","gender_id":"-","output_descr":"Renforcement de la prise en charge globale des personnes vivant avec le VIH/SIDA en RCA","output_id":"11765","output_title":"Renf. prise en charge PVVIH"}],"project_descr":"Assistance pour le renforcement de la prise en charge globale des personnes vivant avec le VIH/SIDA en RCA","project_id":"11765","project_title":"Assist. pour la Prise Charge Globale des PVIH","region_id":"RBA","region_name":"Reg Bureau for Africa","start":"2004-01-01","subnational":[{"lat":"7","lon":"21","precision":"9","scope":"4","type":"1"}]}