{"document_name":[],"end":"2011-12-31","fiscal_year":["2011","2012"],"inst_descr":"","inst_id":" ","inst_type_descr":"","inst_type_id":"","operating_unit":"Chad","operating_unit_id":"TCD","outputs":[{"award_id":"11777","budget":[0.0,0.0],"crs":"41010","crs_descr":"Environmental policy and administrative management","donor_budget":[0.0,0.0],"donor_country":["MULTI-LATERAL AGENCY","MULTI-LATERAL AGENCY"],"donor_country_id":["MULTI_AGY","MULTI_AGY"],"donor_expend":[-473.00999999999993,-557.0],"donor_id":["12","10009"],"donor_name":["UNITED NATIONS DEVELOPMENT PROGRAMME","MONTREAL PROTOCOL"],"donor_short":["UNDP","MPU"],"donor_type":["MULTI-LATERAL AGENCY","MULTI-LATERAL AGENCY"],"donor_type_id":["MULTI_AGY","MULTI_AGY"],"expenditure":[-586.56,-443.45],"fiscal_year":["2012","2011"],"focus_area":"4","focus_area_descr":"Environment & sustainable development","gender_descr":"Significant Objective","gender_id":"GEN2","output_descr":"Programme d'incitation \u00e0 l'intention des utilisateurs finaux du secteur  de la r\u00e9frig\u00e9ration commerciale et industrielle","output_id":"11777","output_title":"Programme d'incitation"}],"project_descr":"Programme d'incitation \u00e0 l'intention des utilisateurs finaux du secteur  de la r\u00e9frig\u00e9ration commerciale et industrielle","project_id":"11777","project_title":"Programme d'incitation","region_id":"RBA","region_name":"Reg Bureau for Africa","start":"2003-04-01","subnational":[{"lat":"15","lon":"19","precision":"9","scope":"4","type":"2"},{"lat":"15","lon":"19","precision":"9","scope":"4","type":"1"}]}