{"document_name":[],"end":"2011-11-3","fiscal_year":["2011","2010"],"inst_descr":"","inst_id":" ","inst_type_descr":"","inst_type_id":"","operating_unit":"Chile","operating_unit_id":"CHL","outputs":[{"award_id":"11785","budget":[2474.0,0],"crs":"99810","crs_descr":"Sectors Not Specified","donor_budget":[2474.0],"donor_country":["OTHERS"],"donor_country_id":["OTH"],"donor_expend":[-0.3],"donor_id":["803"],"donor_name":["CHI-CONSEJO NACIONAL PARA EL C"],"donor_short":["CONACE"],"donor_type":["PRIVATE SECTOR"],"donor_type_id":["PRIV"],"expenditure":[-0.3,1458.47],"fiscal_year":["2011","2010"],"focus_area":"-","focus_area_descr":"-","gender_descr":"Some Contribution","gender_id":"GEN1","output_descr":"APOYO A LA GESTION DEL CONSEJO NACIONAL PARA EL CONTROL DE ESTUPEFACIENTES","output_id":"11785","output_title":"Control de estupefacientes"}],"project_descr":"Apoyo a la gesti\u00f3n del Consejo Nacional para el Control de Estupefacientes","project_id":"11785","project_title":"Consejo Nacional para Control Estupefacientes","region_id":"RBLAC","region_name":"Reg Bur Latin Amer & Carib","start":"1997-02-1","subnational":[{"lat":"-30","lon":"-71","precision":"9","scope":"4","type":"1"}]}