{"document_name":[],"end":"2012-12-31","fiscal_year":["2012"],"inst_descr":"","inst_id":" ","inst_type_descr":"","inst_type_id":"","operating_unit":"Chile","operating_unit_id":"CHL","outputs":[{"award_id":"11787","budget":[3503.0],"crs":"99810","crs_descr":"Sectors Not Specified","donor_budget":[3502.0,1.0],"donor_country":["MULTI-LATERAL AGENCY","MULTI-LATERAL AGENCY"],"donor_country_id":["MULTI_AGY","MULTI_AGY"],"donor_expend":[3501.35,-3501.35],"donor_id":["12","10003"],"donor_name":["UNITED NATIONS DEVELOPMENT PROGRAMME","GEFTrustee"],"donor_short":["UNDP","GEFTrustee"],"donor_type":["MULTI-LATERAL AGENCY","MULTI-LATERAL AGENCY"],"donor_type_id":["MULTI_AGY","MULTI_AGY"],"expenditure":[0.0],"fiscal_year":["2012"],"focus_area":"-","focus_area_descr":"-","gender_descr":"Some Contribution","gender_id":"GEN1","output_descr":"CAPACITACION DE CHILE PARA CUMPLIR SUS COMPROMISOS CON LA CONVENCION MARCO DE LAS NACIONES UNIDAS SOBRE  CAMBIO CLIMATIC","output_id":"11787","output_title":"CAMBIO CLIMATICO"}],"project_descr":"CAPACITACION DE CHILE PARA CUMPLIR SUS COMPROMISOS CON LA CONVENCION MARCO DE LAS NACIONES UNIDAS SOBRE  CAMBIO CLIMATIC","project_id":"11787","project_title":"CAMBIO CLIMATICO","region_id":"RBLAC","region_name":"Reg Bur Latin Amer & Carib","start":"1996-01-01","subnational":[]}