{"document_name":[],"end":"2012-12-31","fiscal_year":["2012"],"inst_descr":"","inst_id":" ","inst_type_descr":"","inst_type_id":"","operating_unit":"Chile","operating_unit_id":"CHL","outputs":[{"award_id":"11798","budget":[1.0],"crs":"99810","crs_descr":"Sectors Not Specified","donor_budget":[1.0],"donor_country":["OTHERS"],"donor_country_id":["OTH"],"donor_expend":[0.0],"donor_id":["1682"],"donor_name":["CHI-SECRETARIA GENERAL DE LA P"],"donor_short":["SEGPRES"],"donor_type":["PRIVATE SECTOR"],"donor_type_id":["PRIV"],"expenditure":[0.0],"fiscal_year":["2012"],"focus_area":"-","focus_area_descr":"-","gender_descr":"Some Contribution","gender_id":"GEN1","output_descr":"Gobernabilidad para el Desarrollo Humano Sustentable","output_id":"11798","output_title":"Gobernabilidad para el Desarro"}],"project_descr":"Gobernabilidad para el Desarrollo Humano Sustentable","project_id":"11798","project_title":"Gobernabilidad para el Desarrollo Humano","region_id":"RBLAC","region_name":"Reg Bur Latin Amer & Carib","start":"2001-01-15","subnational":[]}