{"document_name":[],"end":"2012-12-31","fiscal_year":["2011","2010","2012"],"inst_descr":"","inst_id":" ","inst_type_descr":"","inst_type_id":"","operating_unit":"Chile","operating_unit_id":"CHL","outputs":[{"award_id":"11799","budget":[117429.0,692000.0,0],"crs":"41010","crs_descr":"Environmental policy and administrative management","donor_budget":[809429.0],"donor_country":["MULTI-LATERAL AGENCY"],"donor_country_id":["MULTI_AGY"],"donor_expend":[765433.97],"donor_id":["10003"],"donor_name":["Global Environment Fund Trustee"],"donor_short":["GEFTrustee"],"donor_type":["MULTI-LATERAL AGENCY"],"donor_type_id":["MULTI_AGY"],"expenditure":[74288.39,691145.58,242589.14],"fiscal_year":["2012","2011","2010"],"focus_area":"4","focus_area_descr":"Environment & sustainable development","gender_descr":"Some Contribution","gender_id":"GEN1","output_descr":"El objetivo del proyecto propuesto es remover las barreras existentes a la incorporaci\u00f3n de las Energ\u00edas Renovables No Convencionales (ERNC) en la electrificaci\u00f3n rural en Chile.","output_id":"11799","output_title":"Electrificaci\u00f3n rural"}],"project_descr":"Remoci\u00f3n de Barreras para la Electrificaci\u00f3n Rural con Energ\u00eda Renovables en Chile","project_id":"11799","project_title":"Electrificaci\u00f3n rural con energ\u00edas renovables","region_id":"RBLAC","region_name":"Reg Bur Latin Amer & Carib","start":"2001-04-01","subnational":[{"lat":"-30","lon":"-71","precision":"9","scope":"4","type":"1"}]}