{"document_name":[],"end":"2011-12-31","fiscal_year":["2011","2010"],"inst_descr":"","inst_id":" ","inst_type_descr":"","inst_type_id":"","operating_unit":"Chile","operating_unit_id":"CHL","outputs":[{"award_id":"11796","budget":[6274.29,0],"crs":"99810","crs_descr":"Sectors Not Specified","donor_budget":[6274.29],"donor_country":["OTHERS"],"donor_country_id":["OTH"],"donor_expend":[2501.41],"donor_id":["805"],"donor_name":["CHI-CORPORACION NACIONAL FORES"],"donor_short":["CONAF"],"donor_type":["PRIVATE SECTOR"],"donor_type_id":["PRIV"],"expenditure":[2501.41,4.75],"fiscal_year":["2011","2010"],"focus_area":"-","focus_area_descr":"-","gender_descr":"Some Contribution","gender_id":"GEN1","output_descr":"Capacitaci\u00f3n, investigaci\u00f3n y desarrollo forestal","output_id":"11796","output_title":"Corporaci\u00f3n Nacional Forestal"}],"project_descr":"Capacitaci\u00f3n, investigaci\u00f3n y desarrollo forestal (Corporaci\u00f3n Nacional Forestal)","project_id":"11796","project_title":"Capacitaci\u00f3n, investigaci\u00f3n y desarrollo forestal","region_id":"RBLAC","region_name":"Reg Bur Latin Amer & Carib","start":"2004-01-01","subnational":[{"lat":"-30","lon":"-71","precision":"9","scope":"4","type":"1"}]}