{"document_name":[],"end":"2012-03-31","fiscal_year":["2012"],"inst_descr":"","inst_id":" ","inst_type_descr":"","inst_type_id":"","operating_unit":"Chile","operating_unit_id":"CHL","outputs":[{"award_id":"11807","budget":[1.0,0],"crs":"99810","crs_descr":"Sectors Not Specified","donor_budget":[1.0],"donor_country":["OTHERS"],"donor_country_id":["OTH"],"donor_expend":[0.0],"donor_id":["1700"],"donor_name":["CHI-SERVICIO DE IMPUESTOS INTE"],"donor_short":["SII"],"donor_type":["PRIVATE SECTOR"],"donor_type_id":["PRIV"],"expenditure":[0.0,22312.83],"fiscal_year":["2012","2010"],"focus_area":"-","focus_area_descr":"-","gender_descr":"No Contribution","gender_id":"GEN0","output_descr":"Complementaci\u00f3n e Integraci\u00f3n de Sistemas de Apoyo a la Gesti\u00f3n Tributaria","output_id":"11807","output_title":"SII"}],"project_descr":"Complementaci\u00f3n e Integraci\u00f3n de Sistemas de Apoyo a la Gesti\u00f3n Tributaria","project_id":"11807","project_title":"1SII","region_id":"RBLAC","region_name":"Reg Bur Latin Amer & Carib","start":"2002-11-04","subnational":[]}