{"document_name":[],"end":"2013-03-31","fiscal_year":["2012","2013"],"inst_descr":"","inst_id":" ","inst_type_descr":"","inst_type_id":"","operating_unit":"Chile","operating_unit_id":"CHL","outputs":[{"award_id":"11800","budget":[2.0,35654.0],"crs":"99810","crs_descr":"Sectors Not Specified","donor_budget":[35654.0,2.0],"donor_country":["MULTI-LATERAL AGENCY","MULTI-LATERAL AGENCY"],"donor_country_id":["MULTI_AGY","MULTI_AGY"],"donor_expend":[35652.41,-35652.41],"donor_id":["12","10003"],"donor_name":["UNITED NATIONS DEVELOPMENT PROGRAMME","GEFTrustee"],"donor_short":["UNDP","GEFTrustee"],"donor_type":["MULTI-LATERAL AGENCY","MULTI-LATERAL AGENCY"],"donor_type_id":["MULTI_AGY","MULTI_AGY"],"expenditure":[0.0,0.0],"fiscal_year":["2013","2012"],"focus_area":"-","focus_area_descr":"-","gender_descr":"Some Contribution","gender_id":"GEN1","output_descr":"Conservaci\u00f3n y uso sustentable de la biodiversidad de importancia global de Chilo\u00e9","output_id":"11800","output_title":"Bosque Modelo Chilo\u00e9"}],"project_descr":"Conservaci\u00f3n y uso Sustentable de la Biodiversidad de Importancia Global de Chilo\u00e9","project_id":"11800","project_title":"PIMS 1505 BD MSP: BOSQUE MODELO CHILOE","region_id":"RBLAC","region_name":"Reg Bur Latin Amer & Carib","start":"2001-02-01","subnational":[]}