{"document_name":[],"end":"2011-11-3","fiscal_year":["2011","2010"],"inst_descr":"","inst_id":" ","inst_type_descr":"","inst_type_id":"","operating_unit":"Chile","operating_unit_id":"CHL","outputs":[{"award_id":"11804","budget":[1432.25,0],"crs":"41010","crs_descr":"Environmental policy and administrative management","donor_budget":[1432.25],"donor_country":["MULTI-LATERAL AGENCY"],"donor_country_id":["MULTI_AGY"],"donor_expend":[1022.12],"donor_id":["10003"],"donor_name":["Global Environment Fund Trustee"],"donor_short":["GEFTrustee"],"donor_type":["MULTI-LATERAL AGENCY"],"donor_type_id":["MULTI_AGY"],"expenditure":[1022.12,-71.55],"fiscal_year":["2011","2010"],"focus_area":"4","focus_area_descr":"Environment & sustainable development","gender_descr":"No Contribution","gender_id":"GEN0","output_descr":"Conservaci\u00f3n de la Biodiversidad y Manejo Sustentable del Salar del Huasco","output_id":"11804","output_title":"Conservaci\u00f3n Salar del Huasco"}],"project_descr":"Conservaci\u00f3n de la Biodiversidad y Manejo Sustentable del Salar del Huasco","project_id":"11804","project_title":"Conservaci\u00f3n Salar del Huasco","region_id":"RBLAC","region_name":"Reg Bur Latin Amer & Carib","start":"2002-01-2","subnational":[{"lat":"-30","lon":"-71","precision":"9","scope":"4","type":"1"}]}