{"document_name":[],"end":"2011-12-31","fiscal_year":["2011","2010","2012"],"inst_descr":"","inst_id":" ","inst_type_descr":"","inst_type_id":"","operating_unit":"Chile","operating_unit_id":"CHL","outputs":[{"award_id":"11802","budget":[0.0,454.0,0],"crs":"99810","crs_descr":"Sectors Not Specified","donor_budget":[454.0],"donor_country":["MULTI-LATERAL AGENCY"],"donor_country_id":["MULTI_AGY"],"donor_expend":[2799.57],"donor_id":["1009"],"donor_name":["ECU-GLOBAL ENVIRONMENT FACILIT"],"donor_short":["GEF/PPA"],"donor_type":["MULTI-LATERAL AGENCY"],"donor_type_id":["MULTI_AGY"],"expenditure":[0.0,2799.57,-636.12],"fiscal_year":["2012","2011","2010"],"focus_area":"-","focus_area_descr":"-","gender_descr":"No Contribution","gender_id":"GEN0","output_descr":"Eliminaci\u00f3n del bromuro de metilo como desinfectante de suelos para la producci\u00f3n de frutales","output_id":"11802","output_title":"Eliminaci\u00f3n bromuro de metilo"}],"project_descr":"Proyecto de eliminaci\u00f3n (con demostraci\u00f3n) del bromuro de metilo como desinfectante de suelos para producciones frutales","project_id":"11802","project_title":"Eliminaci\u00f3n del bromuro de metilo","region_id":"RBLAC","region_name":"Reg Bur Latin Amer & Carib","start":"2001-08-01","subnational":[{"lat":"-30","lon":"-71","precision":"9","scope":"4","type":"1"}]}