{"document_name":[],"end":"2006-12-31","fiscal_year":["2013"],"inst_descr":"","inst_id":" ","inst_type_descr":"","inst_type_id":"","operating_unit":"Cameroon, Republic of","operating_unit_id":"CMR","outputs":[{"award_id":"11859","budget":[0.0],"crs":"99810","crs_descr":"Sectors Not Specified","donor_budget":[0.0],"donor_country":["MULTI-LATERAL AGENCY"],"donor_country_id":["MULTI_AGY"],"donor_expend":[-88.93],"donor_id":["12"],"donor_name":["UNITED NATIONS DEVELOPMENT PROGRAMME"],"donor_short":["UNDP"],"donor_type":["MULTI-LATERAL AGENCY"],"donor_type_id":["MULTI_AGY"],"expenditure":[-88.93],"fiscal_year":["2013"],"focus_area":"-","focus_area_descr":"-","gender_descr":"-","gender_id":"-","output_descr":" ","output_id":"11859","output_title":"SUIVI DE TICAD II"}],"project_descr":"SUIVI DE TICAD II / APPUI DES NTICs AU DEVELOPPEMENT","project_id":"11859","project_title":"SUIVI DE TICAD II","region_id":"RBA","region_name":"Reg Bureau for Africa","start":"2001-05-01","subnational":[]}