{"document_name":[],"end":"2010-12-31","fiscal_year":["2011","2010","2012"],"inst_descr":"","inst_id":" ","inst_type_descr":"","inst_type_id":"","operating_unit":"Cameroon, Republic of","operating_unit_id":"CMR","outputs":[{"award_id":"11872","budget":[0.0,0.0,0],"crs":"15110","crs_descr":"Economic and development policy/planning","donor_budget":[0.0],"donor_country":["MULTI-LATERAL AGENCY"],"donor_country_id":["MULTI_AGY"],"donor_expend":[-8637.1],"donor_id":["12"],"donor_name":["UNITED NATIONS DEVELOPMENT PROGRAMME"],"donor_short":["UNDP"],"donor_type":["MULTI-LATERAL AGENCY"],"donor_type_id":["MULTI_AGY"],"expenditure":[-1647.5,-6989.6,336949.29],"fiscal_year":["2012","2011","2010"],"focus_area":"1","focus_area_descr":"Poverty reduction & MDG achievement","gender_descr":"Significant Objective","gender_id":"GEN2","output_descr":"Suivi du d\u00e9veloppement humain r\u00e9gional et national","output_id":"36167","output_title":"Suivi du Dev Humain nat et r\u00e9g"},{"award_id":"11872","budget":[0.0],"crs":"99810","crs_descr":"Sectors Not Specified","donor_budget":[0.0],"donor_country":["MULTI-LATERAL AGENCY"],"donor_country_id":["MULTI_AGY"],"donor_expend":[-1650.0],"donor_id":["12"],"donor_name":["UNITED NATIONS DEVELOPMENT PROGRAMME"],"donor_short":["UNDP"],"donor_type":["MULTI-LATERAL AGENCY"],"donor_type_id":["MULTI_AGY"],"expenditure":[-1650.0],"fiscal_year":["2012"],"focus_area":"2","focus_area_descr":"Democratic governance","gender_descr":"-","gender_id":"-","output_descr":" ","output_id":"36165","output_title":"Int\u00e9gration Sous-r\u00e9gionale"}],"project_descr":"APPUI A LA MISE EN OEUVRE ET AU SUIVI EVALUATION DU DSRP","project_id":"11872","project_title":"MISE EN OEUVRE ET SUIVI DSRP","region_id":"RBA","region_name":"Reg Bureau for Africa","start":"2003-11-01","subnational":[{"lat":"6","lon":"12","precision":"9","scope":"4","type":"1"}]}