{"document_name":[],"end":"2012-12-31","fiscal_year":["2012"],"inst_descr":"","inst_id":" ","inst_type_descr":"","inst_type_id":"","operating_unit":"Colombia","operating_unit_id":"COL","outputs":[{"award_id":"11904","budget":[1.0,0],"crs":"15140","crs_descr":"Government administration","donor_budget":[1.0],"donor_country":["OTHERS"],"donor_country_id":["OTH"],"donor_expend":[-3906.49],"donor_id":["921"],"donor_name":["COL-EMPRESA DE TELECOMUNICACIO"],"donor_short":["ETB"],"donor_type":["PRIVATE SECTOR"],"donor_type_id":["PRIV"],"expenditure":[-3906.49,5443.0],"fiscal_year":["2012","2010"],"focus_area":"2","focus_area_descr":"Democratic governance","gender_descr":"No Contribution","gender_id":"GEN0","output_descr":"FORTALECIMIENTO DE LA EMPRESA DE TEL\u00c9FONOS DE BOGOT\u00c1 - ETB - MODERNIZACION Y SISTEMATIZACION DE SUS AREAS Y PROCESOS ESTRATEGICOS","output_id":"11904","output_title":"FORTALECIMIENTO ETB"}],"project_descr":"FORTALECIMIENTO DE LA ETB - MODERNIZACION Y SISTEMATIZACION DE SUS AREAS Y PROCESOS ESTRATEGICOS","project_id":"11904","project_title":"FORTALECIMIENTO ETB","region_id":"RBLAC","region_name":"Reg Bur Latin Amer & Carib","start":"1997-06-17","subnational":[]}