{"document_name":[],"end":"2012-07-03","fiscal_year":["2011","2010","2012"],"inst_descr":"MINISTERIO DE HACIENDA Y CREDI","inst_id":"773","inst_type_descr":"Gov Counterpart Institution","inst_type_id":"GOV","operating_unit":"Colombia","operating_unit_id":"COL","outputs":[{"award_id":"11920","budget":[172543.21,556298.85,0],"crs":"15140","crs_descr":"Government administration","donor_budget":[19183.84,709648.4299999999,9.79,0.0],"donor_country":["Colombia","Colombia","MULTI-LATERAL AGENCY","Colombia"],"donor_country_id":["COL","COL","MULTI_AGY","COL"],"donor_expend":[12406.220000000001,689775.03,9.53,0.22],"donor_id":["87","1354","737","1022"],"donor_name":["GOVERNMENT OF COLOMBIA","COL-MINISTERIO DE HACIENDA Y C","COL-CCF- COST SHARING - COLOMB","COL-GOBERNACION DE ANTIOQUIA"],"donor_short":["COL","MINHACIEND","CCF - C.S","GOB.ANTIOQ"],"donor_type":["PROGRAMME COUNTRY","PROGRAMME COUNTRY","MULTI-LATERAL AGENCY","PROGRAMME COUNTRY"],"donor_type_id":["PROGCTY","PROGCTY","MULTI_AGY","PROGCTY"],"expenditure":[146640.45,555550.55,1127686.69],"fiscal_year":["2012","2011","2010"],"focus_area":"2","focus_area_descr":"Democratic governance","gender_descr":"No Contribution","gender_id":"GEN0","output_descr":"APOYO ORIENTADO A GENERAR Y DIFUNDIR INFORMACI\u00d3N FINANCIERA TERRITORIAL CONFIABLE, OPORTUNA Y COMPLETA CON Y DE LAS ENTIDADES GUBERNAMENTALES CORRESPONDIENTES.","output_id":"11920","output_title":"FOSIT"}],"project_descr":"APOYO AL FORTALECIMIENTO DEL SISTEMA DE INFORMACION FINANCIERA TERRITORIAL","project_id":"11920","project_title":"FORT. SISTEMA INFORMACION FINANCIERA TERRITORIAL - FOSIT","region_id":"RBLAC","region_name":"Reg Bur Latin Amer & Carib","start":"2000-01-15","subnational":[{"lat":"4","lon":"-72","precision":"9","scope":"4","type":"1"}]}