{"document_name":[],"end":"2011-12-31","fiscal_year":["2011","2010"],"inst_descr":"SECRETARIA DE TRANSITO Y TRANS","inst_id":"794","inst_type_descr":"Gov Counterpart Institution","inst_type_id":"GOV","operating_unit":"Colombia","operating_unit_id":"COL","outputs":[{"award_id":"11947","budget":[11503.91,0],"crs":"15140","crs_descr":"Government administration","donor_budget":[11503.91],"donor_country":["Colombia"],"donor_country_id":["COL"],"donor_expend":[11503.91],"donor_id":["1677"],"donor_name":["COL-SECRETARIA DE TRANSITO Y T"],"donor_short":["SECTRANSP"],"donor_type":["PROGRAMME COUNTRY"],"donor_type_id":["PROGCTY"],"expenditure":[11503.91,11421.45],"fiscal_year":["2011","2010"],"focus_area":"2","focus_area_descr":"Democratic governance","gender_descr":"No Contribution","gender_id":"GEN0","output_descr":"APOYO TECNICO A LA SECRETARIA DE TRANSITO Y TRANSPORTE PARA LA IMPLEMENTACION DEL SISTEMA DE TRANSP.MASIVO TRANSMILENIO","output_id":"11947","output_title":"SISTEMA DE TRANSPORTE MASIVO T"}],"project_descr":"APOYO TECNICO A LA SECRETARIA DE TRANSITO Y TRANSPORTE PARA LA IMPLEMENTACION DEL SISTEMA DE TRANSP.MASIVO TRANSMILENIO","project_id":"11947","project_title":"SISTEMA DE TRANSPORTE MASIVO TRANSMILENIO","region_id":"RBLAC","region_name":"Reg Bur Latin Amer & Carib","start":"2000-10-19","subnational":[{"lat":"4","lon":"-72","precision":"9","scope":"4","type":"1"}]}