{"document_name":[],"end":"2011-07-31","fiscal_year":["2011","2010"],"inst_descr":"MESA DE PLANIFICACION REGIONAL","inst_id":"763","inst_type_descr":"Gov Counterpart Institution","inst_type_id":"GOV","operating_unit":"Colombia","operating_unit_id":"COL","outputs":[{"award_id":"11976","budget":[39249.58,0],"crs":"15110","crs_descr":"Economic and development policy/planning","donor_budget":[37872.67,504.28,9.19,863.44],"donor_country":["Colombia","Colombia","MULTI-LATERAL AGENCY","Colombia"],"donor_country_id":["COL","COL","MULTI_AGY","COL"],"donor_expend":[37871.29,504.29,0.0,863.44],"donor_id":["87","600","737","1026"],"donor_name":["GOVERNMENT OF COLOMBIA","COL-ALCALDIA MAYOR DE SANTAFE","COL-CCF- COST SHARING - COLOMB","COL-GOBERNACION DE CUNDIAMARCA"],"donor_short":["COL","ALC.BOGOTA","CCF - C.S","GOB.CUND."],"donor_type":["PROGRAMME COUNTRY","PROGRAMME COUNTRY","MULTI-LATERAL AGENCY","PROGRAMME COUNTRY"],"donor_type_id":["PROGCTY","PROGCTY","MULTI_AGY","PROGCTY"],"expenditure":[39239.02,-11.53],"fiscal_year":["2011","2010"],"focus_area":"1","focus_area_descr":"Poverty reduction & MDG achievement","gender_descr":"No Contribution","gender_id":"GEN0","output_descr":"ASISTENCIA DE COOPERACION TECNICA A LA MESA DE PLANIFICACION REGIONAL BOGOTA CUNDINAMARCA","output_id":"11976","output_title":"MESA DE PLANIFICACION REGIONAL"}],"project_descr":"ASISTENCIA DE COOPERACION TECNICA A LA MESA DE PLANIFICACION REGIONAL BOGOTA CUNDINAMARCA","project_id":"11976","project_title":"MESA DE PLANIFICACION REGIONAL BOGOTA CUNDINAMARCA","region_id":"RBLAC","region_name":"Reg Bur Latin Amer & Carib","start":"2001-09-2","subnational":[{"lat":"4","lon":"-72","precision":"9","scope":"4","type":"1"}]}