{"document_name":[],"end":"2011-12-31","fiscal_year":["2011","2010"],"inst_descr":"MINISTERIO DE HACIENDA Y CREDI","inst_id":"773","inst_type_descr":"Gov Counterpart Institution","inst_type_id":"GOV","operating_unit":"Colombia","operating_unit_id":"COL","outputs":[{"award_id":"11970","budget":[1815684.53,0],"crs":"15140","crs_descr":"Government administration","donor_budget":[1815684.53],"donor_country":["Colombia"],"donor_country_id":["COL"],"donor_expend":[1786545.55],"donor_id":["1354"],"donor_name":["COL-MINISTERIO DE HACIENDA Y C"],"donor_short":["MINHACIEND"],"donor_type":["PROGRAMME COUNTRY"],"donor_type_id":["PROGCTY"],"expenditure":[1786545.55,1900079.16],"fiscal_year":["2011","2010"],"focus_area":"2","focus_area_descr":"Democratic governance","gender_descr":"No Contribution","gender_id":"GEN0","output_descr":"MODERNIZACION DE LA ADMINISTRACION FINANCIERA PUBLICA II - MAFP II","output_id":"11970","output_title":"MAFP II"}],"project_descr":"MODERNIZACION DE LA ADMINISTRACION FINANCIERA PUBLICA II - MAFP II","project_id":"11970","project_title":"MODERNIZACION DE LA ADMINISTRACION FINANCIERA PUBLICA II","region_id":"RBLAC","region_name":"Reg Bur Latin Amer & Carib","start":"2001-06-01","subnational":[{"lat":"4","lon":"-72","precision":"9","scope":"4","type":"1"}]}