{"document_name":[],"end":"2012-12-31","fiscal_year":["2011","2010","2012"],"inst_descr":"","inst_id":" ","inst_type_descr":"","inst_type_id":"","operating_unit":"Colombia","operating_unit_id":"COL","outputs":[{"award_id":"11997","budget":[0.0],"crs":"15140","crs_descr":"Government administration","donor_budget":[0.0],"donor_country":["Spain"],"donor_country_id":["ESP"],"donor_expend":[-2506.07],"donor_id":["10465"],"donor_name":["AGENCIA CATALANA DE COOP AL DESARROLLO"],"donor_short":["AGENCIA CA"],"donor_type":["NON_PROGRAMME COUNTRY"],"donor_type_id":["NON_PROGCTY"],"expenditure":[-2506.07],"fiscal_year":["2011"],"focus_area":"2","focus_area_descr":"Democratic governance","gender_descr":"Some Contribution","gender_id":"GEN1","output_descr":"PROYECTO REGIONAL DE DESARROLLO HUMANO - PHDR - CATALANES","output_id":"48371","output_title":"PROYECTO REGIONAL PHDR CATALAN"},{"award_id":"11997","budget":[1.0,0.0,0],"crs":"15140","crs_descr":"Government administration","donor_budget":[1.0,0.0,0.0],"donor_country":["MULTI-LATERAL AGENCY","MULTI-LATERAL AGENCY","Colombia"],"donor_country_id":["MULTI_AGY","MULTI_AGY","COL"],"donor_expend":[1826.99,2192.58,1115.8],"donor_id":["12","313","11252"],"donor_name":["UNITED NATIONS DEVELOPMENT PROGRAMME","INCOME GENERATED FROM PROJECTS","IDPAC"],"donor_short":["UNDP","IGP","Convenio d"],"donor_type":["MULTI-LATERAL AGENCY","MULTI-LATERAL AGENCY","PROGRAMME COUNTRY"],"donor_type_id":["MULTI_AGY","MULTI_AGY","PROGCTY"],"expenditure":[0.0,5135.37,6667.41],"fiscal_year":["2012","2011","2010"],"focus_area":"2","focus_area_descr":"Democratic governance","gender_descr":"Some Contribution","gender_id":"GEN1","output_descr":"Proyecto Regional de Desarrollo Humano (PHDR)","output_id":"11997","output_title":"PREPARACION PROYECTO REGIONAL"}],"project_descr":"Preparaci\u00f3n del Proyecto Regional de Desarrollo Humano (PHDR)","project_id":"11997","project_title":"PROYECTO REGIONAL DE DESARROLLO HUMANO","region_id":"RBLAC","region_name":"Reg Bur Latin Amer & Carib","start":"2001-12-01","subnational":[{"lat":"4","lon":"-72","precision":"9","scope":"4","type":"1"},{"lat":"4","lon":"-72","precision":"9","scope":"4","type":"1"}]}