{"document_name":[],"end":"2011-06-3","fiscal_year":["2011","2010"],"inst_descr":"DEPARTAMENTO NACIONAL DE PLANE","inst_id":"720","inst_type_descr":"Gov Counterpart Institution","inst_type_id":"GOV","operating_unit":"Colombia","operating_unit_id":"COL","outputs":[{"award_id":"12022","budget":[39347.97,0],"crs":"15110","crs_descr":"Economic and development policy/planning","donor_budget":[30549.67,70.22,173.22,7321.74,1000.45,232.67],"donor_country":["Colombia","Colombia","Colombia","Colombia","OTHERS","Colombia"],"donor_country_id":["COL","COL","COL","COL","OTH","COL"],"donor_expend":[30473.67,70.22,173.22,7295.27,966.02,11.89],"donor_id":["87","603","610","877","1125","1339"],"donor_name":["GOVERNMENT OF COLOMBIA","COL-ALCALDIA SANTIAGO DE CALI","COL-ALCALDIA METROPOLITANA DE","COL-DEPARTAMENTO NACIONAL DE P","COL-INSTITUTO COLOMBIANO DE BI","COL-MINISTERIO DEL MEDIO AMBIE"],"donor_short":["COL","ALC.CALI","ALC.MEDELL","DNP","ICBF","MINAMBIENT"],"donor_type":["PROGRAMME COUNTRY","PROGRAMME COUNTRY","PROGRAMME COUNTRY","PROGRAMME COUNTRY","PRIVATE SECTOR","PROGRAMME COUNTRY"],"donor_type_id":["PROGCTY","PROGCTY","PROGCTY","PROGCTY","PRIV","PROGCTY"],"expenditure":[38990.29,161125.24],"fiscal_year":["2011","2010"],"focus_area":"1","focus_area_descr":"Poverty reduction & MDG achievement","gender_descr":"No Contribution","gender_id":"GEN0","output_descr":"ACTUALIZAR EL SISBEN Y CAPACITAR A LOS ENTES TERRITORIALES FRENTE A LOS CONTROLES DE CALIDAD Y LA IMPLEMENTACI\u00d3N DEL NUEVO SISBEN EN LOS MUNICIPIOS","output_id":"12022","output_title":"ACTUALIZACION SISBEN"}],"project_descr":"Implementaci\u00f3n del Nuevo Sistema de Focalizaci\u00f3n Individual del Gasto Social (SISBEN) en los municipios de Colombia","project_id":"12022","project_title":"ACTUALIZACION SISBEN","region_id":"RBLAC","region_name":"Reg Bur Latin Amer & Carib","start":"2002-11-01","subnational":[{"lat":"4.60971","lon":"-74.08175","precision":"2","scope":"1","type":"1"}]}