{"document_name":[],"end":"2011-12-15","fiscal_year":["2011","2010"],"inst_descr":"DEPARTAMENTO ADMINISTRATIVO DE","inst_id":"715","inst_type_descr":"Gov Counterpart Institution","inst_type_id":"GOV","operating_unit":"Colombia","operating_unit_id":"COL","outputs":[{"award_id":"12020","budget":[9928.41,0],"crs":"99810","crs_descr":"Sectors Not Specified","donor_budget":[9928.41],"donor_country":["Colombia"],"donor_country_id":["COL"],"donor_expend":[9925.41],"donor_id":["850"],"donor_name":["COL-DEPARTAMENTO ADMINISTRATIV"],"donor_short":["DAPRE"],"donor_type":["PROGRAMME COUNTRY"],"donor_type_id":["PROGCTY"],"expenditure":[9925.41,287302.55],"fiscal_year":["2011","2010"],"focus_area":"-","focus_area_descr":"-","gender_descr":"No Contribution","gender_id":"GEN0","output_descr":"PROGRAMA DE APOYO A LA GESTION GUBERNAMENTAL A TRAVES DE LOS CONSEJOS COMUNALES DE GOBIERNO Y ESTRATEGIAS DE COMUNICACI\u00d3N","output_id":"12020","output_title":"CONSEJOS COMUNALES DE GOBIERNO"}],"project_descr":"PROGRAMA DE APOYO A LA GESTION GUBERNAMENTAL A TRAVES DE  LOS CONSEJOS COMUNALES DE GOBIERNO Y ESTRATEGIAS  DE COMUNICAC","project_id":"12020","project_title":"CONSEJOS COMUNALES DE GOBIERNO Y ESTRATEGIAS","region_id":"RBLAC","region_name":"Reg Bur Latin Amer & Carib","start":"2002-10-01","subnational":[{"lat":"4","lon":"-72","precision":"9","scope":"4","type":"1"}]}