{"document_name":[],"end":"2012-12-31","fiscal_year":["2011","2010","2012","2013"],"inst_descr":"","inst_id":" ","inst_type_descr":"","inst_type_id":"","operating_unit":"Costa Rica","operating_unit_id":"CRI","outputs":[{"award_id":"12093","budget":[332648.0,305148.0,234650.0,0],"crs":"41010","crs_descr":"Environmental policy and administrative management","donor_budget":[872446.0],"donor_country":["MULTI-LATERAL AGENCY"],"donor_country_id":["MULTI_AGY"],"donor_expend":[328121.39999999997],"donor_id":["10009"],"donor_name":["MONTREAL PROTOCOL"],"donor_short":["MPU"],"donor_type":["MULTI-LATERAL AGENCY"],"donor_type_id":["MULTI_AGY"],"expenditure":[77388.73,155596.8,95135.87,139210.56],"fiscal_year":["2013","2012","2011","2010"],"focus_area":"4","focus_area_descr":"Environment & sustainable development","gender_descr":"No Contribution","gender_id":"GEN0","output_descr":"Proyecto para erradicar el uso del Metilo de Brumuro en los cultivos de mel\u00f3n, flor cortada, banano, tabaco y viveros.","output_id":"12093","output_title":"ALTERNATIVAS BROMURO DE METILO"}],"project_descr":"Proyecto para erradicar el uso del Metilo de Brumuro en los cultivos de mel\u00f3n, flor cortada, banano, tabaco y viveros.","project_id":"12093","project_title":"ALTERNATIVAS BROMURO DE METILO","region_id":"RBLAC","region_name":"Reg Bur Latin Amer & Carib","start":"2003-08-01","subnational":[{"lat":"10","lon":"-84","precision":"9","scope":"4","type":"1"}]}