{"document_name":[],"end":"2010-12-31","fiscal_year":["2011","2010"],"inst_descr":"","inst_id":" ","inst_type_descr":"","inst_type_id":"","operating_unit":"China","operating_unit_id":"CHN","outputs":[{"award_id":"12107","budget":[610.0,0],"crs":"41010","crs_descr":"Environmental policy and administrative management","donor_budget":[610.0],"donor_country":["MULTI-LATERAL AGENCY"],"donor_country_id":["MULTI_AGY"],"donor_expend":[610.0],"donor_id":["10003"],"donor_name":["Global Environment Fund Trustee"],"donor_short":["GEFTrustee"],"donor_type":["MULTI-LATERAL AGENCY"],"donor_type_id":["MULTI_AGY"],"expenditure":[610.0,13368.0],"fiscal_year":["2011","2010"],"focus_area":"4","focus_area_descr":"Environment & sustainable development","gender_descr":"Some Contribution","gender_id":"GEN1","output_descr":"CAPACITY BUILDING FOR RAPID COMMERCIALIZATION OF RENEWABLE ENERGY IN CHINA","output_id":"12107","output_title":"CPR97G31 - Renewable Energy"}],"project_descr":"CAPACITY BUILDING FOR RAPID COMMERCIALIZATION OF RENEWABLE ENERGY IN CHINA","project_id":"12107","project_title":"Capacity Building for Renewable Energy","region_id":"RBAP","region_name":"Reg Bureau for Asia & Pacific","start":"1999-03-01","subnational":[]}