{"document_name":[],"end":"2011-12-31","fiscal_year":["2011"],"inst_descr":"","inst_id":" ","inst_type_descr":"","inst_type_id":"","operating_unit":"China","operating_unit_id":"CHN","outputs":[{"award_id":"12108","budget":[60132.4],"crs":"41010","crs_descr":"Environmental policy and administrative management","donor_budget":[60131.4,1.0],"donor_country":["MULTI-LATERAL AGENCY","MULTI-LATERAL AGENCY"],"donor_country_id":["MULTI_AGY","MULTI_AGY"],"donor_expend":[0.0,0.0],"donor_id":["12","10003"],"donor_name":["UNITED NATIONS DEVELOPMENT PROGRAMME","Global Environment Fund Trustee"],"donor_short":["UNDP","GEFTrustee"],"donor_type":["MULTI-LATERAL AGENCY","MULTI-LATERAL AGENCY"],"donor_type_id":["MULTI_AGY","MULTI_AGY"],"expenditure":[0.0],"fiscal_year":["2011"],"focus_area":"4","focus_area_descr":"Environment & sustainable development","gender_descr":"Some Contribution","gender_id":"GEN1","output_descr":"BARRIER REMOVAL FOR THE WIDESPREAD COMMERCIALIZATION OF ENERGY-EFFICIENT CFC-FREE REFRIGERATORS IN CHINA","output_id":"12108","output_title":"CFC-free  Refrigerator"}],"project_descr":"BARRIER REMOVAL FOR THE WIDESPREAD COMMERCIALIZATION OF ENERGY-EFFICIENT CFC-FREE REFRIGERATORS IN CHINA","project_id":"12108","project_title":"BARRIER REMOVAL FORCOMMERCIAL OF EE CFCFREE REFRIGERATOR","region_id":"RBAP","region_name":"Reg Bureau for Asia & Pacific","start":"1999-05-01","subnational":[]}