{"document_name":[],"end":"2011-12-31","fiscal_year":["2011","2010","2012"],"inst_descr":"","inst_id":" ","inst_type_descr":"","inst_type_id":"","operating_unit":"China","operating_unit_id":"CHN","outputs":[{"award_id":"12117","budget":[882957.0,891886.36,0],"crs":"99810","crs_descr":"Sectors Not Specified","donor_budget":[1774843.3599999999],"donor_country":["MULTI-LATERAL AGENCY"],"donor_country_id":["MULTI_AGY"],"donor_expend":[891885.96],"donor_id":["10009"],"donor_name":["MONTREAL PROTOCOL"],"donor_short":["MPU"],"donor_type":["MULTI-LATERAL AGENCY"],"donor_type_id":["MULTI_AGY"],"expenditure":[882957.0,8928.96,92129.12],"fiscal_year":["2012","2011","2010"],"focus_area":"-","focus_area_descr":"-","gender_descr":"Some Contribution","gender_id":"GEN1","output_descr":" ","output_id":"12117","output_title":"Solvent Sector Plan"}],"project_descr":"Solvent Sector Plan for Ozone Depleting Substance Phaseout in China","project_id":"12117","project_title":"Solvent Sector Plan","region_id":"RBAP","region_name":"Reg Bureau for Asia & Pacific","start":"2004-01-01","subnational":[{"lat":"35","lon":"105","precision":"9","scope":"4","type":"2"}]}