{"document_name":[],"end":"2008-12-31","fiscal_year":["2012"],"inst_descr":"","inst_id":" ","inst_type_descr":"","inst_type_id":"","operating_unit":"China","operating_unit_id":"CHN","outputs":[{"award_id":"12123","budget":[24508.0],"crs":"99810","crs_descr":"Sectors Not Specified","donor_budget":[24507.0,1.0],"donor_country":["People's Republic of China","MULTI-LATERAL AGENCY"],"donor_country_id":["CHN","MULTI_AGY"],"donor_expend":[24507.0,-22092.37],"donor_id":["89","10003"],"donor_name":["GOVERNMENT OF CHINA","GEFTrustee"],"donor_short":["CPR","GEFTrustee"],"donor_type":["PROGRAMME COUNTRY","MULTI-LATERAL AGENCY"],"donor_type_id":["PROGCTY","MULTI_AGY"],"expenditure":[2414.63],"fiscal_year":["2012"],"focus_area":"-","focus_area_descr":"-","gender_descr":"Some Contribution","gender_id":"GEN1","output_descr":"MULTI-AGENCY AND LOCAL PARTICIPATORY COOPERATION IN BIODIVERISTY CONSERVATION IN YUNNAN UPLAND ECOSYSTEMS","output_id":"12123","output_title":"CPR00G35 - Yunnan Uplands"}],"project_descr":"MULTI-AGENCY AND LOCAL PARTICIPATORY COOPERATION IN BIODIVERISTY CONSERVATION IN YUNNAN UPLAND ECOSYSTEMS","project_id":"12123","project_title":"PIMS 968 BD MSP: Yunnan Upland Ecosystem","region_id":"RBAP","region_name":"Reg Bureau for Asia & Pacific","start":"2001-06-01","subnational":[]}