{"document_name":[],"end":"2011-12-31","fiscal_year":["2011"],"inst_descr":"","inst_id":" ","inst_type_descr":"","inst_type_id":"","operating_unit":"China","operating_unit_id":"CHN","outputs":[{"award_id":"12138","budget":[2138.06],"crs":"41010","crs_descr":"Environmental policy and administrative management","donor_budget":[2137.06,1.0],"donor_country":["MULTI-LATERAL AGENCY","MULTI-LATERAL AGENCY"],"donor_country_id":["MULTI_AGY","MULTI_AGY"],"donor_expend":[0.0,-295.5],"donor_id":["12","10003"],"donor_name":["UNITED NATIONS DEVELOPMENT PROGRAMME","Global Environment Fund Trustee"],"donor_short":["UNDP","GEFTrustee"],"donor_type":["MULTI-LATERAL AGENCY","MULTI-LATERAL AGENCY"],"donor_type_id":["MULTI_AGY","MULTI_AGY"],"expenditure":[-295.5],"fiscal_year":["2011"],"focus_area":"4","focus_area_descr":"Environment & sustainable development","gender_descr":"No Contribution","gender_id":"GEN0","output_descr":"Targeted Research Related to Climate Change","output_id":"12138","output_title":"CPR/00/G33 - Target Research"}],"project_descr":"Targeted Research Related to Climate Change","project_id":"12138","project_title":"Pims 2187 CC FSP: Targeted Research on  CC in China","region_id":"RBAP","region_name":"Reg Bureau for Asia & Pacific","start":"2001-10-15","subnational":[]}