{"document_name":[],"end":"2008-12-31","fiscal_year":["2012"],"inst_descr":"","inst_id":" ","inst_type_descr":"","inst_type_id":"","operating_unit":"China","operating_unit_id":"CHN","outputs":[{"award_id":"12157","budget":[0.0],"crs":"99810","crs_descr":"Sectors Not Specified","donor_budget":[0.0],"donor_country":["MULTI-LATERAL AGENCY"],"donor_country_id":["MULTI_AGY"],"donor_expend":[0.0],"donor_id":["12"],"donor_name":["UNITED NATIONS DEVELOPMENT PROGRAMME"],"donor_short":["UNDP"],"donor_type":["MULTI-LATERAL AGENCY"],"donor_type_id":["MULTI_AGY"],"expenditure":[0.0],"fiscal_year":["2012"],"focus_area":"-","focus_area_descr":"-","gender_descr":"-","gender_id":"-","output_descr":"Building Capacity for the Clean Development Mechanism in China -","output_id":"12157","output_title":"Capacity Building for CDM Mech"}],"project_descr":"Building Capacity for the Clean Development Mechanism in China - Planning Grant","project_id":"12157","project_title":"Capacity Building for CDM Mechanism","region_id":"RBAP","region_name":"Reg Bureau for Asia & Pacific","start":"2003-04-28","subnational":[]}