{"document_name":[],"end":"2012-12-31","fiscal_year":["2012"],"inst_descr":"","inst_id":" ","inst_type_descr":"","inst_type_id":"","operating_unit":"Cuba","operating_unit_id":"CUB","outputs":[{"award_id":"12176","budget":[1.0],"crs":"99810","crs_descr":"Sectors Not Specified","donor_budget":[1.0],"donor_country":["MULTI-LATERAL AGENCY"],"donor_country_id":["MULTI_AGY"],"donor_expend":[0.0],"donor_id":["12"],"donor_name":["UNITED NATIONS DEVELOPMENT PROGRAMME"],"donor_short":["UNDP"],"donor_type":["MULTI-LATERAL AGENCY"],"donor_type_id":["MULTI_AGY"],"expenditure":[0.0],"fiscal_year":["2012"],"focus_area":"-","focus_area_descr":"-","gender_descr":"Some Contribution","gender_id":"GEN1","output_descr":"Acciones prioritarias para consolidar la protecci\u00f3n de la biodiversidad en el ecosistema Sabana-Camag\u00fcey","output_id":"12176","output_title":"PIMS 1326 BD FSP:SABANA-CAMAGU"}],"project_descr":"Acciones prioritarias para consolidar la protecci\u00f3n de la biodiversidad en el ecosistema Sabana-Camag\u00fcey","project_id":"12176","project_title":"PIMS 1326 BD FSP:SABANA-CAMAGUEY PHASE II","region_id":"RBLAC","region_name":"Reg Bur Latin Amer & Carib","start":"1999-12-01","subnational":[]}