{"document_name":[],"end":"2013-12-31","fiscal_year":["2011","2010","2012","2013"],"inst_descr":"","inst_id":" ","inst_type_descr":"","inst_type_id":"","operating_unit":"Croatia","operating_unit_id":"HRV","outputs":[{"award_id":"12171","budget":[133340.83],"crs":"15110","crs_descr":"Economic and development policy/planning","donor_budget":[30500.0,50000.0,7455.98,45384.85],"donor_country":["MULTI-LATERAL AGENCY","MULTI-LATERAL AGENCY","Croatia","OTHERS"],"donor_country_id":["MULTI_AGY","MULTI_AGY","HRV","OTH"],"donor_expend":[0.0,1950.46,0.0,24494.79],"donor_id":["12","32","11807","11995"],"donor_name":["UNITED NATIONS DEVELOPMENT PROGRAMME","UNITED NATIONS DEVELOPMENT FUND FOR WOME","MoSPY",""],"donor_short":["UNDP","UN Women","MoSPY",""],"donor_type":["MULTI-LATERAL AGENCY","MULTI-LATERAL AGENCY","PROGRAMME COUNTRY",""],"donor_type_id":["MULTI_AGY","MULTI_AGY","PROGCTY",""],"expenditure":[26445.25],"fiscal_year":["2013"],"focus_area":"1","focus_area_descr":"Poverty reduction & MDG achievement","gender_descr":"Principal Objective","gender_id":"GEN3","output_descr":"Wartime Victims of Sexual Violence","output_id":"85501","output_title":"Wartime Victims"},{"award_id":"12171","budget":[142485.0],"crs":"15110","crs_descr":"Economic and development policy/planning","donor_budget":[21245.0,121240.0],"donor_country":["MULTI-LATERAL AGENCY","OTHERS"],"donor_country_id":["MULTI_AGY","OTH"],"donor_expend":[1208.0,42793.22],"donor_id":["12","983"],"donor_name":["UNITED NATIONS DEVELOPMENT PROGRAMME","BYE-FOUNDATION OPEN SOCIETY IN"],"donor_short":["UNDP","FOSI"],"donor_type":["MULTI-LATERAL AGENCY","PRIVATE SECTOR"],"donor_type_id":["MULTI_AGY","PRIV"],"expenditure":[44001.22],"fiscal_year":["2013"],"focus_area":"1","focus_area_descr":"Poverty reduction & MDG achievement","gender_descr":"Significant Objective","gender_id":"GEN2","output_descr":"Inclusion of Roma in Medjimurje\t\t\t\t\t\t\t\t\t\t","output_id":"85362","output_title":"Inclusion of Roma - Medjimurje"},{"award_id":"12171","budget":[32942.0,23164.01,96703.9,0],"crs":"15110","crs_descr":"Economic and development policy/planning","donor_budget":[105150.0,47659.91],"donor_country":["MULTI-LATERAL AGENCY","Croatia"],"donor_country_id":["MULTI_AGY","HRV"],"donor_expend":[79709.31000000001,24396.89],"donor_id":["12","11152"],"donor_name":["UNITED NATIONS DEVELOPMENT PROGRAMME","MINISTRY OF FAMILY, VETERANS"],"donor_short":["UNDP","MFVAIS"],"donor_type":["MULTI-LATERAL AGENCY","PROGRAMME COUNTRY"],"donor_type_id":["MULTI_AGY","PROGCTY"],"expenditure":[2559.96,18222.2,83324.04,95084.44],"fiscal_year":["2013","2012","2011","2010"],"focus_area":"1","focus_area_descr":"Poverty reduction & MDG achievement","gender_descr":"Some Contribution","gender_id":"GEN1","output_descr":"THE RIGHT TO LIVE IN THE COMMUNITY, SOCIAL INCLUSION AND PEOPLE WITH DISABILITIES","output_id":"53230","output_title":"People with disabilities"},{"award_id":"12171","budget":[97947.23,162913.89,45172.79,0],"crs":"15110","crs_descr":"Economic and development policy/planning","donor_budget":[187722.0,5675.96,44227.48,11500.0,56908.47],"donor_country":["MULTI-LATERAL AGENCY","Croatia","Croatia","OTHERS","Croatia"],"donor_country_id":["MULTI_AGY","HRV","HRV","OTH","HRV"],"donor_expend":[154259.40999999997,1651.98,30988.38,6030.45,30408.63],"donor_id":["12","11152","11175","983","11807"],"donor_name":["UNITED NATIONS DEVELOPMENT PROGRAMME","MINISTRY OF FAMILY, VETERANS","MINISTRY OF HEALTH","BYE-FOUNDATION OPEN SOCIETY IN","MoSPY"],"donor_short":["UNDP","MFVAIS","HRV-MHSW","FOSI","MoSPY"],"donor_type":["MULTI-LATERAL AGENCY","PROGRAMME COUNTRY","PROGRAMME COUNTRY","PRIVATE SECTOR","PROGRAMME COUNTRY"],"donor_type_id":["MULTI_AGY","PROGCTY","PROGCTY","PRIV","PROGCTY"],"expenditure":[58024.25,129832.65,35481.95,34298.49],"fiscal_year":["2013","2012","2011","2010"],"focus_area":"1","focus_area_descr":"Poverty reduction & MDG achievement","gender_descr":"Significant Objective","gender_id":"GEN2","output_descr":"Strengthening social inclusion policies","output_id":"12171","output_title":"Strengthening social inclusion"}],"project_descr":"Strenghtening social inclusion governance with emphasis on support to marginalized groups","project_id":"12171","project_title":"Stregthening social inclusion governance","region_id":"RBEC","region_name":"Reg Bur for Europe & CIS","start":"2003-12-01","subnational":[{"lat":"44.11972","lon":"15.24222","precision":"3","scope":"1","type":"2"},{"lat":"44.11972","lon":"15.24222","precision":"3","scope":"1","type":"2"}]}