{"document_name":[],"end":"2012-12-31","fiscal_year":["2011","2010","2012"],"inst_descr":"","inst_id":" ","inst_type_descr":"","inst_type_id":"","operating_unit":"Cuba","operating_unit_id":"CUB","outputs":[{"award_id":"12175","budget":[9285.23,34356.58,0],"crs":"15140","crs_descr":"Government administration","donor_budget":[4002.9900000000007,1719.4,784.47,23020.52,557.73,12.68,9231.08,119.91999999999999,0.21,2690.66,17.33,0.69,1133.95,350.16,0.02],"donor_country":["OTHERS","OTHERS","OTHERS","OTHERS","OTHERS","OTHERS","OTHERS","OTHERS","OTHERS","OTHERS","OTHERS","OTHERS","OTHERS","OTHERS","OTHERS"],"donor_country_id":["OTH","OTH","OTH","OTH","OTH","OTH","OTH","OTH","OTH","OTH","OTH","OTH","OTH","OTH","OTH"],"donor_expend":[4348.27,1719.4,784.47,23020.52,267.91,6.34,9231.08,70.8,0.2,2690.67,17.33,0.69,1133.95,350.16,0.02],"donor_id":["10456","10459","10461","10567","10574","10575","10591","10798","29","10453","10454","10455","10460","10592","10797"],"donor_name":["BEAZ","FAMSI DECENTRALIZED COOP COMMITTEE","VIAREGGIO DECENTRALIZED COOP COMMITTEE","EUKAL FONDOA","GRET-GRUPO DE INVERSTIGATCION E INTERCAM","UNIVERSIDAD DE YORK CANADA","COMITE SIENA","AGENCIA ADELANTE","INTERNATIONAL NON-GOVERNMENTAL ORGANIZAT","FOLIGNO DECENTRALIZED COOP","CECINA DECENTRALIZED COOP COMMITTEE","BERGAMO DECENTRALIZED COOP COMMITTEE","FLORENCIA  DECENTRALIZED COOP COMMITTEE","COMITE DE COOPERACION DESCENTRALIZADA LIVORNO","COMITE PARA LA COOPERACION ZONA DEL CUERO"],"donor_short":["BEAZ","FAMSI","VIAREGGIO","CUB-EUSKAL","ONG-GRET","CUB-Univyo","CUB-SIENA","CUB-ADELAN","NGO(INTL)","FOLIGNO DE","CECINA DEC","BERGAMO DE","FLORENCIA","LIVORNO","CUB-ZCUERO"],"donor_type":["PRIVATE SECTOR","PRIVATE SECTOR","PRIVATE SECTOR","PRIVATE SECTOR","PRIVATE SECTOR","PRIVATE SECTOR","PRIVATE SECTOR","PRIVATE SECTOR","PRIVATE SECTOR","PRIVATE SECTOR","PRIVATE SECTOR","PRIVATE SECTOR","PRIVATE SECTOR","PRIVATE SECTOR","PRIVATE SECTOR"],"donor_type_id":["PRIV","PRIV","PRIV","PRIV","PRIV","PRIV","PRIV","PRIV","PRIV","PRIV","PRIV","PRIV","PRIV","PRIV","PRIV"],"expenditure":[9285.23,34356.58,69985.23],"fiscal_year":["2012","2011","2010"],"focus_area":"2","focus_area_descr":"Democratic governance","gender_descr":"No Contribution","gender_id":"GEN0","output_descr":"Apoyo al Programa de Desarrollo Humano a Nivel Local (PDHL)","output_id":"12175","output_title":"Programa Desarrollo Humano"}],"project_descr":"Apoyo al Programa de Desarrollo Humano a Nivel Local (PDHL)- Comit\u00e9s de Cooperaci\u00f3n Descentralizada.","project_id":"12175","project_title":"Desarrollo Humano Local (Comit\u00e9s Coop. Descentralizada)","region_id":"RBLAC","region_name":"Reg Bur Latin Amer & Carib","start":"1999-01-03","subnational":[{"lat":"22","lon":"-79.5","precision":"9","scope":"4","type":"1"}]}