{"document_name":[],"end":"2013-12-31","fiscal_year":["2011","2010","2012"],"inst_descr":"","inst_id":" ","inst_type_descr":"","inst_type_id":"","operating_unit":"Cuba","operating_unit_id":"CUB","outputs":[{"award_id":"12188","budget":[289068.62,240648.87,0],"crs":"41010","crs_descr":"Environmental policy and administrative management","donor_budget":[529717.49],"donor_country":["MULTI-LATERAL AGENCY"],"donor_country_id":["MULTI_AGY"],"donor_expend":[124051.19000000002],"donor_id":["10003"],"donor_name":["Global Environment Fund Trustee"],"donor_short":["GEFTrustee"],"donor_type":["MULTI-LATERAL AGENCY"],"donor_type_id":["MULTI_AGY"],"expenditure":[-47702.95,171754.14,104057.2],"fiscal_year":["2012","2011","2010"],"focus_area":"4","focus_area_descr":"Environment & sustainable development","gender_descr":"No Contribution","gender_id":"GEN0","output_descr":"Demonstration of Innovative Approaches to the rehabilitation of heavily contaminated bays in the Wider Caribbean.","output_id":"12188","output_title":"BAHIAS CONTAMINADAS CARIBE"}],"project_descr":"Demonstration of Innovative Approaches to the rehabilitation of heavily contaminated bays in the Wider Caribbean. PIMS 1443 IW FSP Cuba","project_id":"12188","project_title":"REHABILITATION OF CARIBBEAN HEAVILY CONTAMINATED BAYS","region_id":"RBLAC","region_name":"Reg Bur Latin Amer & Carib","start":"2002-01-01","subnational":[{"lat":"22","lon":"-79.5","precision":"9","scope":"4","type":"1"}]}