{"document_name":[],"end":"2012-12-31","fiscal_year":["2011","2010","2012","2013"],"inst_descr":"","inst_id":" ","inst_type_descr":"","inst_type_id":"","operating_unit":"Cuba","operating_unit_id":"CUB","outputs":[{"award_id":"12189","budget":[126971.99,130067.46,118286.13,0],"crs":"41010","crs_descr":"Environmental policy and administrative management","donor_budget":[375325.58],"donor_country":["Norway"],"donor_country_id":["NOR"],"donor_expend":[27333.13],"donor_id":["187"],"donor_name":["GOVERNMENT OF NORWAY"],"donor_short":["NOR"],"donor_type":["NON_PROGRAMME COUNTRY"],"donor_type_id":["NON_PROGCTY"],"expenditure":[0.0,3095.47,24237.66,10400.42],"fiscal_year":["2013","2012","2011","2010"],"focus_area":"4","focus_area_descr":"Environment & sustainable development","gender_descr":"No Contribution","gender_id":"GEN0","output_descr":"PROYECTO DEMOSTRATIVO DE VIVIENDAS CON TECNOLOGIA PARA RECICLAJE DE RESIDUALES DOMESTICOS","output_id":"12189","output_title":"CERO EMISION RESIDUALES"}],"project_descr":"PROYECTO DEMOSTRATIVO DE VIVIENDAS CON TECNOLOGIA PARA RECICLAJE DE RESIDUALES DOMESTICOS","project_id":"12189","project_title":"TECNOLOGIA PARA RECICLAJE DE RESIDUALES DOMESTICOS","region_id":"RBLAC","region_name":"Reg Bur Latin Amer & Carib","start":"2002-05-01","subnational":[{"lat":"22","lon":"-79.5","precision":"9","scope":"4","type":"1"}]}