{"document_name":[],"end":"2012-12-31","fiscal_year":["2012"],"inst_descr":"","inst_id":" ","inst_type_descr":"","inst_type_id":"","operating_unit":"Cuba","operating_unit_id":"CUB","outputs":[{"award_id":"12199","budget":[898.57],"crs":"99810","crs_descr":"Sectors Not Specified","donor_budget":[898.57],"donor_country":["Italy"],"donor_country_id":["ITA"],"donor_expend":[0.0],"donor_id":["137"],"donor_name":["GOVERNMENT OF ITALY"],"donor_short":["ITA"],"donor_type":["NON_PROGRAMME COUNTRY"],"donor_type_id":["NON_PROGCTY"],"expenditure":[0.0],"fiscal_year":["2012"],"focus_area":"-","focus_area_descr":"-","gender_descr":"No Contribution","gender_id":"GEN0","output_descr":"APOYO A LA IMPLEMENTACI\u00d3N DEL PROGRAMA DE ALIANZAS PARA LA REDUCCI\u00d3N DE LA POBREZA","output_id":"12199","output_title":"Reducci\u00f3n de la pobreza"}],"project_descr":"APOYO A LA IMPLEMENTACI\u00d3N DEL PROGRAMA DE ALIANZAS PARA LA REDUCCI\u00d3N DE LA POBREZA","project_id":"12199","project_title":"Reducci\u00f3n de la pobreza","region_id":"RBLAC","region_name":"Reg Bur Latin Amer & Carib","start":"2003-01-01","subnational":[]}