{"document_name":[],"end":"2012-12-31","fiscal_year":["2011","2012","2013"],"inst_descr":"","inst_id":" ","inst_type_descr":"","inst_type_id":"","operating_unit":"Cuba","operating_unit_id":"CUB","outputs":[{"award_id":"12210","budget":[11148.57,11910.15,67086.7],"crs":"15140","crs_descr":"Government administration","donor_budget":[9.81,52932.87,22722.66,182.37,286.19,709.81,66.72,1120.2,13.85,952.37,11148.57],"donor_country":["MULTI-LATERAL AGENCY","OTHERS","Canada","Spain","MULTI-LATERAL AGENCY","OTHERS","OTHERS","OTHERS","OTHERS","OTHERS","United Kingdom"],"donor_country_id":["MULTI_AGY","OTH","CAN","ESP","MULTI_AGY","OTH","OTH","OTH","OTH","OTH","GBR"],"donor_expend":[9.81,39963.28,11177.199999999999,0.8500000000000001,286.19,709.81,66.72,1120.2,13.85,952.37,0.0],"donor_id":["24","29","78","220","291","922","10451","10463","10566","10594","248"],"donor_name":["INTERNATIONAL FINANCE CORPORATION","INTERNATIONAL NON-GOVERNMENTAL ORGANIZAT","GOVERNMENT OF CANADA","GOVERNMENT OF SPAIN","ORGANIZATION OF PETROLEUM EXPORTING COUN","CUB-ESCUELA TECNICA EMPRESARIO","CREMONA DECENTRALIZED COOR COMMITTEE","REGIONE LOMBARDIA","HEGOA - DESCENTRALIZED COOPETATION COMM","FUNDACION AMISTAD","GOVERNMENT OF UNITED KINGDOM"],"donor_short":["IFC","NGO(INTL)","CAN","SPA","OPEC","ETEA","CREMONA","LOMBARDIA","CUB-HEGOA","CUB-AMISTA","UKM"],"donor_type":["MULTI-LATERAL AGENCY","PRIVATE SECTOR","NON_PROGRAMME COUNTRY","NON_PROGRAMME COUNTRY","MULTI-LATERAL AGENCY","OTHERS","PRIVATE SECTOR","PRIVATE SECTOR","PRIVATE SECTOR","PRIVATE SECTOR","NON_PROGRAMME COUNTRY"],"donor_type_id":["MULTI_AGY","PRIV","NON_PROGCTY","NON_PROGCTY","MULTI_AGY","OTH","PRIV","PRIV","PRIV","PRIV","NON_PROGCTY"],"expenditure":[0.0,11910.15,42390.13],"fiscal_year":["2013","2012","2011"],"focus_area":"2","focus_area_descr":"Democratic governance","gender_descr":"No Contribution","gender_id":"GEN0","output_descr":"Apoyo al Programa de Desarrollo Humano a Nivel Local (fondos de la Cooperaci\u00f3n Descentralizada)","output_id":"12210","output_title":"Programa Desarrollo Humano"}],"project_descr":"Apoyo al Programa de Desarrollo Humano Local (Fondos de la Cooperaci\u00f3n Descentralizada)","project_id":"12210","project_title":"COOPERACION DESCENTRALIZADA-PROGRAMA DESARROLLO LOCAL","region_id":"RBLAC","region_name":"Reg Bur Latin Amer & Carib","start":"2003-06-3","subnational":[{"lat":"22","lon":"-79.5","precision":"9","scope":"4","type":"1"}]}