{"document_name":[],"end":"2012-12-31","fiscal_year":["2011","2010","2012"],"inst_descr":"","inst_id":" ","inst_type_descr":"","inst_type_id":"","operating_unit":"Cuba","operating_unit_id":"CUB","outputs":[{"award_id":"12212","budget":[39.43,387.1,0],"crs":"15140","crs_descr":"Government administration","donor_budget":[426.53000000000003],"donor_country":["Switzerland"],"donor_country_id":["CHE"],"donor_expend":[181.0],"donor_id":["232"],"donor_name":["GOVERNMENT OF SWITZERLAND"],"donor_short":["SWI"],"donor_type":["NON_PROGRAMME COUNTRY"],"donor_type_id":["NON_PROGCTY"],"expenditure":[220.43,-39.43,7424.42],"fiscal_year":["2012","2011","2010"],"focus_area":"2","focus_area_descr":"Democratic governance","gender_descr":"No Contribution","gender_id":"GEN0","output_descr":"Apoyo al Programa de Desarrollo Humano Local (PDHL) con fondos de la cooperaci\u00f3n Suiza - COSUDE.","output_id":"12212","output_title":"Desarrollo Humano Local"}],"project_descr":"Desarrollo Humano Local (fondos Cooperaci\u00f3n Suiza - COSUDE)","project_id":"12212","project_title":"Desarrollo Humano Local (fondos Cooperaci\u00f3n Suiza)","region_id":"RBLAC","region_name":"Reg Bur Latin Amer & Carib","start":"2003-06-3","subnational":[{"lat":"22","lon":"-79.5","precision":"9","scope":"4","type":"1"}]}