{"document_name":[],"end":"2012-12-31","fiscal_year":["2011","2012"],"inst_descr":"","inst_id":" ","inst_type_descr":"","inst_type_id":"","operating_unit":"Cuba","operating_unit_id":"CUB","outputs":[{"award_id":"12211","budget":[44.38,-56880.36],"crs":"99810","crs_descr":"Sectors Not Specified","donor_budget":[-56835.98],"donor_country":["MULTI-LATERAL AGENCY"],"donor_country_id":["MULTI_AGY"],"donor_expend":[-56880.45],"donor_id":["327"],"donor_name":["GLOBAL FUND TO FIGHT AIDS, TUBERCULOSIS"],"donor_short":["GFATM"],"donor_type":["MULTI-LATERAL AGENCY"],"donor_type_id":["MULTI_AGY"],"expenditure":[44.47,-56924.92],"fiscal_year":["2012","2011"],"focus_area":"-","focus_area_descr":"-","gender_descr":"Significant Objective","gender_id":"GEN2","output_descr":"FORTALECIMIENTO DE LA RESPUESTA NACIONAL  MULTISECTORIAL PARA LA PREVENCI\u00d3N Y ATENCION DE LA  EPIDEMIA DEL  VIH/SIDA 1.","output_id":"12211","output_title":"Prevenci\u00f3n Vih/sida Cuba Fase1"}],"project_descr":"FORTALECIMIENTO DE LA RESPUESTA NACIONAL  MULTISECTORIAL PARA LA PREVENCI\u00d3N Y ATENCION DE LA  EPIDEMIA DEL  VIH/SIDA 1.","project_id":"12211","project_title":"Prevenci\u00f3n VIH/sida Cuba- Fase 1","region_id":"RBLAC","region_name":"Reg Bur Latin Amer & Carib","start":"2003-08-01","subnational":[{"lat":"22","lon":"-79.5","precision":"9","scope":"4","type":"1"}]}