{"document_name":[],"end":"2011-12-31","fiscal_year":["2011","2010","2012"],"inst_descr":"National Execution","inst_id":"898","inst_type_descr":"Gov Counterpart Institution","inst_type_id":"GOV","operating_unit":"Cape Verde","operating_unit_id":"CPV","outputs":[{"award_id":"12226","budget":[1.0,0.0,0],"crs":"99810","crs_descr":"Sectors Not Specified","donor_budget":[1.0],"donor_country":["MULTI-LATERAL AGENCY"],"donor_country_id":["MULTI_AGY"],"donor_expend":[-259.19],"donor_id":["12"],"donor_name":["UNITED NATIONS DEVELOPMENT PROGRAMME"],"donor_short":["UNDP"],"donor_type":["MULTI-LATERAL AGENCY"],"donor_type_id":["MULTI_AGY"],"expenditure":[0.0,-259.19,17015.36],"fiscal_year":["2012","2011","2010"],"focus_area":"-","focus_area_descr":"-","gender_descr":"Some Contribution","gender_id":"GEN1","output_descr":"Le projet vise aa gestion int\u00e9gr\u00e9e et participative des \u00e9cosyst\u00e8mes autour des aires prot\u00e9g\u00e9es","output_id":"12226","output_title":"Biodiversit\u00e9 et Aires Proteg\u00e9s"}],"project_descr":"La phase I du d\u00e9veloppement du plan de gestion participative et int\u00e9gr\u00e9e des \u00e9cosyst\u00e8mes des aires prot\u00e9g\u00e9es","project_id":"12226","project_title":"AIRES PROTEG\u00c9S BIODIVERSIT\u00c9 PREPARATION DOCUMENT","region_id":"RBA","region_name":"Reg Bureau for Africa","start":"2006-01-01","subnational":[{"lat":"16","lon":"-24","precision":"9","scope":"4","type":"2"}]}