{"document_name":[],"end":"2010-12-31","fiscal_year":["2011","2010"],"inst_descr":"National Execution","inst_id":"898","inst_type_descr":"Gov Counterpart Institution","inst_type_id":"GOV","operating_unit":"Cape Verde","operating_unit_id":"CPV","outputs":[{"award_id":"12224","budget":[5.86,0],"crs":"13040","crs_descr":"STD control including HIV/AIDS","donor_budget":[5.86],"donor_country":["Portugal"],"donor_country_id":["PRT"],"donor_expend":[2.37],"donor_id":["199"],"donor_name":["GOVERNMENT OF PORTUGAL"],"donor_short":["POR"],"donor_type":["NON_PROGRAMME COUNTRY"],"donor_type_id":["NON_PROGCTY"],"expenditure":[2.37,2198.56],"fiscal_year":["2011","2010"],"focus_area":"1","focus_area_descr":"Poverty reduction & MDG achievement","gender_descr":"Significant Objective","gender_id":"GEN2","output_descr":"Renforcement des autorit\u00e9s nationales dans la pr\u00e9vention du VIH / sida ainsi que dans les domaines de la mobilisation sociale et de sensibilisation sur le probl\u00e8me du VIH / sida,","output_id":"12224","output_title":"Sensibilisation Lute VIH-SIDA"}],"project_descr":"Appui \u00e0 la mise en oeuvre du Plan National de Lutte contre le SIDA","project_id":"12224","project_title":"Plan Nationall Lute Contre VIH-SIDA","region_id":"RBA","region_name":"Reg Bureau for Africa","start":"2003-11-01","subnational":[{"lat":"16","lon":"-24","precision":"9","scope":"4","type":"2"}]}