{"document_name":[],"end":"2010-12-31","fiscal_year":["2011","2010"],"inst_descr":"National Execution","inst_id":"898","inst_type_descr":"Gov Counterpart Institution","inst_type_id":"GOV","operating_unit":"Cape Verde","operating_unit_id":"CPV","outputs":[{"award_id":"12221","budget":[8136.42,0],"crs":"15140","crs_descr":"Government administration","donor_budget":[4768.15,21.07,3328.52,18.68],"donor_country":["MULTI-LATERAL AGENCY","Austria","Cape Verde","Portugal"],"donor_country_id":["MULTI_AGY","AUT","CPV","PRT"],"donor_expend":[4974.95,0.0,3494.94,0.0],"donor_id":["12","56","92","199"],"donor_name":["UNITED NATIONS DEVELOPMENT PROGRAMME","GOVERNMENT OF AUSTRIA","GOVERNMENT OF CAPE VERDE","GOVERNMENT OF PORTUGAL"],"donor_short":["UNDP","AUS","CVI","POR"],"donor_type":["MULTI-LATERAL AGENCY","NON_PROGRAMME COUNTRY","PROGRAMME COUNTRY","NON_PROGRAMME COUNTRY"],"donor_type_id":["MULTI_AGY","NON_PROGCTY","PROGCTY","NON_PROGCTY"],"expenditure":[8469.89,17057.16],"fiscal_year":["2011","2010"],"focus_area":"2","focus_area_descr":"Democratic governance","gender_descr":"Some Contribution","gender_id":"GEN1","output_descr":"Renforcer les capacit\u00e9s des principaux auteurs sur l'approche \u00e0 la bonne gouvernance et le renforcement des collectivit\u00e9s locales","output_id":"12221","output_title":"Reforme Administration Public"}],"project_descr":"Renforcement des capacit\u00e9s des principales parties prenantes \u00e0 l'approche de la bonne gouvernance et le renforcement des collectivit\u00e9s locales","project_id":"12221","project_title":"Bonne Gouvernance et Reforme de l'\u00c9tat","region_id":"RBA","region_name":"Reg Bureau for Africa","start":"2003-10-01","subnational":[{"lat":"16","lon":"-24","precision":"9","scope":"4","type":"2"}]}