{"document_name":[],"end":"2010-12-31","fiscal_year":["2011","2010"],"inst_descr":"National Execution","inst_id":"898","inst_type_descr":"Gov Counterpart Institution","inst_type_id":"GOV","operating_unit":"Cape Verde","operating_unit_id":"CPV","outputs":[{"award_id":"12220","budget":[1246.68,0],"crs":"15140","crs_descr":"Government administration","donor_budget":[565.38,681.3],"donor_country":["MULTI-LATERAL AGENCY","Austria"],"donor_country_id":["MULTI_AGY","AUT"],"donor_expend":[-255.34,680.99],"donor_id":["12","56"],"donor_name":["UNITED NATIONS DEVELOPMENT PROGRAMME","GOVERNMENT OF AUSTRIA"],"donor_short":["UNDP","AUS"],"donor_type":["MULTI-LATERAL AGENCY","NON_PROGRAMME COUNTRY"],"donor_type_id":["MULTI_AGY","NON_PROGCTY"],"expenditure":[425.65,8026.54],"fiscal_year":["2011","2010"],"focus_area":"2","focus_area_descr":"Democratic governance","gender_descr":"Some Contribution","gender_id":"GEN1","output_descr":"Ce projet vise \u00e0 soutenir la consolidation de la d\u00e9centralisation du Processus produa\u00e7\u00e3o \u00e0 travers les instruments l\u00e9gislatifs et administratifs","output_id":"12220","output_title":"Appui \u00e0 la D\u00e9centralisation"}],"project_descr":"Appui \u00e0 la consolidation du processus de d\u00e9centralisation","project_id":"12220","project_title":"Consolidation du processus de d\u00e9centralisatin","region_id":"RBA","region_name":"Reg Bureau for Africa","start":"2003-03-03","subnational":[{"lat":"16","lon":"-24","precision":"9","scope":"4","type":"2"}]}