{"document_name":[],"end":"2011-12-31","fiscal_year":["2011","2010","2012","2013"],"inst_descr":"National Execution","inst_id":"898","inst_type_descr":"Gov Counterpart Institution","inst_type_id":"GOV","operating_unit":"Cape Verde","operating_unit_id":"CPV","outputs":[{"award_id":"12227","budget":[83023.25,37623.25,461354.4,0],"crs":"41010","crs_descr":"Environmental policy and administrative management","donor_budget":[4743.48,557031.69,20225.73],"donor_country":["MULTI-LATERAL AGENCY","Cape Verde","MULTI-LATERAL AGENCY"],"donor_country_id":["MULTI_AGY","CPV","MULTI_AGY"],"donor_expend":[4572.67,456337.29000000004,19113.47],"donor_id":["12","92","10714"],"donor_name":["UNITED NATIONS DEVELOPMENT PROGRAMME","GOVERNMENT OF CAPE VERDE","UNDP AS AA FOR JP PASS THROUGH"],"donor_short":["UNDP","CVI","UNDP(JPAA)"],"donor_type":["MULTI-LATERAL AGENCY","PROGRAMME COUNTRY","MULTI-LATERAL AGENCY"],"donor_type_id":["MULTI_AGY","PROGCTY","MULTI_AGY"],"expenditure":[17619.95,19113.47,443290.01,315245.41],"fiscal_year":["2013","2012","2011","2010"],"focus_area":"4","focus_area_descr":"Environment & sustainable development","gender_descr":"Significant Objective","gender_id":"GEN2","output_descr":"L'\u00e9laboration du projet pour la gestion int\u00e9gr\u00e9e des \u00e9cosyst\u00e8mes participative autour des aires prot\u00e9g\u00e9es","output_id":"12227","output_title":"Gestion Aires Proteg\u00e9s"}],"project_descr":"La phase II du d\u00e9veloppement du plan de gestion participative et int\u00e9gr\u00e9e des \u00e9cosyst\u00e8mes des aires prot\u00e9g\u00e9es","project_id":"12227","project_title":"Biodiversit\u00e9 et Aires Proteg\u00e9s","region_id":"RBA","region_name":"Reg Bureau for Africa","start":"2003-11-29","subnational":[{"lat":"16","lon":"-24","precision":"9","scope":"4","type":"2"}]}