{"document_name":[],"end":"2012-03-15","fiscal_year":["2011","2012"],"inst_descr":"","inst_id":" ","inst_type_descr":"","inst_type_id":"","operating_unit":"Dominican Republic","operating_unit_id":"DOM","outputs":[{"award_id":"12239","budget":[16.0,16.0],"crs":"99810","crs_descr":"Sectors Not Specified","donor_budget":[32.0],"donor_country":["MULTI-LATERAL AGENCY"],"donor_country_id":["MULTI_AGY"],"donor_expend":[0.0],"donor_id":["12"],"donor_name":["UNITED NATIONS DEVELOPMENT PROGRAMME"],"donor_short":["UNDP"],"donor_type":["MULTI-LATERAL AGENCY"],"donor_type_id":["MULTI_AGY"],"expenditure":[0.0,0.0],"fiscal_year":["2012","2011"],"focus_area":"-","focus_area_descr":"-","gender_descr":"No Contribution","gender_id":"GEN0","output_descr":"Proyecto de Prevenci\u00f3n y Control del VIH/SIDA","output_id":"12239","output_title":"Apoyo a Consejo del SIDA"}],"project_descr":"Proyecto de Prevenci\u00f3n y Control del VIH/SIDA","project_id":"12239","project_title":"Copresida","region_id":"RBLAC","region_name":"Reg Bur Latin Amer & Carib","start":"2002-06-3","subnational":[{"lat":"19","lon":"-70.66667","precision":"9","scope":"4","type":"1"}]}