{"document_name":[],"end":"2013-07-31","fiscal_year":["2013"],"inst_descr":"","inst_id":" ","inst_type_descr":"","inst_type_id":"","operating_unit":"Dominican Republic","operating_unit_id":"DOM","outputs":[{"award_id":"12235","budget":[14024.81],"crs":"99810","crs_descr":"Sectors Not Specified","donor_budget":[14024.81],"donor_country":["MULTI-LATERAL AGENCY"],"donor_country_id":["MULTI_AGY"],"donor_expend":[0.0],"donor_id":["10003"],"donor_name":["GEFTrustee"],"donor_short":["GEFTrustee"],"donor_type":["MULTI-LATERAL AGENCY"],"donor_type_id":["MULTI_AGY"],"expenditure":[0.0],"fiscal_year":["2013"],"focus_area":"-","focus_area_descr":"-","gender_descr":"No Contribution","gender_id":"GEN0","output_descr":"Habilitando a la RD en la preparaci\u00f3n de sus compromisos con la CMNUCC","output_id":"12235","output_title":"Cambio Climatico"}],"project_descr":"Habilitando a la RD en la preparacion de sus compromisos con la CMNUCC","project_id":"12235","project_title":"Cambio Climatico","region_id":"RBLAC","region_name":"Reg Bur Latin Amer & Carib","start":"1999-05-01","subnational":[]}