{"document_name":[],"end":"2012-12-31","fiscal_year":["2011","2010","2012"],"inst_descr":"","inst_id":" ","inst_type_descr":"","inst_type_id":"","operating_unit":"Democratic Republic of Congo","operating_unit_id":"COD","outputs":[{"award_id":"12245","budget":[364.0,2.0,0],"crs":"41010","crs_descr":"Environmental policy and administrative management","donor_budget":[183.0,183.0],"donor_country":["MULTI-LATERAL AGENCY","MULTI-LATERAL AGENCY"],"donor_country_id":["MULTI_AGY","MULTI_AGY"],"donor_expend":[10450.71,-15396.13],"donor_id":["12","10003"],"donor_name":["UNITED NATIONS DEVELOPMENT PROGRAMME","Global Environment Fund Trustee"],"donor_short":["UNDP","GEFTrustee"],"donor_type":["MULTI-LATERAL AGENCY","MULTI-LATERAL AGENCY"],"donor_type_id":["MULTI_AGY","MULTI_AGY"],"expenditure":[-0.5,-4944.92,10690.22],"fiscal_year":["2012","2011","2010"],"focus_area":"4","focus_area_descr":"Environment & sustainable development","gender_descr":"Some Contribution","gender_id":"GEN1","output_descr":"Le projet contribue \u00e0 la r\u00e9habilitation des aires prot\u00e9g\u00e9es de la R\u00e9publique D\u00e9mocratique du Congo","output_id":"12245","output_title":"AIRES PROTEGEES"}],"project_descr":"REHABILITATIONS DES AIRES PROTEGEES EN RDC","project_id":"12245","project_title":"AIRES PROTEGEES","region_id":"RBA","region_name":"Reg Bureau for Africa","start":"2004-01-01","subnational":[{"lat":"0","lon":"25","precision":"9","scope":"4","type":"1"}]}