{"document_name":[],"end":"2012-12-31","fiscal_year":["2011","2010","2012","2013"],"inst_descr":"","inst_id":" ","inst_type_descr":"","inst_type_id":"","operating_unit":"Democratic Republic of Congo","operating_unit_id":"COD","outputs":[{"award_id":"12250","budget":[30900.0,625494.0,1616239.89,0],"crs":"99810","crs_descr":"Sectors Not Specified","donor_budget":[2272633.8899999997,0.0,0.0],"donor_country":["MULTI-LATERAL AGENCY","United Kingdom","MULTI-LATERAL AGENCY"],"donor_country_id":["MULTI_AGY","GBR","MULTI_AGY"],"donor_expend":[2322616.41,42.76,18.0],"donor_id":["12","551","10714"],"donor_name":["UNITED NATIONS DEVELOPMENT PROGRAMME","DEPARTMENT FOR INT'L DEVELOPMENT (DFID)","UNDP AS AA FOR JP PASS THROUGH"],"donor_short":["UNDP","DFID","UNDP(JPAA)"],"donor_type":["MULTI-LATERAL AGENCY","NON_PROGRAMME COUNTRY","MULTI-LATERAL AGENCY"],"donor_type_id":["MULTI_AGY","NON_PROGCTY","MULTI_AGY"],"expenditure":[166694.08,649016.5,1506966.59,2182211.4],"fiscal_year":["2013","2012","2011","2010"],"focus_area":"-","focus_area_descr":"-","gender_descr":"No Contribution","gender_id":"GEN0","output_descr":"Renforcement des capacit\u00e9s NIM/DIM","output_id":"70414","output_title":"RENF DES CAPACITES  NIM/DIM"},{"award_id":"12250","budget":[0.0,0],"crs":"15140","crs_descr":"Government administration","donor_budget":[0.0],"donor_country":["MULTI-LATERAL AGENCY"],"donor_country_id":["MULTI_AGY"],"donor_expend":[-1371.0],"donor_id":["12"],"donor_name":["UNITED NATIONS DEVELOPMENT PROGRAMME"],"donor_short":["UNDP"],"donor_type":["MULTI-LATERAL AGENCY"],"donor_type_id":["MULTI_AGY"],"expenditure":[-1371.0,38909.83],"fiscal_year":["2011","2010"],"focus_area":"2","focus_area_descr":"Democratic governance","gender_descr":"-","gender_id":"-","output_descr":"Renforcement des capacit\u00e9s NEX-DEX","output_id":"12250","output_title":"Renforcement des capacit\u00e9s NEX"}],"project_descr":"Renforcement des capacit\u00e9s NEX-DEX","project_id":"12250","project_title":"Renforcement des capacit\u00e9s NEX-DEX","region_id":"RBA","region_name":"Reg Bureau for Africa","start":"2003-03-1","subnational":[{"lat":"0","lon":"25","precision":"9","scope":"4","type":"1"},{"lat":"0","lon":"25","precision":"9","scope":"3","type":"2"}]}