{"document_name":[],"end":"2011-12-31","fiscal_year":["2011","2010"],"inst_descr":"","inst_id":" ","inst_type_descr":"","inst_type_id":"","operating_unit":"Democratic Republic of Congo","operating_unit_id":"COD","outputs":[{"award_id":"12251","budget":[58216.0,0],"crs":"15210","crs_descr":"Security system management and reform","donor_budget":[58215.0,1.0],"donor_country":["MULTI-LATERAL AGENCY","Norway"],"donor_country_id":["MULTI_AGY","NOR"],"donor_expend":[31853.83,1.23],"donor_id":["12","187"],"donor_name":["UNITED NATIONS DEVELOPMENT PROGRAMME","GOVERNMENT OF NORWAY"],"donor_short":["UNDP","NOR"],"donor_type":["MULTI-LATERAL AGENCY","NON_PROGRAMME COUNTRY"],"donor_type_id":["MULTI_AGY","NON_PROGCTY"],"expenditure":[31855.06,25040.0],"fiscal_year":["2011","2010"],"focus_area":"3","focus_area_descr":"Crisis prevention & recovery","gender_descr":"No Contribution","gender_id":"GEN0","output_descr":"R\u00e9vision semi finale S06","output_id":"12251","output_title":"R\u00e9conciliation et D\u00e9v. ITURI"}],"project_descr":"Projet d'Appui \u00e0 la R\u00e9conciliation et au D\u00e9veloppement Communautaires en  Ituri","project_id":"12251","project_title":"R\u00e9conciliation et D\u00e9velpt en ITURI","region_id":"RBA","region_name":"Reg Bureau for Africa","start":"2004-01-01","subnational":[{"lat":"0","lon":"25","precision":"9","scope":"3","type":"2"}]}