{"document_name":[],"end":"2011-12-31","fiscal_year":["2011","2010","2012"],"inst_descr":"","inst_id":" ","inst_type_descr":"","inst_type_id":"","operating_unit":"Democratic Republic of Congo","operating_unit_id":"COD","outputs":[{"award_id":"12253","budget":[14700.0],"crs":"15210","crs_descr":"Security system management and reform","donor_budget":[14700.0],"donor_country":["United States of America"],"donor_country_id":["USA"],"donor_expend":[0.0],"donor_id":["10480"],"donor_name":["UNITED STATES AGENCY FOR INTERNATIONAL DEVELOPMENT (USAID)"],"donor_short":["USAID"],"donor_type":["NON_PROGRAMME COUNTRY"],"donor_type_id":["NON_PROGCTY"],"expenditure":[0.0],"fiscal_year":["2012"],"focus_area":"3","focus_area_descr":"Crisis prevention & recovery","gender_descr":"Some Contribution","gender_id":"GEN1","output_descr":"SUPPORT TO THE DEMOBILIZATION AND REINTEGRATION PHASE III IN ITURI  ( USAID Grant N\u00b0.623-G-00-07-00028-00","output_id":"57755","output_title":"Supp. DDR III in Ituri (USAID)"},{"award_id":"12253","budget":[0.0,0],"crs":"15210","crs_descr":"Security system management and reform","donor_budget":[0.0],"donor_country":["Spain"],"donor_country_id":["ESP"],"donor_expend":[12885.6],"donor_id":["220"],"donor_name":["GOVERNMENT OF SPAIN"],"donor_short":["SPA"],"donor_type":["NON_PROGRAMME COUNTRY"],"donor_type_id":["NON_PROGCTY"],"expenditure":[12885.6,69376.7],"fiscal_year":["2011","2010"],"focus_area":"3","focus_area_descr":"Crisis prevention & recovery","gender_descr":"Significant Objective","gender_id":"GEN2","output_descr":"MP1241 SUBVENTION D'APPUI A LA REHABILITATION ET AU PROCESSUS DE PACIFICATION EN R.D CONGO.","output_id":"56380","output_title":"Rehabilit & Pacific.fds Espgn."},{"award_id":"12253","budget":[43200.0,0.0,0],"crs":"15110","crs_descr":"Economic and development policy/planning","donor_budget":[20600.0,0.0,22600.0],"donor_country":["MULTI-LATERAL AGENCY","MULTI-LATERAL AGENCY","Japan"],"donor_country_id":["MULTI_AGY","MULTI_AGY","JPN"],"donor_expend":[-41924.0,-4626.0,-24930.0],"donor_id":["12","15","141"],"donor_name":["UNITED NATIONS DEVELOPMENT PROGRAMME","WORLD BANK (INT'L. BANK FOR RECONSTRUCTI","GOVERNMENT OF JAPAN"],"donor_short":["UNDP","IBRD","JPN"],"donor_type":["MULTI-LATERAL AGENCY","MULTI-LATERAL AGENCY","NON_PROGRAMME COUNTRY"],"donor_type_id":["MULTI_AGY","MULTI_AGY","NON_PROGCTY"],"expenditure":[-6176.5,-65303.5,1432.41],"fiscal_year":["2012","2011","2010"],"focus_area":"1","focus_area_descr":"Poverty reduction & MDG achievement","gender_descr":"Significant Objective","gender_id":"GEN2","output_descr":"\"RECONSTRUCTION COMMUNAUTAIRE,  REINTEGRATION DES EX COMBATTANTS ET REDUCTION DES ARMES LEGERES EN RDC\"","output_id":"12253","output_title":"Community recovery"}],"project_descr":"RECONSTRUCTION COMMUNAUTAIRE,  REINTEGRATION DES EX COMBATTANTS ET REDUCTION DES ARMES LEGERES EN RDC","project_id":"12253","project_title":"Community recovery","region_id":"RBA","region_name":"Reg Bureau for Africa","start":"2003-06-15","subnational":[{"lat":"0","lon":"25","precision":"9","scope":"3","type":"2"},{"lat":"0","lon":"25","precision":"9","scope":"3","type":"2"}]}