{"document_name":[],"end":"2011-12-31","fiscal_year":["2011","2010","2012"],"inst_descr":"","inst_id":" ","inst_type_descr":"","inst_type_id":"","operating_unit":"Democratic Republic of Congo","operating_unit_id":"COD","outputs":[{"award_id":"12252","budget":[0.0,198164.1,0],"crs":"15210","crs_descr":"Security system management and reform","donor_budget":[198164.1],"donor_country":["United Kingdom"],"donor_country_id":["GBR"],"donor_expend":[153454.53],"donor_id":["551"],"donor_name":["DEPARTMENT FOR INT'L DEVELOPMENT (DFID)"],"donor_short":["DFID"],"donor_type":["NON_PROGRAMME COUNTRY"],"donor_type_id":["NON_PROGCTY"],"expenditure":[-644.21,154098.74,464589.48],"fiscal_year":["2012","2011","2010"],"focus_area":"3","focus_area_descr":"Crisis prevention & recovery","gender_descr":"Some Contribution","gender_id":"GEN1","output_descr":"MRR - Post Brassage : Rephasage du solde 2006","output_id":"52654","output_title":"ACTIVITES POST BRASSAGE ( RSS)"},{"award_id":"12252","budget":[0.0,277348.81,0],"crs":"15210","crs_descr":"Security system management and reform","donor_budget":[2029.01,0.0,261992.19,13327.61],"donor_country":["MULTI-LATERAL AGENCY","MULTI-LATERAL AGENCY","Japan","Norway"],"donor_country_id":["MULTI_AGY","MULTI_AGY","JPN","NOR"],"donor_expend":[-2141.8900000000003,-5694.55,243546.2,4305.99],"donor_id":["12","15","141","187"],"donor_name":["UNITED NATIONS DEVELOPMENT PROGRAMME","WORLD BANK (INT'L. BANK FOR RECONSTRUCTI","GOVERNMENT OF JAPAN","GOVERNMENT OF NORWAY"],"donor_short":["UNDP","IBRD","JPN","NOR"],"donor_type":["MULTI-LATERAL AGENCY","MULTI-LATERAL AGENCY","NON_PROGRAMME COUNTRY","NON_PROGRAMME COUNTRY"],"donor_type_id":["MULTI_AGY","MULTI_AGY","NON_PROGCTY","NON_PROGCTY"],"expenditure":[-7340.9,247356.65,134458.68],"fiscal_year":["2012","2011","2010"],"focus_area":"3","focus_area_descr":"Crisis prevention & recovery","gender_descr":"Some Contribution","gender_id":"GEN1","output_descr":"Transfert des soldes des projets # 00012251 & 00012254 sur le projet # 00012252.","output_id":"12252","output_title":"M\u00e9canisme de R\u00e9ponse Rapide"}],"project_descr":"M\u00e9canisme de R\u00e9ponse Rapide pour le D\u00e9sarmement, la D\u00e9mobilisation et la R\u00e9int\u00e9gration en RDC","project_id":"12252","project_title":"M\u00e9canisme de R\u00e9ponse Rapide","region_id":"RBA","region_name":"Reg Bureau for Africa","start":"2003-05-3","subnational":[{"lat":"0","lon":"25","precision":"9","scope":"3","type":"2"},{"lat":"0","lon":"25","precision":"9","scope":"3","type":"2"}]}