{"document_name":[],"end":"2011-12-31","fiscal_year":["2011","2010"],"inst_descr":"","inst_id":" ","inst_type_descr":"","inst_type_id":"","operating_unit":"Democr People's Repub of Korea","operating_unit_id":"PRK","outputs":[{"award_id":"12262","budget":[2050.0,0],"crs":"16064","crs_descr":"Social mitigation of HIV/AIDS","donor_budget":[50.0,2000.0],"donor_country":["MULTI-LATERAL AGENCY","Germany"],"donor_country_id":["MULTI_AGY","DEU"],"donor_expend":[-33.68,1567.44],"donor_id":["12","117"],"donor_name":["UNITED NATIONS DEVELOPMENT PROGRAMME","GOVERNMENT OF GERMANY"],"donor_short":["UNDP","GER"],"donor_type":["MULTI-LATERAL AGENCY","NON_PROGRAMME COUNTRY"],"donor_type_id":["MULTI_AGY","NON_PROGCTY"],"expenditure":[1533.76,-263.82],"fiscal_year":["2011","2010"],"focus_area":"1","focus_area_descr":"Poverty reduction & MDG achievement","gender_descr":"Some Contribution","gender_id":"GEN1","output_descr":"Capacity Building for Enhanced Development Cooperation (LAST ACTIVITY DEC 2006)","output_id":"12262","output_title":"EnhancedDevelopmentCooperation"}],"project_descr":"Capacity Building for Enhanced Development Cooperation (PROJECT ACTIVITIES ENDED IN 2007)","project_id":"12262","project_title":"Capacity Building for Enhanced Development Cooperation","region_id":"RBAP","region_name":"Reg Bureau for Asia & Pacific","start":"2002-07-15","subnational":[]}