{"document_name":[],"end":"2011-12-31","fiscal_year":["2011","2012"],"inst_descr":"","inst_id":" ","inst_type_descr":"","inst_type_id":"","operating_unit":"Democr People's Repub of Korea","operating_unit_id":"PRK","outputs":[{"award_id":"12260","budget":[11.0,727.0],"crs":"99810","crs_descr":"Sectors Not Specified","donor_budget":[365.0,373.0],"donor_country":["MULTI-LATERAL AGENCY","Sweden"],"donor_country_id":["MULTI_AGY","SWE"],"donor_expend":[362.0,-362.35],"donor_id":["12","555"],"donor_name":["UNITED NATIONS DEVELOPMENT PROGRAMME","SWEDISH INT'L DEVELOPMENT COOPERATION"],"donor_short":["UNDP","SIDA"],"donor_type":["MULTI-LATERAL AGENCY","NON_PROGRAMME COUNTRY"],"donor_type_id":["MULTI_AGY","NON_PROGCTY"],"expenditure":[10.51,-10.86],"fiscal_year":["2012","2011"],"focus_area":"-","focus_area_descr":"-","gender_descr":"Some Contribution","gender_id":"GEN1","output_descr":"Capacity Building for Disarmament Initiatives (LAST ACTIVITY IN 2004)","output_id":"12260","output_title":"Disarmament Initiative"}],"project_descr":"Capacity Building for Disarmament Initiative (LAST ACTIVITY IN 2004)","project_id":"12260","project_title":"Disarmament Initiative","region_id":"RBAP","region_name":"Reg Bureau for Asia & Pacific","start":"2002-06-17","subnational":[{"lat":"40","lon":"127","precision":"9","scope":"4","type":"1"}]}