{"document_name":[],"end":"2012-12-31","fiscal_year":["2011","2010","2012"],"inst_descr":"MINISTERIO DE EDUCACION Y CULT","inst_id":"996","inst_type_descr":"Gov Counterpart Institution","inst_type_id":"GOV","operating_unit":"Ecuador","operating_unit_id":"ECU","outputs":[{"award_id":"12278","budget":[561940.2,1167538.0,0],"crs":"15110","crs_descr":"Economic and development policy/planning","donor_budget":[1727880.4,1597.8],"donor_country":["Ecuador","Ecuador"],"donor_country_id":["ECU","ECU"],"donor_expend":[1144322.0899999999,0.0],"donor_id":["1286","1791"],"donor_name":["ECU-MINISTERIO DE EDUCACION Y","ECU-UNDP - ADJUSTMENTS"],"donor_short":["MEC","UNDP"],"donor_type":["PROGRAMME COUNTRY","PROGRAMME COUNTRY"],"donor_type_id":["PROGCTY","PROGCTY"],"expenditure":[542164.27,602157.82,2898778.8],"fiscal_year":["2012","2011","2010"],"focus_area":"1","focus_area_descr":"Poverty reduction & MDG achievement","gender_descr":"Some Contribution","gender_id":"GEN1","output_descr":"PROGRAMA DE COLACION ESCOLAR PARA EL MEJORAMIENTO DE LA EDUCACION BASICA DEL ECUADOR.","output_id":"12278","output_title":"ALIMENTACION ESCOLAR"}],"project_descr":"PROGRAMA DE COLACI\u00d3N ESCOLAR PARA EL MEJORAMIENTO DE LA EDUCACI\u00d3N B\u00c1SICA","project_id":"12278","project_title":"COLACION ESCOLAR PARA MEJORAR EDUCACION BASICA","region_id":"RBLAC","region_name":"Reg Bur Latin Amer & Carib","start":"2003-01-01","subnational":[{"lat":"-2","lon":"-77.5","precision":"9","scope":"4","type":"2"}]}