{"document_name":[],"end":"2011-04-3","fiscal_year":["2011","2010"],"inst_descr":"MINISTERIO DE SALUD PUBLICA","inst_id":"1004","inst_type_descr":"Gov Counterpart Institution","inst_type_id":"GOV","operating_unit":"Ecuador","operating_unit_id":"ECU","outputs":[{"award_id":"12283","budget":[24085.96,0],"crs":"15110","crs_descr":"Economic and development policy/planning","donor_budget":[24085.96],"donor_country":["Ecuador"],"donor_country_id":["ECU"],"donor_expend":[4754.71],"donor_id":["1438"],"donor_name":["ECU-MINISTERIO DE SALUD PUBLIC"],"donor_short":["MSP"],"donor_type":["PROGRAMME COUNTRY"],"donor_type_id":["PROGCTY"],"expenditure":[4754.71,110834.22],"fiscal_year":["2011","2010"],"focus_area":"1","focus_area_descr":"Poverty reduction & MDG achievement","gender_descr":"Some Contribution","gender_id":"GEN1","output_descr":"PROGRAMA NACIONAL DE ALIMENTACION Y NUTRICION - PANN 2000.","output_id":"12283","output_title":"Alimentaci\u00f3n y Nutrici\u00f3n"}],"project_descr":"PROGRAMA NACIONAL DE ALIMENTACION Y NUTRICION","project_id":"12283","project_title":"Programa Nacional de Alimentaci\u00f3n y Nutrici\u00f3n","region_id":"RBLAC","region_name":"Reg Bur Latin Amer & Carib","start":"1999-01-01","subnational":[{"lat":"-2","lon":"-77.5","precision":"9","scope":"4","type":"2"}]}