{"document_name":[],"end":"2012-12-31","fiscal_year":["2011","2010","2012"],"inst_descr":"ORGANIZACION AVIACION CIVIL IN","inst_id":"1012","inst_type_descr":"UN Agency","inst_type_id":"ACY","operating_unit":"Ecuador","operating_unit_id":"ECU","outputs":[{"award_id":"12282","budget":[5000.0,1906681.0,0],"crs":"99810","crs_descr":"Sectors Not Specified","donor_budget":[1911681.0],"donor_country":["OTHERS"],"donor_country_id":["OTH"],"donor_expend":[3091775.59],"donor_id":["864"],"donor_name":["ECU-DIRECCION GENERAL DE AVIAC"],"donor_short":["DGAC"],"donor_type":["PRIVATE SECTOR"],"donor_type_id":["PRIV"],"expenditure":[5005.51,3086770.08,442425.17],"fiscal_year":["2012","2011","2010"],"focus_area":"-","focus_area_descr":"-","gender_descr":"No Contribution","gender_id":"GEN0","output_descr":"FORTALECIMIENTO DE LA AVIACION CIVIL.","output_id":"12282","output_title":"AVIACION CIVIL"}],"project_descr":"FORTALECIMIENTO DE LA AVIACION CIVIL","project_id":"12282","project_title":"FORTALECIMIENTO DE LA AVIACION CIVIL","region_id":"RBLAC","region_name":"Reg Bur Latin Amer & Carib","start":"1998-04-01","subnational":[{"lat":"-2","lon":"-77.5","precision":"9","scope":"4","type":"2"}]}