{"document_name":[],"end":"2012-12-31","fiscal_year":["2011","2010","2012"],"inst_descr":"ILUSTRE MUNICIPIO DE GUAYAQUIL","inst_id":"1010","inst_type_descr":"Gov Counterpart Institution","inst_type_id":"GOV","operating_unit":"Ecuador","operating_unit_id":"ECU","outputs":[{"award_id":"12295","budget":[357157.54,198513.0,0],"crs":"15140","crs_descr":"Government administration","donor_budget":[555670.54],"donor_country":["Ecuador"],"donor_country_id":["ECU"],"donor_expend":[208241.58000000002],"donor_id":["1458"],"donor_name":["ECU-ILUSTRE MUNICIPIO DE GUAYA"],"donor_short":["MUN.GUAY"],"donor_type":["PROGRAMME COUNTRY"],"donor_type_id":["PROGCTY"],"expenditure":[136842.32,71399.26,264238.22],"fiscal_year":["2012","2011","2010"],"focus_area":"2","focus_area_descr":"Democratic governance","gender_descr":"Some Contribution","gender_id":"GEN1","output_descr":"APOYO A LA MUNICIPALIDAD DE GUAYAQUIL","output_id":"12295","output_title":"MUNICIPIO DE GUAYAQUIL"}],"project_descr":"APOYO A LA MUNICIPALIDAD DE GUAYAQUIL","project_id":"12295","project_title":"FORTALECIMIENTO MUNICIPIO DE GUAYAQUIL","region_id":"RBLAC","region_name":"Reg Bur Latin Amer & Carib","start":"2002-04-01","subnational":[{"lat":"-2.18194","lon":"-79.89167","precision":"3","scope":"1","type":"1"}]}