{"document_name":[],"end":"2012-07-31","fiscal_year":["2011","2010","2012","2013"],"inst_descr":"MINISTERIO DE MEDIO AMBIENTE","inst_id":"1001","inst_type_descr":"Gov Counterpart Institution","inst_type_id":"GOV","operating_unit":"Ecuador","operating_unit_id":"ECU","outputs":[{"award_id":"12293","budget":[1271.32,1.0,160544.65,0],"crs":"99810","crs_descr":"Sectors Not Specified","donor_budget":[161181.31,635.66],"donor_country":["MULTI-LATERAL AGENCY","MULTI-LATERAL AGENCY"],"donor_country_id":["MULTI_AGY","MULTI_AGY"],"donor_expend":[161544.31999999998,635.66],"donor_id":["10003","12"],"donor_name":["Global Environment Fund Trustee","UNITED NATIONS DEVELOPMENT PROGRAMME"],"donor_short":["GEFTrustee","UNDP"],"donor_type":["MULTI-LATERAL AGENCY","MULTI-LATERAL AGENCY"],"donor_type_id":["MULTI_AGY","MULTI_AGY"],"expenditure":[0.0,0.08,162179.9,385428.99],"fiscal_year":["2013","2012","2011","2010"],"focus_area":"4","focus_area_descr":"Environment & sustainable development","gender_descr":"No Contribution","gender_id":"GEN0","output_descr":"CONTROL DE LAS ESPECIES INVASORAS EN EL ARCHIPIELAGO DE LAS ISLAS GALAPAGOS","output_id":"12293","output_title":"Especies Invasoras Galapagos"}],"project_descr":"Control de las Especies Invasoras en el Archipi\u00e9lago de las Gal\u00e1pagos.","project_id":"12293","project_title":"Especies Invasoras en el Archipi\u00e9lago de Gal\u00e1pagos","region_id":"RBLAC","region_name":"Reg Bur Latin Amer & Carib","start":"2001-10-15","subnational":[{"lat":"-2","lon":"-77.5","precision":"9","scope":"4","type":"2"}]}