{"document_name":[],"end":"2012-12-31","fiscal_year":["2012"],"inst_descr":"","inst_id":" ","inst_type_descr":"","inst_type_id":"","operating_unit":"Ecuador","operating_unit_id":"ECU","outputs":[{"award_id":"12297","budget":[1.0],"crs":"99810","crs_descr":"Sectors Not Specified","donor_budget":[1.0],"donor_country":["Ecuador"],"donor_country_id":["ECU"],"donor_expend":[0.0],"donor_id":["10645"],"donor_name":["MINISTERIO DE ENRGIA Y MINAS"],"donor_short":["ECU-MEM"],"donor_type":["PROGRAMME COUNTRY"],"donor_type_id":["PROGCTY"],"expenditure":[0.0],"fiscal_year":["2012"],"focus_area":"-","focus_area_descr":"-","gender_descr":"No Contribution","gender_id":"GEN0","output_descr":"ECUADOR: ENERGIA RENOVABLE PARA GENERACION DE ELECTRICIDAD-ELECTRIFICACION RENOVABLE DE LAS ISLAS GALAPAGOS","output_id":"12297","output_title":"PIMS 1295 CC: PDFC RE GLPS"}],"project_descr":"ECUADOR: ENERGIA RENOVABLE PARA GENERACION DE ELECTRICIDAD-ELECTRIFICACION RENOVABLE DE LAS ISLAS GALAPAGOS","project_id":"12297","project_title":"PIMS 1295 CC: PDF C RE BARRIERS IN GALAPAGOS","region_id":"RBLAC","region_name":"Reg Bur Latin Amer & Carib","start":"2003-04-1","subnational":[]}