{"document_name":[],"end":"2008-12-31","fiscal_year":["2011"],"inst_descr":"","inst_id":" ","inst_type_descr":"","inst_type_id":"","operating_unit":"Egypt","operating_unit_id":"EGY","outputs":[{"award_id":"12329","budget":[0.0],"crs":"15162","crs_descr":"Human rights","donor_budget":[0.0],"donor_country":["Denmark"],"donor_country_id":["DNK"],"donor_expend":[5.51],"donor_id":["95"],"donor_name":["GOVERNMENT OF DENMARK"],"donor_short":["DEN"],"donor_type":["NON_PROGRAMME COUNTRY"],"donor_type_id":["NON_PROGCTY"],"expenditure":[5.51],"fiscal_year":["2011"],"focus_area":"2","focus_area_descr":"Democratic governance","gender_descr":"-","gender_id":"-","output_descr":"PILOT PROJECT FOR CAPACITY BUILDING IN HUMAN RIGHTS","output_id":"12329","output_title":"CAPACITY BUILDING IN HUMAN RIG"}],"project_descr":"PILOT PROJECT FOR CAPACITY BUILDING IN HUMAN RIGHTS","project_id":"12329","project_title":"CAPACITY BUILDING IN HUMAN RIGHTS","region_id":"RBAS","region_name":"Reg Bur for Arab States","start":"1999-07-01","subnational":[{"lat":"30.06263","lon":"31.24967","precision":"9","scope":"4","type":"1"}]}