{"document_name":[],"end":"2012-12-31","fiscal_year":["2011","2010","2012"],"inst_descr":"National Execution","inst_id":"1048","inst_type_descr":"Gov Counterpart Institution","inst_type_id":"GOV","operating_unit":"Egypt","operating_unit_id":"EGY","outputs":[{"award_id":"12326","budget":[0.0,4502.12,0],"crs":"41010","crs_descr":"Environmental policy and administrative management","donor_budget":[4501.12,1.0,0.0],"donor_country":["Egypt","MULTI-LATERAL AGENCY","MULTI-LATERAL AGENCY"],"donor_country_id":["EGY","MULTI_AGY","MULTI_AGY"],"donor_expend":[816.83,-123.66,0.0],"donor_id":["101","10003","12"],"donor_name":["GOVERNMENT OF EGYPT","Global Environment Fund Trustee","UNITED NATIONS DEVELOPMENT PROGRAMME"],"donor_short":["EGY","GEFTrustee","UNDP"],"donor_type":["PROGRAMME COUNTRY","MULTI-LATERAL AGENCY","MULTI-LATERAL AGENCY"],"donor_type_id":["PROGCTY","MULTI_AGY","MULTI_AGY"],"expenditure":[0.0,693.17,56278.8],"fiscal_year":["2012","2011","2010"],"focus_area":"4","focus_area_descr":"Environment & sustainable development","gender_descr":"No Contribution","gender_id":"GEN0","output_descr":"ENERGY EFFICIENCY IMPROVEMENTS AND GREENHOUSE GAS REDUCTIONS","output_id":"12326","output_title":"Energy Efficiency Improvement"}],"project_descr":"ENERGY EFFICIENCY IMPROVEMENTS AND GREENHOUSE GAS REDUCTIONS","project_id":"12326","project_title":"Improving Energy Efficiency and Greenhouse Gas Reduction","region_id":"RBAS","region_name":"Reg Bur for Arab States","start":"1997-01-01","subnational":[{"lat":"30.06263","lon":"31.24967","precision":"9","scope":"4","type":"1"}]}