{"document_name":[],"end":"2012-12-31","fiscal_year":["2011","2010","2012","2013"],"inst_descr":"Egyptian Environmental Affairs","inst_id":"1028","inst_type_descr":"Gov Counterpart Institution","inst_type_id":"GOV","operating_unit":"Egypt","operating_unit_id":"EGY","outputs":[{"award_id":"12347","budget":[50500.0,238518.72,477000.0,0],"crs":"41010","crs_descr":"Environmental policy and administrative management","donor_budget":[766018.72,0.0],"donor_country":["MULTI-LATERAL AGENCY","MULTI-LATERAL AGENCY"],"donor_country_id":["MULTI_AGY","MULTI_AGY"],"donor_expend":[696998.25,-29521.26],"donor_id":["10003","12"],"donor_name":["Global Environment Fund Trustee","UNITED NATIONS DEVELOPMENT PROGRAMME"],"donor_short":["GEFTrustee","UNDP"],"donor_type":["MULTI-LATERAL AGENCY","MULTI-LATERAL AGENCY"],"donor_type_id":["MULTI_AGY","MULTI_AGY"],"expenditure":[26370.75,210844.58,430261.66,513619.78],"fiscal_year":["2013","2012","2011","2010"],"focus_area":"4","focus_area_descr":"Environment & sustainable development","gender_descr":"Significant Objective","gender_id":"GEN2","output_descr":"Conservation and Sustainable Use of Medicinal Plants in Arid and Semi-Arid Ecosystems of Egypt","output_id":"12347","output_title":"Medicinal Plants Conservation"}],"project_descr":"Conservation and Sustainable Use of Medicinal Plants in Arid and Semi-Arid Ecosystems of Egypt","project_id":"12347","project_title":"Medicinal Plants Conservation Project","region_id":"RBAS","region_name":"Reg Bur for Arab States","start":"2002-01-01","subnational":[{"lat":"30.06263","lon":"31.24967","precision":"9","scope":"4","type":"1"}]}