{"document_name":[],"end":"2013-12-31","fiscal_year":["2011","2010","2012","2013"],"inst_descr":"General Organizattion For Phys","inst_id":"1030","inst_type_descr":"Gov Counterpart Institution","inst_type_id":"GOV","operating_unit":"Egypt","operating_unit_id":"EGY","outputs":[{"award_id":"12357","budget":[500177.8,499500.0,412000.0,0],"crs":"15140","crs_descr":"Government administration","donor_budget":[90177.8,1321500.0],"donor_country":["MULTI-LATERAL AGENCY","OTHERS"],"donor_country_id":["MULTI_AGY","OTH"],"donor_expend":[29822.2,1026529.6099999999],"donor_id":["12","1050"],"donor_name":["UNITED NATIONS DEVELOPMENT PROGRAMME","EGY-GENERAL ORGANIZATTION FOR"],"donor_short":["UNDP","GOPP"],"donor_type":["MULTI-LATERAL AGENCY","PRIVATE SECTOR"],"donor_type_id":["MULTI_AGY","PRIV"],"expenditure":[151505.96,492089.25,412756.6,460684.07],"fiscal_year":["2013","2012","2011","2010"],"focus_area":"2","focus_area_descr":"Democratic governance","gender_descr":"No Contribution","gender_id":"GEN0","output_descr":"The project focuses on strengthening local administrations and building capacities on planning for sustainable human settlements, especially in strategic planning and community-based planning.","output_id":"48331","output_title":"Imp. of Plan of Southern Egypt"}],"project_descr":"Implementation Mechanisms of the Strategic Development Plan of Southern Egypt","project_id":"12357","project_title":"Strategic Dev. Plan of Southern Egypt (New Valley)","region_id":"RBAS","region_name":"Reg Bur for Arab States","start":"2002-06-01","subnational":[{"lat":"30.06263","lon":"31.24967","precision":"3","scope":"1","type":"1"}]}