{"document_name":[],"end":"2012-12-31","fiscal_year":["2011","2010","2012"],"inst_descr":"National Execution","inst_id":"1048","inst_type_descr":"Gov Counterpart Institution","inst_type_id":"GOV","operating_unit":"Egypt","operating_unit_id":"EGY","outputs":[{"award_id":"12360","budget":[80423.49,84067.88,0],"crs":"15140","crs_descr":"Government administration","donor_budget":[164491.37],"donor_country":["Egypt"],"donor_country_id":["EGY"],"donor_expend":[16194.55],"donor_id":["101"],"donor_name":["GOVERNMENT OF EGYPT"],"donor_short":["EGY"],"donor_type":["PROGRAMME COUNTRY"],"donor_type_id":["PROGCTY"],"expenditure":[12550.16,3644.39,14630.21],"fiscal_year":["2012","2011","2010"],"focus_area":"2","focus_area_descr":"Democratic governance","gender_descr":"Significant Objective","gender_id":"GEN2","output_descr":"The purpose of this project is to enhance the living conditions of slum dwellers in hallous and Bahtini in Ismailai through a a comprehensive and participatory upgrading approach","output_id":"12360","output_title":"Upgrading of Hallous & Bahtini"}],"project_descr":"Upgrading of El Hallous and El Bahtini","project_id":"12360","project_title":"Upgrading of El Hallous and El Bahtini","region_id":"RBAS","region_name":"Reg Bur for Arab States","start":"2003-01-01","subnational":[{"lat":"30.60427","lon":"32.27225","precision":"3","scope":"1","type":"2"}]}