{"document_name":[],"end":"2013-12-31","fiscal_year":["2011","2010","2012","2013"],"inst_descr":"Ministry Of Planning","inst_id":"1045","inst_type_descr":"Gov Counterpart Institution","inst_type_id":"GOV","operating_unit":"Egypt","operating_unit_id":"EGY","outputs":[{"award_id":"12375","budget":[31887.31,82485.55,36803.37,0],"crs":"15110","crs_descr":"Economic and development policy/planning","donor_budget":[151176.23,0.0],"donor_country":["MULTI-LATERAL AGENCY","OTHERS"],"donor_country_id":["MULTI_AGY","OTH"],"donor_expend":[121056.34,116.88],"donor_id":["12","1050"],"donor_name":["UNITED NATIONS DEVELOPMENT PROGRAMME","EGY-GENERAL ORGANIZATTION FOR"],"donor_short":["UNDP","GOPP"],"donor_type":["MULTI-LATERAL AGENCY","PRIVATE SECTOR"],"donor_type_id":["MULTI_AGY","PRIV"],"expenditure":[37129.65,48725.75,35317.82,259937.71],"fiscal_year":["2013","2012","2011","2010"],"focus_area":"1","focus_area_descr":"Poverty reduction & MDG achievement","gender_descr":"Significant Objective","gender_id":"GEN2","output_descr":"The National Human Dev. Report project facilitates the production of almost bi-annual human development reports under different themes and with the participation of the releveant national stakeholders.","output_id":"12375","output_title":"National Human Dev. Report"}],"project_descr":"The National Human Dev. Report project facilitates the production of almost bi-annual human development reports under different themes and with the participation of the releveant national stakeholders.","project_id":"12375","project_title":"National Human Dev. Report Project","region_id":"RBAS","region_name":"Reg Bur for Arab States","start":"2003-11-01","subnational":[{"lat":"30.06263","lon":"31.24967","precision":"9","scope":"4","type":"1"}]}