{"document_name":[],"end":"2011-01-31","fiscal_year":["2011"],"inst_descr":"","inst_id":" ","inst_type_descr":"","inst_type_id":"","operating_unit":"El Salvador","operating_unit_id":"SLV","outputs":[{"award_id":"12408","budget":[3472.77],"crs":"99810","crs_descr":"Sectors Not Specified","donor_budget":[3472.77],"donor_country":["MULTI-LATERAL AGENCY"],"donor_country_id":["MULTI_AGY"],"donor_expend":[3472.77],"donor_id":["280"],"donor_name":["EUROPEAN UNION"],"donor_short":["EU"],"donor_type":["MULTI-LATERAL AGENCY"],"donor_type_id":["MULTI_AGY"],"expenditure":[3472.77],"fiscal_year":["2011"],"focus_area":"-","focus_area_descr":"-","gender_descr":"Some Contribution","gender_id":"GEN1","output_descr":"\"Aseguramiento del Acceso al Agua Potable en la Ciudad de San Francisco Gotera, Departamento de Moraz\u00e1n\"","output_id":"12408","output_title":"Acceso Agua San Frco Gotera"}],"project_descr":"Aseguramiento del Acceso al Agua Potable en la Ciudad de San Francisco Gotera, Departamento de Moraz\u00e1n","project_id":"12408","project_title":"Acceso Agua Potable San Francisco Gotera","region_id":"RBLAC","region_name":"Reg Bur Latin Amer & Carib","start":"2003-08-21","subnational":[{"lat":"13.7","lon":"-88.1","precision":"3","scope":"1","type":"2"},{"lat":"13.7","lon":"-88.1","precision":"3","scope":"4","type":"1"}]}