{"document_name":[],"end":"2012-09-3","fiscal_year":["2011","2010","2012"],"inst_descr":"","inst_id":" ","inst_type_descr":"","inst_type_id":"","operating_unit":"El Salvador","operating_unit_id":"SLV","outputs":[{"award_id":"12403","budget":[295986.27,1309789.37,0],"crs":"99810","crs_descr":"Sectors Not Specified","donor_budget":[42403.43,1246565.0,316807.21,0.0],"donor_country":["MULTI-LATERAL AGENCY","El Salvador","El Salvador","Eritrea"],"donor_country_id":["MULTI_AGY","SLV","SLV","ERI"],"donor_expend":[35784.27,1236254.71,297568.06,0.0],"donor_id":["12","102","1046","104"],"donor_name":["UNITED NATIONS DEVELOPMENT PROGRAMME","GOVERNMENT OF EL SALVADOR","ELS-GOBIERNO DE EL SALVADOR","GOVERNMENT OF ERITREA"],"donor_short":["UNDP","ELS","GOES","ERI"],"donor_type":["MULTI-LATERAL AGENCY","PROGRAMME COUNTRY","PROGRAMME COUNTRY","PROGRAMME COUNTRY"],"donor_type_id":["MULTI_AGY","PROGCTY","PROGCTY","PROGCTY"],"expenditure":[286302.5,1283304.54,3733067.38],"fiscal_year":["2012","2011","2010"],"focus_area":"-","focus_area_descr":"-","gender_descr":"Some Contribution","gender_id":"GEN1","output_descr":"Programa de Reconstruccion y Modernizaci\u00f3n Rural para la zona Occidental","output_id":"12403","output_title":"Modernizacion Rural Occidente"}],"project_descr":"Programa de Reconstruccion y Modernizaci\u00f3n Rural para la zona Occidental","project_id":"12403","project_title":"Programa Reconstrucci\u00f3n y Modernizacion Rural Occidente","region_id":"RBLAC","region_name":"Reg Bur Latin Amer & Carib","start":"2003-06-01","subnational":[{"lat":"13.92139","lon":"-89.845","precision":"4","scope":"2","type":"2"},{"lat":"13.92139","lon":"-89.845","precision":"4","scope":"3","type":"2"},{"lat":"13.92139","lon":"-89.845","precision":"4","scope":"3","type":"2"},{"lat":"13.92139","lon":"-89.845","precision":"4","scope":"2","type":"2"},{"lat":"13.92139","lon":"-89.845","precision":"4","scope":"2","type":"2"},{"lat":"13.92139","lon":"-89.845","precision":"4","scope":"4","type":"1"}]}