{"document_name":[],"end":"2009-12-31","fiscal_year":["2012"],"inst_descr":"","inst_id":" ","inst_type_descr":"","inst_type_id":"","operating_unit":"Eritrea","operating_unit_id":"ERI","outputs":[{"award_id":"12438","budget":[1.0],"crs":"99810","crs_descr":"Sectors Not Specified","donor_budget":[1.0],"donor_country":["MULTI-LATERAL AGENCY"],"donor_country_id":["MULTI_AGY"],"donor_expend":[-476.94],"donor_id":["10003"],"donor_name":["GEFTrustee"],"donor_short":["GEFTrustee"],"donor_type":["MULTI-LATERAL AGENCY"],"donor_type_id":["MULTI_AGY"],"expenditure":[-476.94],"fiscal_year":["2012"],"focus_area":"-","focus_area_descr":"-","gender_descr":"Significant Objective","gender_id":"GEN2","output_descr":"CONSERVATION MANAGEMENT OF ERITREA'S COASTAL. MARINE AND ISLAND BIODIVERSITY","output_id":"12438","output_title":"CMI-BD"}],"project_descr":"CONSERVATION MANAGEMENT OF ERITREA'S COASTAL. MARINE AND ISLAND BIODIVERSITY","project_id":"12438","project_title":"CONSERVATION MANAGEMENT OF ERITREA'S COASTAL. MARINE AND","region_id":"RBA","region_name":"Reg Bureau for Africa","start":"1998-10-01","subnational":[]}