{"document_name":[],"end":"2012-12-31","fiscal_year":["2011","2010","2012","2013"],"inst_descr":"National Execution","inst_id":"1144","inst_type_descr":"Gov Counterpart Institution","inst_type_id":"GOV","operating_unit":"Eritrea","operating_unit_id":"ERI","outputs":[{"award_id":"12446","budget":[152500.0,200000.0,500000.0,0],"crs":"73010","crs_descr":"Reconstruction relief and rehabilitation","donor_budget":[852500.0],"donor_country":["MULTI-LATERAL AGENCY"],"donor_country_id":["MULTI_AGY"],"donor_expend":[678673.9299999999],"donor_id":["12"],"donor_name":["UNITED NATIONS DEVELOPMENT PROGRAMME"],"donor_short":["UNDP"],"donor_type":["MULTI-LATERAL AGENCY"],"donor_type_id":["MULTI_AGY"],"expenditure":[0.0,199978.11,478695.82,243380.85],"fiscal_year":["2013","2012","2011","2010"],"focus_area":"3","focus_area_descr":"Crisis prevention & recovery","gender_descr":"Significant Objective","gender_id":"GEN2","output_descr":"The project will provide support to reduce poverty in the Region of Anseba through the installation of participatory planning process and efficient public service delivery as a basis for sustained self-development.","output_id":"12446","output_title":"ProvideAdequate&SafeWater-ALDP"}],"project_descr":"The project provide support in the Anseba region in building the capacity of the zoba as well as in the decentralization as a pilot project. The project is funded by UNDP and UNCDF.","project_id":"12446","project_title":"Anseba Local Developmnet Project","region_id":"RBA","region_name":"Reg Bureau for Africa","start":"2001-10-01","subnational":[{"lat":"15","lon":"39","precision":"9","scope":"4","type":"1"}]}