{"document_name":[],"end":"2011-07-31","fiscal_year":["2011","2010","2012","2013"],"inst_descr":"","inst_id":" ","inst_type_descr":"","inst_type_id":"","operating_unit":"Eritrea","operating_unit_id":"ERI","outputs":[{"award_id":"12448","budget":[147000.0,266.83,46401.0,0],"crs":"73010","crs_descr":"Reconstruction relief and rehabilitation","donor_budget":[193400.0,267.83],"donor_country":["MULTI-LATERAL AGENCY","MULTI-LATERAL AGENCY"],"donor_country_id":["MULTI_AGY","MULTI_AGY"],"donor_expend":[46450.0,474.47999999999996],"donor_id":["12","280"],"donor_name":["UNITED NATIONS DEVELOPMENT PROGRAMME","EUROPEAN UNION"],"donor_short":["UNDP","EU"],"donor_type":["MULTI-LATERAL AGENCY","MULTI-LATERAL AGENCY"],"donor_type_id":["MULTI_AGY","MULTI_AGY"],"expenditure":[0.0,-284.44,47208.92,502563.29],"fiscal_year":["2013","2012","2011","2010"],"focus_area":"3","focus_area_descr":"Crisis prevention & recovery","gender_descr":"Significant Objective","gender_id":"GEN2","output_descr":"Socio-economic reintegration of landmine victims ensured.","output_id":"62210","output_title":"CB Landmine victim support"},{"award_id":"12448","budget":[265.83,110001.0,0],"crs":"99810","crs_descr":"Sectors Not Specified","donor_budget":[110000.0,266.83],"donor_country":["MULTI-LATERAL AGENCY","MULTI-LATERAL AGENCY"],"donor_country_id":["MULTI_AGY","MULTI_AGY"],"donor_expend":[75093.21,284.44],"donor_id":["12","280"],"donor_name":["UNITED NATIONS DEVELOPMENT PROGRAMME","EUROPEAN UNION"],"donor_short":["UNDP","EU"],"donor_type":["MULTI-LATERAL AGENCY","MULTI-LATERAL AGENCY"],"donor_type_id":["MULTI_AGY","MULTI_AGY"],"expenditure":[284.44,75093.21,165032.16],"fiscal_year":["2012","2011","2010"],"focus_area":"-","focus_area_descr":"-","gender_descr":"Significant Objective","gender_id":"GEN2","output_descr":"Return and resettlement of IDPs/Expellees/Ex-combatants, host Communities and war and drought affected populations to their orginal lands or new resettlement areas that are free from any threats of landmines and UXOs.","output_id":"12448","output_title":"CB Mine Action Programme"}],"project_descr":"Build management and operational national capacities by assisting the Eritrean Demining Authority (EDA) & Ministry of Labour and Human Welfare in mine action and landmine victim assistance.","project_id":"12448","project_title":"Mine Action Capacity Building Programme","region_id":"RBA","region_name":"Reg Bureau for Africa","start":"2002-03-01","subnational":[{"lat":"15","lon":"39","precision":"9","scope":"4","type":"1"},{"lat":"15","lon":"39","precision":"9","scope":"4","type":"1"}]}