{"document_name":[],"end":"2010-12-31","fiscal_year":["2012"],"inst_descr":"","inst_id":" ","inst_type_descr":"","inst_type_id":"","operating_unit":"Eritrea","operating_unit_id":"ERI","outputs":[{"award_id":"12444","budget":[0.0,0],"crs":"99810","crs_descr":"Sectors Not Specified","donor_budget":[0.0,0.0],"donor_country":["Netherlands","Norway"],"donor_country_id":["NLD","NOR"],"donor_expend":[-0.12,-0.47],"donor_id":["182","187"],"donor_name":["GOVERNMENT OF NETHERLANDS","GOVERNMENT OF NORWAY"],"donor_short":["NET","NOR"],"donor_type":["NON_PROGRAMME COUNTRY","NON_PROGRAMME COUNTRY"],"donor_type_id":["NON_PROGCTY","NON_PROGCTY"],"expenditure":[-0.59,46.08],"fiscal_year":["2012","2010"],"focus_area":"-","focus_area_descr":"-","gender_descr":"-","gender_id":"-","output_descr":"Emergency  Shelter and Household Items","output_id":"12444","output_title":"Emergency Shelter and Househol"}],"project_descr":"Emergency Shelter and Household Items","project_id":"12444","project_title":"Emergency Shelter and Household Items","region_id":"RBA","region_name":"Reg Bureau for Africa","start":"2000-01-01","subnational":[]}