{"document_name":[],"end":"2009-12-31","fiscal_year":["2011"],"inst_descr":"","inst_id":" ","inst_type_descr":"","inst_type_id":"","operating_unit":"Ethiopia","operating_unit_id":"ETH","outputs":[{"award_id":"12459","budget":[0.0],"crs":"99810","crs_descr":"Sectors Not Specified","donor_budget":[0.0],"donor_country":["MULTI-LATERAL AGENCY"],"donor_country_id":["MULTI_AGY"],"donor_expend":[-2716.01],"donor_id":["10003"],"donor_name":["Global Environment Fund Trustee"],"donor_short":["GEFTrustee"],"donor_type":["MULTI-LATERAL AGENCY"],"donor_type_id":["MULTI_AGY"],"expenditure":[-2716.01],"fiscal_year":["2011"],"focus_area":"-","focus_area_descr":"-","gender_descr":"-","gender_id":"-","output_descr":"Ethiopia's National Biodiversity Strategy and Action Plan","output_id":"12459","output_title":"National Biodiversity Strategy"}],"project_descr":"Ethiopia's National Biodiversity Strategy and Action Plan","project_id":"12459","project_title":"Biodiversity Strategy and Action Plan","region_id":"RBA","region_name":"Reg Bureau for Africa","start":"1997-01-01","subnational":[{"lat":"8","lon":"38","precision":"9","scope":"4","type":"1"}]}