{"document_name":[],"end":"2006-12-31","fiscal_year":["2011"],"inst_descr":"","inst_id":" ","inst_type_descr":"","inst_type_id":"","operating_unit":"Ethiopia","operating_unit_id":"ETH","outputs":[{"award_id":"12466","budget":[0.0],"crs":"99810","crs_descr":"Sectors Not Specified","donor_budget":[0.0],"donor_country":["MULTI-LATERAL AGENCY"],"donor_country_id":["MULTI_AGY"],"donor_expend":[652.0],"donor_id":["12"],"donor_name":["UNITED NATIONS DEVELOPMENT PROGRAMME"],"donor_short":["UNDP"],"donor_type":["MULTI-LATERAL AGENCY"],"donor_type_id":["MULTI_AGY"],"expenditure":[652.0],"fiscal_year":["2011"],"focus_area":"-","focus_area_descr":"-","gender_descr":"-","gender_id":"-","output_descr":"Campaigning for 2015 in Central & Eastern Africa","output_id":"12466","output_title":"Campaigning for 2015 in Cent./"}],"project_descr":"Campaigning for 2015 in Central & Eastern Africa","project_id":"12466","project_title":"Campaigning for 2015 in Cent./ Eastern Africa","region_id":"RBA","region_name":"Reg Bureau for Africa","start":"2002-05-01","subnational":[{"lat":"8","lon":"38","precision":"9","scope":"4","type":"1"}]}