{"document_name":[],"end":"2011-12-31","fiscal_year":["2011","2010"],"inst_descr":"","inst_id":" ","inst_type_descr":"","inst_type_id":"","operating_unit":"Ethiopia","operating_unit_id":"ETH","outputs":[{"award_id":"12462","budget":[0.0,0],"crs":"99810","crs_descr":"Sectors Not Specified","donor_budget":[0.0],"donor_country":["Netherlands"],"donor_country_id":["NLD"],"donor_expend":[-173.41],"donor_id":["182"],"donor_name":["GOVERNMENT OF NETHERLANDS"],"donor_short":["NET"],"donor_type":["NON_PROGRAMME COUNTRY"],"donor_type_id":["NON_PROGCTY"],"expenditure":[-173.41,1222.9],"fiscal_year":["2011","2010"],"focus_area":"-","focus_area_descr":"-","gender_descr":"Principal Objective","gender_id":"GEN3","output_descr":"Harmonized support to Education Sector Development Programme","output_id":"41179","output_title":"Education Sector Development"},{"award_id":"12462","budget":[0.0],"crs":"99810","crs_descr":"Sectors Not Specified","donor_budget":[0.0],"donor_country":["Norway"],"donor_country_id":["NOR"],"donor_expend":[-55.42],"donor_id":["187"],"donor_name":["GOVERNMENT OF NORWAY"],"donor_short":["NOR"],"donor_type":["NON_PROGRAMME COUNTRY"],"donor_type_id":["NON_PROGCTY"],"expenditure":[-55.42],"fiscal_year":["2011"],"focus_area":"-","focus_area_descr":"-","gender_descr":"Principal Objective","gender_id":"GEN3","output_descr":"Donor Support to Sustainable Development and Poverty Reduction Programme (SDPRP) Implementation process  in Ethiopia","output_id":"12462","output_title":"Support to Poverty Reducation"}],"project_descr":"Donor Support to Poverty Reduction Stratagy Paper (PRSP) Preparation Process in Ethiopia","project_id":"12462","project_title":"Support to Poverty Reducation Strategy Paper preparation","region_id":"RBA","region_name":"Reg Bureau for Africa","start":"2001-10-22","subnational":[{"lat":"8","lon":"38","precision":"9","scope":"4","type":"1"},{"lat":"8","lon":"38","precision":"9","scope":"4","type":"1"}]}