{"document_name":[],"end":"2009-12-31","fiscal_year":["2012"],"inst_descr":"","inst_id":" ","inst_type_descr":"","inst_type_id":"","operating_unit":"Ethiopia","operating_unit_id":"ETH","outputs":[{"award_id":"12473","budget":[15.0,0],"crs":"99810","crs_descr":"Sectors Not Specified","donor_budget":[14.0,1.0],"donor_country":["MULTI-LATERAL AGENCY","Japan"],"donor_country_id":["MULTI_AGY","JPN"],"donor_expend":[13.13,-14.05],"donor_id":["12","141"],"donor_name":["UNITED NATIONS DEVELOPMENT PROGRAMME","GOVERNMENT OF JAPAN"],"donor_short":["UNDP","JPN"],"donor_type":["MULTI-LATERAL AGENCY","NON_PROGRAMME COUNTRY"],"donor_type_id":["MULTI_AGY","NON_PROGCTY"],"expenditure":[-0.92,-0.01],"fiscal_year":["2012","2010"],"focus_area":"-","focus_area_descr":"-","gender_descr":"No Contribution","gender_id":"GEN0","output_descr":"HIV/AIDS and Gender and Development","output_id":"12473","output_title":"HIV/AIDS & Gender & Developmen"}],"project_descr":"HIV/AIDS and Gender and Development","project_id":"12473","project_title":"HIV/AIDS & Gender & Development","region_id":"RBA","region_name":"Reg Bureau for Africa","start":"2002-03-01","subnational":[]}