{"document_name":[],"end":"2010-12-31","fiscal_year":["2011","2010","2012"],"inst_descr":"National Execution ( Governmen","inst_id":"1193","inst_type_descr":"Gov Counterpart Institution","inst_type_id":"GOV","operating_unit":"Ethiopia","operating_unit_id":"ETH","outputs":[{"award_id":"12477","budget":[0.0,1.0,0],"crs":"99810","crs_descr":"Sectors Not Specified","donor_budget":[1.0],"donor_country":["MULTI-LATERAL AGENCY"],"donor_country_id":["MULTI_AGY"],"donor_expend":[-117701.0],"donor_id":["12"],"donor_name":["UNITED NATIONS DEVELOPMENT PROGRAMME"],"donor_short":["UNDP"],"donor_type":["MULTI-LATERAL AGENCY"],"donor_type_id":["MULTI_AGY"],"expenditure":[0.0,-117701.0,0.0],"fiscal_year":["2012","2011","2010"],"focus_area":"-","focus_area_descr":"-","gender_descr":"No Contribution","gender_id":"GEN0","output_descr":"Conribution to the implementation of CSR by improvidng  professional and technical competency of civil servants.","output_id":"12477","output_title":"Public Sector Reform Programme"}],"project_descr":"Support to Public Sector Capacity Building and Reform Programme in Ethiopia1","project_id":"12477","project_title":"Public Sector Reform Programme","region_id":"RBA","region_name":"Reg Bureau for Africa","start":"2003-04-3","subnational":[{"lat":"8","lon":"38","precision":"9","scope":"4","type":"1"}]}