{"document_name":[],"end":"2008-12-31","fiscal_year":["2011"],"inst_descr":"","inst_id":" ","inst_type_descr":"","inst_type_id":"","operating_unit":"Ethiopia","operating_unit_id":"ETH","outputs":[{"award_id":"12474","budget":[1.0],"crs":"99810","crs_descr":"Sectors Not Specified","donor_budget":[1.0],"donor_country":["MULTI-LATERAL AGENCY"],"donor_country_id":["MULTI_AGY"],"donor_expend":[-44735.09],"donor_id":["12"],"donor_name":["UNITED NATIONS DEVELOPMENT PROGRAMME"],"donor_short":["UNDP"],"donor_type":["MULTI-LATERAL AGENCY"],"donor_type_id":["MULTI_AGY"],"expenditure":[-44735.09],"fiscal_year":["2011"],"focus_area":"-","focus_area_descr":"-","gender_descr":"No Contribution","gender_id":"GEN0","output_descr":"Strengthening the Capacity of Key Democratic Governing Institutions in Ethiopia","output_id":"12474","output_title":"Key Governance Institutions"}],"project_descr":"Strengthening the Capacity of Key Democratic Governance Institutions","project_id":"12474","project_title":"Democratic Governance Institutions","region_id":"RBA","region_name":"Reg Bureau for Africa","start":"2004-01-01","subnational":[{"lat":"8","lon":"38","precision":"9","scope":"4","type":"1"}]}