{"document_name":[],"end":"2007-12-31","fiscal_year":["2012"],"inst_descr":"","inst_id":" ","inst_type_descr":"","inst_type_id":"","operating_unit":"Ethiopia","operating_unit_id":"ETH","outputs":[{"award_id":"12486","budget":[0.0],"crs":"99810","crs_descr":"Sectors Not Specified","donor_budget":[0.0],"donor_country":["MULTI-LATERAL AGENCY"],"donor_country_id":["MULTI_AGY"],"donor_expend":[-1375.0],"donor_id":["12"],"donor_name":["UNITED NATIONS DEVELOPMENT PROGRAMME"],"donor_short":["UNDP"],"donor_type":["MULTI-LATERAL AGENCY"],"donor_type_id":["MULTI_AGY"],"expenditure":[-1375.0],"fiscal_year":["2012"],"focus_area":"-","focus_area_descr":"-","gender_descr":"-","gender_id":"-","output_descr":"\"CAPACITY BUILDING FOR IMPLEMENTATION, COORDINATION AND MONITORING OF PRO-POOR POLICIES AND ECONOMIC GOVERNANCE\"","output_id":"12486","output_title":"Pro-Poor Policies and Economic"}],"project_descr":"CAPACITY BUILDING FOR IMPLEMENTATION, COORDINATION AND MONITORING OF PRO-POOR POLICIES AND ECONOMIC GOVERNANCE","project_id":"12486","project_title":"Pro-Poor Policies and Economic Governance","region_id":"RBA","region_name":"Reg Bureau for Africa","start":"2003-05-01","subnational":[]}