{"document_name":[],"end":"2007-06-3","fiscal_year":["2011"],"inst_descr":"","inst_id":" ","inst_type_descr":"","inst_type_id":"","operating_unit":"Ethiopia","operating_unit_id":"ETH","outputs":[{"award_id":"12481","budget":[0.0],"crs":"99810","crs_descr":"Sectors Not Specified","donor_budget":[0.0],"donor_country":["MULTI-LATERAL AGENCY"],"donor_country_id":["MULTI_AGY"],"donor_expend":[-2596.54],"donor_id":["12"],"donor_name":["UNITED NATIONS DEVELOPMENT PROGRAMME"],"donor_short":["UNDP"],"donor_type":["MULTI-LATERAL AGENCY"],"donor_type_id":["MULTI_AGY"],"expenditure":[-2596.54],"fiscal_year":["2011"],"focus_area":"-","focus_area_descr":"-","gender_descr":"-","gender_id":"-","output_descr":"Preparatory Assistance for Food Security and Agricultural Development Programme","output_id":"12481","output_title":"Food Security"}],"project_descr":"Preparatory Assistance for Food Security and Agricultural Development Programme","project_id":"12481","project_title":"Food Security","region_id":"RBA","region_name":"Reg Bureau for Africa","start":"2003-06-19","subnational":[{"lat":"8","lon":"38","precision":"9","scope":"4","type":"1"}]}