{"document_name":[],"end":"2012-12-31","fiscal_year":["2011","2010","2012"],"inst_descr":"","inst_id":" ","inst_type_descr":"","inst_type_id":"","operating_unit":"Fiji","operating_unit_id":"FJI","outputs":[{"award_id":"12622","budget":[90000.0,125000.0,0],"crs":"41010","crs_descr":"Environmental policy and administrative management","donor_budget":[215000.0],"donor_country":["MULTI-LATERAL AGENCY"],"donor_country_id":["MULTI_AGY"],"donor_expend":[181975.91],"donor_id":["10003"],"donor_name":["Global Environment Fund Trustee"],"donor_short":["GEFTrustee"],"donor_type":["MULTI-LATERAL AGENCY"],"donor_type_id":["MULTI_AGY"],"expenditure":[88686.21,93289.7,32890.71],"fiscal_year":["2012","2011","2010"],"focus_area":"4","focus_area_descr":"Environment & sustainable development","gender_descr":"No Contribution","gender_id":"GEN0","output_descr":"Fiji's National Biodiversity Strategy & Action Plan (NBSAP) enabling activity project enables the design of effective response measures to improve Fiji's efforts in conserving biological diversity at national, sub-national and community levels.","output_id":"12622","output_title":"FJ Biodiversity Enabling Acttv"}],"project_descr":"The project enables the design of effective response measures to improve Fiji's efforts in conserving biological diversity at national, sub-national and community levels.","project_id":"12622","project_title":"FIJI National Biodiversity Strategy & Action Plan","region_id":"RBAP","region_name":"Reg Bureau for Asia & Pacific","start":"2004-01-01","subnational":[{"lat":"-18","lon":"178","precision":"9","scope":"4","type":"2"}]}