{"document_name":[],"end":"2012-02-29","fiscal_year":["2012"],"inst_descr":"","inst_id":" ","inst_type_descr":"","inst_type_id":"","operating_unit":"Fiji","operating_unit_id":"FJI","outputs":[{"award_id":"12626","budget":[10425.96],"crs":"41010","crs_descr":"Environmental policy and administrative management","donor_budget":[10425.96],"donor_country":["MULTI-LATERAL AGENCY"],"donor_country_id":["MULTI_AGY"],"donor_expend":[0.0],"donor_id":["12"],"donor_name":["UNITED NATIONS DEVELOPMENT PROGRAMME"],"donor_short":["UNDP"],"donor_type":["MULTI-LATERAL AGENCY"],"donor_type_id":["MULTI_AGY"],"expenditure":[0.0],"fiscal_year":["2012"],"focus_area":"4","focus_area_descr":"Environment & sustainable development","gender_descr":"Some Contribution","gender_id":"GEN1","output_descr":"FSM NATIONAL BIODIVERSITY STRATEGY AND ACTION PLAN AND REPORT TO THE CONFERENCE OF PARTIES","output_id":"12626","output_title":"FSM BSAP EA"}],"project_descr":"NATIONAL BIODIVERSITY STRATEGY AND ACTION PLAN AND REPORT TO THE CONFERENCE OF PARTIES","project_id":"12626","project_title":"FSM BIODIVERSITY STRATEGY ACTION PLAN","region_id":"RBAP","region_name":"Reg Bureau for Asia & Pacific","start":"2000-03-01","subnational":[]}