{"document_name":[],"end":"2012-02-29","fiscal_year":["2011","2010","2012"],"inst_descr":"","inst_id":" ","inst_type_descr":"","inst_type_id":"","operating_unit":"Fiji","operating_unit_id":"FJI","outputs":[{"award_id":"12649","budget":[133.78,0.0,0],"crs":"99810","crs_descr":"Sectors Not Specified","donor_budget":[133.78,0.0],"donor_country":["MULTI-LATERAL AGENCY","MULTI-LATERAL AGENCY"],"donor_country_id":["MULTI_AGY","MULTI_AGY"],"donor_expend":[4076.71,-133.79],"donor_id":["12","10003"],"donor_name":["UNITED NATIONS DEVELOPMENT PROGRAMME","Global Environment Fund Trustee"],"donor_short":["UNDP","GEFTrustee"],"donor_type":["MULTI-LATERAL AGENCY","MULTI-LATERAL AGENCY"],"donor_type_id":["MULTI_AGY","MULTI_AGY"],"expenditure":[0.0,3942.92,-124.51],"fiscal_year":["2012","2011","2010"],"focus_area":"-","focus_area_descr":"-","gender_descr":"Some Contribution","gender_id":"GEN1","output_descr":"The Kiribati National Biodiversity Strategy & Action Plan (NBSAP) project enables the design of effective response measures to improve Kiribati's efforts in conserving biological diversity at national, sub-national and community levels.","output_id":"12649","output_title":"KI Nat.Biodiversity Actn Plan"}],"project_descr":"The project enables the design of effective response measures to improve Kiribati's efforts in conserving biological diversity at national, sub-national and community levels.","project_id":"12649","project_title":"Kiribati National Biodiversity Strategy & Action Plan","region_id":"RBAP","region_name":"Reg Bureau for Asia & Pacific","start":"2003-01-01","subnational":[{"lat":"3.1616","lon":"172.79739","precision":"3","scope":"3","type":"2"},{"lat":"3.1616","lon":"172.79739","precision":"3","scope":"3","type":"2"},{"lat":"3.1616","lon":"172.79739","precision":"3","scope":"3","type":"2"},{"lat":"3.1616","lon":"172.79739","precision":"3","scope":"3","type":"2"},{"lat":"3.1616","lon":"172.79739","precision":"3","scope":"3","type":"2"},{"lat":"3.1616","lon":"172.79739","precision":"3","scope":"3","type":"2"},{"lat":"3.1616","lon":"172.79739","precision":"3","scope":"3","type":"2"},{"lat":"3.1616","lon":"172.79739","precision":"3","scope":"3","type":"2"},{"lat":"3.1616","lon":"172.79739","precision":"3","scope":"3","type":"2"},{"lat":"3.1616","lon":"172.79739","precision":"3","scope":"3","type":"2"},{"lat":"3.1616","lon":"172.79739","precision":"3","scope":"3","type":"2"},{"lat":"3.1616","lon":"172.79739","precision":"3","scope":"3","type":"2"},{"lat":"3.1616","lon":"172.79739","precision":"3","scope":"3","type":"2"},{"lat":"3.1616","lon":"172.79739","precision":"3","scope":"3","type":"2"},{"lat":"3.1616","lon":"172.79739","precision":"3","scope":"3","type":"2"},{"lat":"3.1616","lon":"172.79739","precision":"3","scope":"3","type":"2"},{"lat":"3.1616","lon":"172.79739","precision":"3","scope":"3","type":"2"},{"lat":"3.1616","lon":"172.79739","precision":"3","scope":"3","type":"2"}]}