{"document_name":[],"end":"2011-12-31","fiscal_year":["2011","2010","2012","2013"],"inst_descr":"","inst_id":" ","inst_type_descr":"","inst_type_id":"","operating_unit":"Fiji","operating_unit_id":"FJI","outputs":[{"award_id":"12641","budget":[11368.23],"crs":"15140","crs_descr":"Government administration","donor_budget":[237.37,985.01,10145.85],"donor_country":["MULTI-LATERAL AGENCY","Australia","OTHERS"],"donor_country_id":["MULTI_AGY","AUS","OTH"],"donor_expend":[0.0,0.0,0.0],"donor_id":["35","55","10808"],"donor_name":["UNITED NATIONS CHILDREN'S FUND","GOVERNMENT OF AUSTRALIA","SECRETARIAT OF PACIFIC COMMUNITY"],"donor_short":["UNICEF","AUL","SPC"],"donor_type":["MULTI-LATERAL AGENCY","NON_PROGRAMME COUNTRY","PRIVATE SECTOR"],"donor_type_id":["MULTI_AGY","NON_PROGCTY","PRIV"],"expenditure":[0.0],"fiscal_year":["2011"],"focus_area":"2","focus_area_descr":"Democratic governance","gender_descr":"Some Contribution","gender_id":"GEN1","output_descr":"Regional Rights Resource Team (RRRT)/Poverty Reduction through Judicial Access to All (PRAJA)","output_id":"57701","output_title":"RRRT/PRAJA-Other Cost Sharing"},{"award_id":"12641","budget":[11408.65,0.0,0],"crs":"15140","crs_descr":"Government administration","donor_budget":[0.0,11408.65],"donor_country":["Australia","New Zealand"],"donor_country_id":["AUS","NZL"],"donor_expend":[-2026.98,0.0],"donor_id":["55","188"],"donor_name":["GOVERNMENT OF AUSTRALIA","GOVERNMENT OF NEW ZEALAND"],"donor_short":["AUL","NZE"],"donor_type":["NON_PROGRAMME COUNTRY","NON_PROGRAMME COUNTRY"],"donor_type_id":["NON_PROGCTY","NON_PROGCTY"],"expenditure":[0.0,-2026.98,14284.84],"fiscal_year":["2012","2011","2010"],"focus_area":"2","focus_area_descr":"Democratic governance","gender_descr":"Some Contribution","gender_id":"GEN1","output_descr":"Regional Rights Resource Team (RRRT) project aims for poverty reduction through Access to Justice for All","output_id":"47067","output_title":"Reg. Rights Resource Team"},{"award_id":"12641","budget":[11408.65,11408.65,0.0,0,0],"crs":"99810","crs_descr":"Sectors Not Specified","donor_budget":[22817.3],"donor_country":["New Zealand"],"donor_country_id":["NZL"],"donor_expend":[-124.50999999999927],"donor_id":["188"],"donor_name":["GOVERNMENT OF NEW ZEALAND"],"donor_short":["NZE"],"donor_type":["NON_PROGRAMME COUNTRY"],"donor_type_id":["NON_PROGCTY"],"expenditure":[-4.21,11288.35,-11408.65,11157.26,46159.68],"fiscal_year":["2013","2012","2011","2010"],"focus_area":"-","focus_area_descr":"-","gender_descr":"Some Contribution","gender_id":"GEN1","output_descr":"Regional Rights Resource Team (RRRT) project aims for poverty reduction through Access to Justice for All","output_id":"47066","output_title":"Reg. Rights Resource Team"},{"award_id":"12641","budget":[9513.62],"crs":"15140","crs_descr":"Government administration","donor_budget":[48.76,9464.86],"donor_country":["New Zealand","United Kingdom"],"donor_country_id":["NZL","GBR"],"donor_expend":[0.0,2263.58],"donor_id":["188","248"],"donor_name":["GOVERNMENT OF NEW ZEALAND","GOVERNMENT OF UNITED KINGDOM"],"donor_short":["NZE","UKM"],"donor_type":["NON_PROGRAMME COUNTRY","NON_PROGRAMME COUNTRY"],"donor_type_id":["NON_PROGCTY","NON_PROGCTY"],"expenditure":[2263.58],"fiscal_year":["2011"],"focus_area":"2","focus_area_descr":"Democratic governance","gender_descr":"Some Contribution","gender_id":"GEN1","output_descr":"Regional Rights Resource Team  - Poverty Reduction through Access to Justice for All","output_id":"12641","output_title":"REG RRRT - PRAJA"}],"project_descr":"Regional Rights Resource Team  - Poverty Reduction through Access to Justice for All","project_id":"12641","project_title":"Regional Rights Resource Team - PRAJA","region_id":"RBAP","region_name":"Reg Bureau for Asia & Pacific","start":"2002-01-01","subnational":[{"lat":"-18","lon":"178","precision":"9","scope":"4","type":"2"},{"lat":"-18","lon":"178","precision":"9","scope":"4","type":"2"}]}