{"document_name":[],"end":"2008-12-31","fiscal_year":["2011"],"inst_descr":"","inst_id":" ","inst_type_descr":"","inst_type_id":"","operating_unit":"Fiji","operating_unit_id":"FJI","outputs":[{"award_id":"12647","budget":[0.0],"crs":"99810","crs_descr":"Sectors Not Specified","donor_budget":[0.0],"donor_country":["MULTI-LATERAL AGENCY"],"donor_country_id":["MULTI_AGY"],"donor_expend":[-462.83],"donor_id":["12"],"donor_name":["UNITED NATIONS DEVELOPMENT PROGRAMME"],"donor_short":["UNDP"],"donor_type":["MULTI-LATERAL AGENCY"],"donor_type_id":["MULTI_AGY"],"expenditure":[-462.83],"fiscal_year":["2011"],"focus_area":"-","focus_area_descr":"-","gender_descr":"-","gender_id":"-","output_descr":"The project is a pilot initiative to support capacity building of the provincial governing structures in the Solomon Islands.","output_id":"12647","output_title":"SOI Isabel Development Program"}],"project_descr":"Strengthening Local Governance for Effective Service Delivery","project_id":"12647","project_title":"Isabel Development Project","region_id":"RBAP","region_name":"Reg Bureau for Asia & Pacific","start":"2003-04-01","subnational":[]}