{"document_name":[],"end":"2010-10-3","fiscal_year":["2011","2010"],"inst_descr":"","inst_id":" ","inst_type_descr":"","inst_type_id":"","operating_unit":"Fiji","operating_unit_id":"FJI","outputs":[{"award_id":"12656","budget":[0.0,0],"crs":"99810","crs_descr":"Sectors Not Specified","donor_budget":[0.0],"donor_country":["MULTI-LATERAL AGENCY"],"donor_country_id":["MULTI_AGY"],"donor_expend":[120.0],"donor_id":["12"],"donor_name":["UNITED NATIONS DEVELOPMENT PROGRAMME"],"donor_short":["UNDP"],"donor_type":["MULTI-LATERAL AGENCY"],"donor_type_id":["MULTI_AGY"],"expenditure":[120.0,24575.54],"fiscal_year":["2011","2010"],"focus_area":"-","focus_area_descr":"-","gender_descr":"Principal Objective","gender_id":"GEN3","output_descr":"Vanuatu Commercial Micro Finance project provides microfinance and financial services to the poor and disadvantaged population in Vanuatu","output_id":"12656","output_title":"Vanuatu Commercial M/Finance"}],"project_descr":"VANWODS - COMMERCIAL APPROACH TO MICROFINANCE SERVICES FOR THE POOR AND DISADVANTAGED","project_id":"12656","project_title":"Vanuatu Commercial Microfinance Project","region_id":"RBAP","region_name":"Reg Bureau for Asia & Pacific","start":"2003-04-15","subnational":[{"lat":"-16","lon":"167","precision":"9","scope":"4","type":"2"},{"lat":"-16","lon":"167","precision":"9","scope":"4","type":"2"}]}