{"document_name":[],"end":"2008-12-31","fiscal_year":["2011","2010","2012"],"inst_descr":"","inst_id":" ","inst_type_descr":"","inst_type_id":"","operating_unit":"Fiji","operating_unit_id":"FJI","outputs":[{"award_id":"12655","budget":[1417.47,0.0,0],"crs":"99810","crs_descr":"Sectors Not Specified","donor_budget":[1417.47,0.0],"donor_country":["MULTI-LATERAL AGENCY","MULTI-LATERAL AGENCY"],"donor_country_id":["MULTI_AGY","MULTI_AGY"],"donor_expend":[4801.929999999999,-1564.6200000000001],"donor_id":["12","10003"],"donor_name":["UNITED NATIONS DEVELOPMENT PROGRAMME","Global Environment Fund Trustee"],"donor_short":["UNDP","GEFTrustee"],"donor_type":["MULTI-LATERAL AGENCY","MULTI-LATERAL AGENCY"],"donor_type_id":["MULTI_AGY","MULTI_AGY"],"expenditure":[0.0,3237.31,-102.24],"fiscal_year":["2012","2011","2010"],"focus_area":"-","focus_area_descr":"-","gender_descr":"Some Contribution","gender_id":"GEN1","output_descr":"Tuvalu National Adaptation Programme of Action (NAPA) project enables the development of a framework to guide the coordination and implementation of climate change adaptation initiatives.","output_id":"12655","output_title":"TV Nat. Adaptn Program"}],"project_descr":"The project enables the development of a framework to guide the coordination and implementation of climate change adaptation initiatives.","project_id":"12655","project_title":"Tuvalu National Adaptation Programme of Action (NAPA)","region_id":"RBAP","region_name":"Reg Bureau for Asia & Pacific","start":"2003-05-01","subnational":[{"lat":"-8.51719","lon":"179.14478","precision":"9","scope":"4","type":"2"},{"lat":"-8.51719","lon":"179.14478","precision":"9","scope":"4","type":"2"}]}