{"document_name":[],"end":"2012-02-29","fiscal_year":["2012"],"inst_descr":"","inst_id":" ","inst_type_descr":"","inst_type_id":"","operating_unit":"Fiji","operating_unit_id":"FJI","outputs":[{"award_id":"12657","budget":[3396.78],"crs":"99810","crs_descr":"Sectors Not Specified","donor_budget":[3395.78,1.0],"donor_country":["MULTI-LATERAL AGENCY","MULTI-LATERAL AGENCY"],"donor_country_id":["MULTI_AGY","MULTI_AGY"],"donor_expend":[3395.78,-3395.78],"donor_id":["12","10003"],"donor_name":["UNITED NATIONS DEVELOPMENT PROGRAMME","GEFTrustee"],"donor_short":["UNDP","GEFTrustee"],"donor_type":["MULTI-LATERAL AGENCY","MULTI-LATERAL AGENCY"],"donor_type_id":["MULTI_AGY","MULTI_AGY"],"expenditure":[0.0],"fiscal_year":["2012"],"focus_area":"-","focus_area_descr":"-","gender_descr":"No Contribution","gender_id":"GEN0","output_descr":"Kiribati National Capacity Self Assessment ( NCSA) for Global Environment.","output_id":"12657","output_title":"KIR GEF 2821 PDF-A NCSA"}],"project_descr":"Kiribati National Capacity Self Assessment ( NCSA) for Global Environment.","project_id":"12657","project_title":"KIR NCSA PDF-A  (GEF 2821 CC)","region_id":"RBAP","region_name":"Reg Bureau for Asia & Pacific","start":"2003-08-01","subnational":[]}