{"document_name":[],"end":"2007-12-31","fiscal_year":["2011"],"inst_descr":"","inst_id":" ","inst_type_descr":"","inst_type_id":"","operating_unit":"Gambia","operating_unit_id":"GMB","outputs":[{"award_id":"12669","budget":[3685.0],"crs":"99810","crs_descr":"Sectors Not Specified","donor_budget":[138.0,3547.0],"donor_country":["Norway","MULTI-LATERAL AGENCY"],"donor_country_id":["NOR","MULTI_AGY"],"donor_expend":[137.32,3529.62],"donor_id":["187","297"],"donor_name":["GOVERNMENT OF NORWAY","UNAIDS"],"donor_short":["NOR","UNAIDS"],"donor_type":["NON_PROGRAMME COUNTRY","MULTI-LATERAL AGENCY"],"donor_type_id":["NON_PROGCTY","MULTI_AGY"],"expenditure":[3666.94],"fiscal_year":["2011"],"focus_area":"-","focus_area_descr":"-","gender_descr":"Some Contribution","gender_id":"GEN1","output_descr":"Support to The National Governance Programme","output_id":"12669","output_title":"Support to The National Govern"}],"project_descr":"Support to The National Governance Programme","project_id":"12669","project_title":"Support to The National Governance Programme","region_id":"RBA","region_name":"Reg Bureau for Africa","start":"2000-07-15","subnational":[{"lat":"11","lon":"-10","precision":"9","scope":"4","type":"1"}]}