{"document_name":[],"end":"2008-12-31","fiscal_year":["2011"],"inst_descr":"","inst_id":" ","inst_type_descr":"","inst_type_id":"","operating_unit":"Gambia","operating_unit_id":"GMB","outputs":[{"award_id":"12667","budget":[3301.95],"crs":"15110","crs_descr":"Economic and development policy/planning","donor_budget":[7.75,3294.2],"donor_country":["MULTI-LATERAL AGENCY","MULTI-LATERAL AGENCY"],"donor_country_id":["MULTI_AGY","MULTI_AGY"],"donor_expend":[7.68,3278.09],"donor_id":["12","35"],"donor_name":["UNITED NATIONS DEVELOPMENT PROGRAMME","UNITED NATIONS CHILDREN'S FUND"],"donor_short":["UNDP","UNICEF"],"donor_type":["MULTI-LATERAL AGENCY","MULTI-LATERAL AGENCY"],"donor_type_id":["MULTI_AGY","MULTI_AGY"],"expenditure":[3285.77],"fiscal_year":["2011"],"focus_area":"1","focus_area_descr":"Poverty reduction & MDG achievement","gender_descr":"No Contribution","gender_id":"GEN0","output_descr":"CAPACITY BUILDING FOR NATIONAL EXECUTION (NEX)","output_id":"12667","output_title":"CAPACITY BUILDING FOR NEX"}],"project_descr":"CAPACITY BUILDING FOR NATIONAL EXECUTION (NEX)","project_id":"12667","project_title":"CAPACITY BUILDING FOR NEX","region_id":"RBA","region_name":"Reg Bureau for Africa","start":"1999-05-15","subnational":[]}