{"document_name":[],"end":"2013-03-07","fiscal_year":["2012"],"inst_descr":"","inst_id":" ","inst_type_descr":"","inst_type_id":"","operating_unit":"Guinea-Bissau","operating_unit_id":"GNB","outputs":[{"award_id":"12679","budget":[3121.96],"crs":"99810","crs_descr":"Sectors Not Specified","donor_budget":[3120.96,1.0],"donor_country":["MULTI-LATERAL AGENCY","MULTI-LATERAL AGENCY"],"donor_country_id":["MULTI_AGY","MULTI_AGY"],"donor_expend":[3120.96,-3120.96],"donor_id":["12","10003"],"donor_name":["UNITED NATIONS DEVELOPMENT PROGRAMME","GEFTrustee"],"donor_short":["UNDP","GEFTrustee"],"donor_type":["MULTI-LATERAL AGENCY","MULTI-LATERAL AGENCY"],"donor_type_id":["MULTI_AGY","MULTI_AGY"],"expenditure":[0.0],"fiscal_year":["2012"],"focus_area":"-","focus_area_descr":"-","gender_descr":"-","gender_id":"-","output_descr":"Appui \u00e0 la Pr\u00e9paration de la Communication Nationale de la Guin\u00e9e-Bissau \u00e0 la CCNUCC","output_id":"12679","output_title":"CHANGEMENTS CLIMATIQUES DE LA"}],"project_descr":"Appui \u00e0 la Pr\u00e9paration de la Communication National de la Guin\u00e9e-Bissau \u00e0 la CCNUCC","project_id":"12679","project_title":"CHANGEMENTS CLIMATIQUES DE LA GBS","region_id":"RBA","region_name":"Reg Bureau for Africa","start":"2000-12-01","subnational":[]}