{"document_name":[],"end":"2011-12-31","fiscal_year":["2011","2012"],"inst_descr":"","inst_id":" ","inst_type_descr":"","inst_type_id":"","operating_unit":"Bureau for Dev. Policy","operating_unit_id":"H21","outputs":[{"award_id":"12688","budget":[31903.0,1.0],"crs":"41010","crs_descr":"Environmental policy and administrative management","donor_budget":[31904.0],"donor_country":["MULTI-LATERAL AGENCY"],"donor_country_id":["MULTI_AGY"],"donor_expend":[-3052.49],"donor_id":["10003"],"donor_name":["Global Environment Fund Trustee"],"donor_short":["GEFTrustee"],"donor_type":["MULTI-LATERAL AGENCY"],"donor_type_id":["MULTI_AGY"],"expenditure":[0.0,-3052.49],"fiscal_year":["2012","2011"],"focus_area":"4","focus_area_descr":"Environment & sustainable development","gender_descr":"-","gender_id":"-","output_descr":"Capacity Building for Observing systems for Climate Change","output_id":"12688","output_title":"PIMS 2411 CC: FSP Observing Sy"}],"project_descr":"Capacity Building for Observing systems for Climate Change","project_id":"12688","project_title":"PIMS 2411 CC: FSP Observing Systems for Climate Change","region_id":"BDP","region_name":"Bureau for Dev. Policy","start":"2002-06-01","subnational":[]}