{"document_name":[],"end":"2011-12-31","fiscal_year":["2011","2010"],"inst_descr":"","inst_id":" ","inst_type_descr":"","inst_type_id":"","operating_unit":"Bureau for Dev. Policy","operating_unit_id":"H21","outputs":[{"award_id":"12685","budget":[23001.0,0],"crs":"41010","crs_descr":"Environmental policy and administrative management","donor_budget":[23001.0],"donor_country":["MULTI-LATERAL AGENCY"],"donor_country_id":["MULTI_AGY"],"donor_expend":[23056.02],"donor_id":["10003"],"donor_name":["Global Environment Fund Trustee"],"donor_short":["GEFTrustee"],"donor_type":["MULTI-LATERAL AGENCY"],"donor_type_id":["MULTI_AGY"],"expenditure":[23056.02,5324.91],"fiscal_year":["2011","2010"],"focus_area":"4","focus_area_descr":"Environment & sustainable development","gender_descr":"Some Contribution","gender_id":"GEN1","output_descr":"To integrate sustainable water and coastal resources management into their national planning processes.","output_id":"12685","output_title":"International Waters Distance"}],"project_descr":"To integrate sustainable water and coastal resources management into their national planning processes.","project_id":"12685","project_title":"International Waters Distance Learning Project","region_id":"BDP","region_name":"Bureau for Dev. Policy","start":"2000-01-01","subnational":[]}