{"document_name":[],"end":"2005-12-31","fiscal_year":["2011"],"inst_descr":"","inst_id":" ","inst_type_descr":"","inst_type_id":"","operating_unit":"Guinea-Bissau","operating_unit_id":"GNB","outputs":[{"award_id":"12680","budget":[0.0],"crs":"99810","crs_descr":"Sectors Not Specified","donor_budget":[0.0],"donor_country":["MULTI-LATERAL AGENCY"],"donor_country_id":["MULTI_AGY"],"donor_expend":[-826.53],"donor_id":["12"],"donor_name":["UNITED NATIONS DEVELOPMENT PROGRAMME"],"donor_short":["UNDP"],"donor_type":["MULTI-LATERAL AGENCY"],"donor_type_id":["MULTI_AGY"],"expenditure":[-826.53],"fiscal_year":["2011"],"focus_area":"2","focus_area_descr":"Democratic governance","gender_descr":"-","gender_id":"-","output_descr":"APPUI AUX ELECTIONS LEGISLATIVES ET  PRESIDENTIELLES","output_id":"12680","output_title":"APPUI AUX ELECTIONS LEGISLATIV"}],"project_descr":"APPUI AUX ELECTIONS LEGISLATIVES ANTICIPES","project_id":"12680","project_title":"APPUI AUX ELECTIONS LEGISLATIVES","region_id":"RBA","region_name":"Reg Bureau for Africa","start":"2003-03-17","subnational":[{"lat":"11.5148","lon":"15.3551","precision":"9","scope":"5","type":"1"}]}