{"document_name":[],"end":"2012-12-31","fiscal_year":["2011","2010","2012","2013"],"inst_descr":"","inst_id":" ","inst_type_descr":"","inst_type_id":"","operating_unit":"Bureau for Dev. Policy","operating_unit_id":"H21","outputs":[{"award_id":"12687","budget":[2.0,2830898.0,1827514.0],"crs":"41010","crs_descr":"Environmental policy and administrative management","donor_budget":[1043404.0,3615010.0],"donor_country":["MULTI-LATERAL AGENCY","MULTI-LATERAL AGENCY"],"donor_country_id":["MULTI_AGY","MULTI_AGY"],"donor_expend":[100613.88,3353732.12],"donor_id":["12","10003"],"donor_name":["UNITED NATIONS DEVELOPMENT PROGRAMME","Global Environment Fund Trustee"],"donor_short":["UNDP","GEFTrustee"],"donor_type":["MULTI-LATERAL AGENCY","MULTI-LATERAL AGENCY"],"donor_type_id":["MULTI_AGY","MULTI_AGY"],"expenditure":[-3.09,1765047.35,1689301.74],"fiscal_year":["2013","2012","2011"],"focus_area":"4","focus_area_descr":"Environment & sustainable development","gender_descr":"Some Contribution","gender_id":"GEN1","output_descr":"-","output_id":"61355","output_title":"SGP POST OP2"},{"award_id":"12687","budget":[10600.0,10600.0,0],"crs":"41010","crs_descr":"Environmental policy and administrative management","donor_budget":[21200.0],"donor_country":["MULTI-LATERAL AGENCY"],"donor_country_id":["MULTI_AGY"],"donor_expend":[-21562.47],"donor_id":["10003"],"donor_name":["Global Environment Fund Trustee"],"donor_short":["GEFTrustee"],"donor_type":["MULTI-LATERAL AGENCY"],"donor_type_id":["MULTI_AGY"],"expenditure":[4654.42,-26216.89,84302.92],"fiscal_year":["2012","2011","2010"],"focus_area":"4","focus_area_descr":"Environment & sustainable development","gender_descr":"Some Contribution","gender_id":"GEN1","output_descr":"GEF Small Grants Programme Phase 2","output_id":"12687","output_title":"GEF Small Grants Prog Phase 2"}],"project_descr":"GEF Small Grants Programme Phase 2","project_id":"12687","project_title":"GEF Small Grants Prog Phase 2","region_id":"BDP","region_name":"Bureau for Dev. Policy","start":"1998-02-01","subnational":[]}