{"document_name":[],"end":"2011-12-31","fiscal_year":["2011","2010"],"inst_descr":"","inst_id":" ","inst_type_descr":"","inst_type_id":"","operating_unit":"Georgia","operating_unit_id":"GEO","outputs":[{"award_id":"12691","budget":[16224.21,0],"crs":"15140","crs_descr":"Government administration","donor_budget":[16224.21],"donor_country":["MULTI-LATERAL AGENCY"],"donor_country_id":["MULTI_AGY"],"donor_expend":[16220.86],"donor_id":["12"],"donor_name":["UNITED NATIONS DEVELOPMENT PROGRAMME"],"donor_short":["UNDP"],"donor_type":["MULTI-LATERAL AGENCY"],"donor_type_id":["MULTI_AGY"],"expenditure":[16220.86,7457.32],"fiscal_year":["2011","2010"],"focus_area":"2","focus_area_descr":"Democratic governance","gender_descr":"Some Contribution","gender_id":"GEN1","output_descr":"National Human Development Report formulated and accepted by majority of opinion makers in Georgia","output_id":"55518","output_title":"Human Development Report"}],"project_descr":"Production and dissemination of National Human Development Report","project_id":"12691","project_title":"National Human Development Report","region_id":"RBEC","region_name":"Reg Bur for Europe & CIS","start":"1997-01-01","subnational":[]}