{"document_name":[],"end":"2012-12-31","fiscal_year":["2011","2010","2012","2013"],"inst_descr":"","inst_id":" ","inst_type_descr":"","inst_type_id":"","operating_unit":"Georgia","operating_unit_id":"GEO","outputs":[{"award_id":"12720","budget":[29441.59,53763.44,10700.0],"crs":"99810","crs_descr":"Sectors Not Specified","donor_budget":[93905.03],"donor_country":["Romania"],"donor_country_id":["ROM"],"donor_expend":[46951.7],"donor_id":["205"],"donor_name":["GOVERNMENT OF ROMANIA"],"donor_short":["ROM"],"donor_type":["PROGRAMME COUNTRY"],"donor_type_id":["PROGCTY"],"expenditure":[21084.54,24321.85,1545.31],"fiscal_year":["2013","2012","2011"],"focus_area":"-","focus_area_descr":"-","gender_descr":"Some Contribution","gender_id":"GEN1","output_descr":"Enhanced protection of the human rights for Persons with Disabilities (PwD)\t\t\t\t\r\nand supporting enabling environment for provision of better services to them \t\t","output_id":"75985","output_title":"Persons with Dsabilities"},{"award_id":"12720","budget":[0.0,250000.0,259051.47,0],"crs":"15162","crs_descr":"Human rights","donor_budget":[151118.16,357933.31],"donor_country":["MULTI-LATERAL AGENCY","Republic of Georgia"],"donor_country_id":["MULTI_AGY","GEO"],"donor_expend":[145611.78,322276.38999999996],"donor_id":["12","1064"],"donor_name":["UNITED NATIONS DEVELOPMENT PROGRAMME","GEO-GOVERNMENT"],"donor_short":["UNDP","GOVT"],"donor_type":["MULTI-LATERAL AGENCY","PROGRAMME COUNTRY"],"donor_type_id":["MULTI_AGY","PROGCTY"],"expenditure":[-226.45,243659.56,224455.06,289529.95],"fiscal_year":["2013","2012","2011","2010"],"focus_area":"2","focus_area_descr":"Democratic governance","gender_descr":"Some Contribution","gender_id":"GEN1","output_descr":"Expected Output(s):Competence and capacity of the Public Defender\u2019s office increased, including outreach activities in the regions;","output_id":"36519","output_title":"Support to PDO Centers"}],"project_descr":"Support to Public Defender's Centres","project_id":"12720","project_title":"Support to Public Defender's Centres","region_id":"RBEC","region_name":"Reg Bur for Europe & CIS","start":"2003-11-01","subnational":[]}