{"document_name":[],"end":"2013-12-31","fiscal_year":["2013"],"inst_descr":"","inst_id":" ","inst_type_descr":"","inst_type_id":"","operating_unit":"Ghana","operating_unit_id":"GHA","outputs":[{"award_id":"12722","budget":[1.0],"crs":"99810","crs_descr":"Sectors Not Specified","donor_budget":[1.0],"donor_country":["MULTI-LATERAL AGENCY"],"donor_country_id":["MULTI_AGY"],"donor_expend":[-993.6],"donor_id":["10003"],"donor_name":["GEFTrustee"],"donor_short":["GEFTrustee"],"donor_type":["MULTI-LATERAL AGENCY"],"donor_type_id":["MULTI_AGY"],"expenditure":[-993.6],"fiscal_year":["2013"],"focus_area":"-","focus_area_descr":"-","gender_descr":"No Contribution","gender_id":"GEN0","output_descr":"Biodiversity Conservation of Lake Bosumtwe Basin","output_id":"12722","output_title":"Biodiversity Conservation of L"}],"project_descr":"Biodiversity Conservation of Lake Bosumtwe Basin","project_id":"12722","project_title":"Biodiversity Conservation of Lake Bosumtwe","region_id":"RBA","region_name":"Reg Bureau for Africa","start":"2001-04-01","subnational":[]}