{"document_name":[],"end":"2009-12-31","fiscal_year":["2011"],"inst_descr":"","inst_id":" ","inst_type_descr":"","inst_type_id":"","operating_unit":"Ghana","operating_unit_id":"GHA","outputs":[{"award_id":"12727","budget":[0.0],"crs":"25010","crs_descr":"Business support services and institutions","donor_budget":[0.0],"donor_country":["MULTI-LATERAL AGENCY"],"donor_country_id":["MULTI_AGY"],"donor_expend":[-34.92],"donor_id":["12"],"donor_name":["UNITED NATIONS DEVELOPMENT PROGRAMME"],"donor_short":["UNDP"],"donor_type":["MULTI-LATERAL AGENCY"],"donor_type_id":["MULTI_AGY"],"expenditure":[-34.92],"fiscal_year":["2011"],"focus_area":"1","focus_area_descr":"Poverty reduction & MDG achievement","gender_descr":"-","gender_id":"-","output_descr":"partnering with the private sector institutions to promote local level economic development","output_id":"12727","output_title":"Private Sector Development"}],"project_descr":"promoting local economic development by partnering with the private sector to bring development in local communities","project_id":"12727","project_title":"Promoting Private Sector Development","region_id":"RBA","region_name":"Reg Bureau for Africa","start":"2002-05-01","subnational":[{"lat":"8.1","lon":"-1.2","precision":"9","scope":"4","type":"1"}]}