{"document_name":[],"end":"2010-03-31","fiscal_year":["2011"],"inst_descr":"","inst_id":" ","inst_type_descr":"","inst_type_id":"","operating_unit":"Ghana","operating_unit_id":"GHA","outputs":[{"award_id":"12737","budget":[7.0],"crs":"99810","crs_descr":"Sectors Not Specified","donor_budget":[7.0],"donor_country":["Ghana"],"donor_country_id":["GHA"],"donor_expend":[-7.0],"donor_id":["1011"],"donor_name":["GHA-GHANA GOVERNMENT"],"donor_short":["GHANA"],"donor_type":["PROGRAMME COUNTRY"],"donor_type_id":["PROGCTY"],"expenditure":[-7.0],"fiscal_year":["2011"],"focus_area":"-","focus_area_descr":"-","gender_descr":"Some Contribution","gender_id":"GEN1","output_descr":"This project will equip health delivery institutions with the requisite logistical support to function effectively.","output_id":"12737","output_title":"Health III Project"}],"project_descr":"Health Services Rehabilitation Project","project_id":"12737","project_title":"Health III Project","region_id":"RBA","region_name":"Reg Bureau for Africa","start":"2003-11-01","subnational":[{"lat":"8.1","lon":"-1.2","precision":"9","scope":"4","type":"1"}]}