{"document_name":[],"end":"2010-07-31","fiscal_year":["2012"],"inst_descr":"","inst_id":" ","inst_type_descr":"","inst_type_id":"","operating_unit":"Guatemala","operating_unit_id":"GTM","outputs":[{"award_id":"12756","budget":[0.0,0],"crs":"99810","crs_descr":"Sectors Not Specified","donor_budget":[0.0],"donor_country":["Guatemala"],"donor_country_id":["GTM"],"donor_expend":[0.0],"donor_id":["121"],"donor_name":["GOVERNMENT OF GUATEMALA"],"donor_short":["GUA"],"donor_type":["PROGRAMME COUNTRY"],"donor_type_id":["PROGCTY"],"expenditure":[0.0,3823.32],"fiscal_year":["2012","2010"],"focus_area":"-","focus_area_descr":"-","gender_descr":"No Contribution","gender_id":"GEN0","output_descr":"\"APOYO AL CATASTRO, REGULARIZACION Y REGISTRO EN ZACAPA Y CHIQUIMULA\"","output_id":"12756","output_title":"APOYO AL CATASTRO EN ZACAPA Y"}],"project_descr":"APOYO AL CATASTRO, REGULARIZACION Y REGISTRO EN ZACAPA Y CHIQUIMULA","project_id":"12756","project_title":"APOYO AL CATASTRO EN ZACAPA Y CHIQUIMULA","region_id":"RBLAC","region_name":"Reg Bur Latin Amer & Carib","start":"2000-07-01","subnational":[]}