{"document_name":[],"end":"2010-10-31","fiscal_year":["2012"],"inst_descr":"","inst_id":" ","inst_type_descr":"","inst_type_id":"","operating_unit":"Guatemala","operating_unit_id":"GTM","outputs":[{"award_id":"12755","budget":[0.0,0],"crs":"99810","crs_descr":"Sectors Not Specified","donor_budget":[0.0,0.0],"donor_country":["MULTI-LATERAL AGENCY","Guatemala"],"donor_country_id":["MULTI_AGY","GTM"],"donor_expend":[0.0,0.0],"donor_id":["15","121"],"donor_name":["WORLD BANK (INT'L. BANK FOR RECONSTRUCTI","GOVERNMENT OF GUATEMALA"],"donor_short":["IBRD","GUA"],"donor_type":["MULTI-LATERAL AGENCY","PROGRAMME COUNTRY"],"donor_type_id":["MULTI_AGY","PROGCTY"],"expenditure":[0.0,14873.52],"fiscal_year":["2012","2010"],"focus_area":"-","focus_area_descr":"-","gender_descr":"No Contribution","gender_id":"GEN0","output_descr":"PROYECTO DE CATASTRO Y REGISTRO EN PETEN","output_id":"12755","output_title":"PROYECTO DE CATASTRO Y REGISTR"}],"project_descr":"PROYECTO DE CATASTRO Y REGISTRO EN PETEN","project_id":"12755","project_title":"PROYECTO DE CATASTRO Y REGISTRO EN PETEN","region_id":"RBLAC","region_name":"Reg Bur Latin Amer & Carib","start":"2004-01-01","subnational":[]}