{"document_name":[],"end":"2008-12-31","fiscal_year":["2013"],"inst_descr":"SECRETARIA DE COORDINACION EJE","inst_id":"1379","inst_type_descr":"Gov Counterpart Institution","inst_type_id":"GOV","operating_unit":"Guatemala","operating_unit_id":"GTM","outputs":[{"award_id":"12772","budget":[0.0],"crs":"99810","crs_descr":"Sectors Not Specified","donor_budget":[0.0,0.0],"donor_country":["Guatemala","MULTI-LATERAL AGENCY"],"donor_country_id":["GTM","MULTI_AGY"],"donor_expend":[0.0,0.0],"donor_id":["121","250"],"donor_name":["GOVERNMENT OF GUATEMALA","UNDETERMINED"],"donor_short":["GUA","UND"],"donor_type":["PROGRAMME COUNTRY","MULTI-LATERAL AGENCY"],"donor_type_id":["PROGCTY","MULTI_AGY"],"expenditure":[0.0],"fiscal_year":["2013"],"focus_area":"-","focus_area_descr":"-","gender_descr":"No Contribution","gender_id":"GEN0","output_descr":"Brigadas para el combate organizadas y en funcionamiento, acompa\u00f1ando las acciones en el campo con una campa\u00f1a de divulgaci\u00f3n para la  prevenci\u00f3n de los incendios, que es llevada al interior del pa\u00eds.","output_id":"12772","output_title":"Prevenci\u00f3n de Incendios"}],"project_descr":"Programa para el fortalecimiento de las capacidades del Sistema Guatemalteco de Prevenci\u00f3n y Combate de los Incendios Forestales","project_id":"12772","project_title":"PROGRAMA PARA SIPECIF","region_id":"RBLAC","region_name":"Reg Bur Latin Amer & Carib","start":"2002-02-15","subnational":[]}