{"document_name":[],"end":"2010-05-31","fiscal_year":["2012"],"inst_descr":"","inst_id":" ","inst_type_descr":"","inst_type_id":"","operating_unit":"Guatemala","operating_unit_id":"GTM","outputs":[{"award_id":"12776","budget":[0.0,0],"crs":"99810","crs_descr":"Sectors Not Specified","donor_budget":[0.0],"donor_country":["MULTI-LATERAL AGENCY"],"donor_country_id":["MULTI_AGY"],"donor_expend":[17.61],"donor_id":["16"],"donor_name":["INTER-AMERICAN DEVELOPMENT BANK"],"donor_short":["IDB"],"donor_type":["MULTI-LATERAL AGENCY"],"donor_type_id":["MULTI_AGY"],"expenditure":[17.61,23.12],"fiscal_year":["2012","2010"],"focus_area":"-","focus_area_descr":"-","gender_descr":"Some Contribution","gender_id":"GEN1","output_descr":"Tiene como prop\u00f3sito mejorar el estado de salud de la poblaci\u00f3n guatemalteca mediante aumentos en la cobertura de servicios b\u00e1sicos de salud, modernizaci\u00f3n institucional e inversiones en servicios hospitalarios con \u00e9nfasis en materno-infantil.","output_id":"12776","output_title":"PMSS - II"}],"project_descr":"PROGRAMA DE MEJORAMIENTO DE LOS SERVICIOS DE SALUD - FASE II","project_id":"12776","project_title":"PMSS - II","region_id":"RBLAC","region_name":"Reg Bur Latin Amer & Carib","start":"2002-07-01","subnational":[]}