{"document_name":[],"end":"2007-07-31","fiscal_year":["2013"],"inst_descr":"","inst_id":" ","inst_type_descr":"","inst_type_id":"","operating_unit":"Guatemala","operating_unit_id":"GTM","outputs":[{"award_id":"12773","budget":[0.0],"crs":"99810","crs_descr":"Sectors Not Specified","donor_budget":[0.0,0.0],"donor_country":["Guatemala","MULTI-LATERAL AGENCY"],"donor_country_id":["GTM","MULTI_AGY"],"donor_expend":[0.0,0.0],"donor_id":["121","250"],"donor_name":["GOVERNMENT OF GUATEMALA","UNDETERMINED"],"donor_short":["GUA","UND"],"donor_type":["PROGRAMME COUNTRY","MULTI-LATERAL AGENCY"],"donor_type_id":["PROGCTY","MULTI_AGY"],"expenditure":[0.0],"fiscal_year":["2013"],"focus_area":"-","focus_area_descr":"-","gender_descr":"-","gender_id":"-","output_descr":"Proyecto para la Reduccion a la Desnutricion Aguda","output_id":"12773","output_title":"REDUCCION A LA DESNUTRICION AG"}],"project_descr":"Proyecto para la Reduccion a la Desnutricion Aguda","project_id":"12773","project_title":"REDUCCION A LA DESNUTRICION AGUDA","region_id":"RBLAC","region_name":"Reg Bur Latin Amer & Carib","start":"2002-02-01","subnational":[]}