{"document_name":[],"end":"2012-06-3","fiscal_year":["2011","2012"],"inst_descr":"","inst_id":" ","inst_type_descr":"","inst_type_id":"","operating_unit":"Guatemala","operating_unit_id":"GTM","outputs":[{"award_id":"12780","budget":[91140.0,39247.83],"crs":"99810","crs_descr":"Sectors Not Specified","donor_budget":[130386.83,1.0],"donor_country":["MULTI-LATERAL AGENCY","MULTI-LATERAL AGENCY"],"donor_country_id":["MULTI_AGY","MULTI_AGY"],"donor_expend":[130385.83,-130386.83],"donor_id":["41","10003"],"donor_name":["UNITED NATIONS ENVIRONMENT PROGRAMME","Global Environment Fund Trustee"],"donor_short":["UNEP","GEFTrustee"],"donor_type":["MULTI-LATERAL AGENCY","MULTI-LATERAL AGENCY"],"donor_type_id":["MULTI_AGY","MULTI_AGY"],"expenditure":[91140.0,-91141.0],"fiscal_year":["2012","2011"],"focus_area":"-","focus_area_descr":"-","gender_descr":"Some Contribution","gender_id":"GEN1","output_descr":"El proyecto contribuye a garantizar un nivel adecuado de proteccion en la esfera de la transferencia, manipulacion y utilizacion segura de los organismos vivos modificaodos resultantes de la biotecnologia moderna.","output_id":"12780","output_title":"BIOSAFETY FRAMEWORK"}],"project_descr":"DEVELOPMENT OF THE NATIONAL BIOSAFETY FRAMEWORK","project_id":"12780","project_title":"BIOSAFETY FRAMEWORK","region_id":"RBLAC","region_name":"Reg Bur Latin Amer & Carib","start":"2002-10-3","subnational":[{"lat":"15.5","lon":"-90.25","precision":"9","scope":"4","type":"1"}]}