{"document_name":[],"end":"2011-12-31","fiscal_year":["2011","2010","2012"],"inst_descr":"","inst_id":" ","inst_type_descr":"","inst_type_id":"","operating_unit":"Guatemala","operating_unit_id":"GTM","outputs":[{"award_id":"12783","budget":[0.0,1627207.33,0],"crs":"15140","crs_descr":"Government administration","donor_budget":[1627207.33,0.0],"donor_country":["Guatemala","Norway"],"donor_country_id":["GTM","NOR"],"donor_expend":[1627207.33,0.0],"donor_id":["121","187"],"donor_name":["GOVERNMENT OF GUATEMALA","GOVERNMENT OF NORWAY"],"donor_short":["GUA","NOR"],"donor_type":["PROGRAMME COUNTRY","NON_PROGRAMME COUNTRY"],"donor_type_id":["PROGCTY","NON_PROGCTY"],"expenditure":[0.0,1627207.33,2815036.16],"fiscal_year":["2012","2011","2010"],"focus_area":"2","focus_area_descr":"Democratic governance","gender_descr":"No Contribution","gender_id":"GEN0","output_descr":"APOYO AL CATASTRO, REGULARIZACION Y REGISTRO EN EL DEPARTAMENTO DE IZABAL","output_id":"12783","output_title":"CATASTRO IZABAL"}],"project_descr":"APOYO AL CATASTRO, REGULARIZACION Y REGISTRO EN EL DEPARTAMENTO DE IZABAL","project_id":"12783","project_title":"Apoyo al Catastro en Izabal","region_id":"RBLAC","region_name":"Reg Bur Latin Amer & Carib","start":"2003-08-01","subnational":[{"lat":"15.5","lon":"-90.25","precision":"9","scope":"4","type":"1"}]}