{"document_name":[],"end":"2012-12-31","fiscal_year":["2011","2010","2012"],"inst_descr":"","inst_id":" ","inst_type_descr":"","inst_type_id":"","operating_unit":"Guinea","operating_unit_id":"GIN","outputs":[{"award_id":"12796","budget":[28313.8,271.0,0],"crs":"41010","crs_descr":"Environmental policy and administrative management","donor_budget":[28313.8,271.0],"donor_country":["MULTI-LATERAL AGENCY","MULTI-LATERAL AGENCY"],"donor_country_id":["MULTI_AGY","MULTI_AGY"],"donor_expend":[-5.38,0.0],"donor_id":["12","10003"],"donor_name":["UNITED NATIONS DEVELOPMENT PROGRAMME","Global Environment Fund Trustee"],"donor_short":["UNDP","GEFTrustee"],"donor_type":["MULTI-LATERAL AGENCY","MULTI-LATERAL AGENCY"],"donor_type_id":["MULTI_AGY","MULTI_AGY"],"expenditure":[-5.95,0.57,105.26],"fiscal_year":["2012","2011","2010"],"focus_area":"4","focus_area_descr":"Environment & sustainable development","gender_descr":"-","gender_id":"-","output_descr":"Rephase des ressources non d\u00e9pens\u00e9es en 2004","output_id":"12796","output_title":"CHANGEMENT CLIMATIQUE"}],"project_descr":"Aide \u00e0 la Guin\u00e9e pour la pr\u00e9paration de sa  premi\u00e8re Communication nationale au titre de ses engagements pour la CCNUCC","project_id":"12796","project_title":"CHANGEMENT CLIMATIQUE","region_id":"RBA","region_name":"Reg Bureau for Africa","start":"1997-12-31","subnational":[{"lat":"11","lon":"-10","precision":"9","scope":"4","type":"1"}]}