{"document_name":[],"end":"2007-12-31","fiscal_year":["2011","2010"],"inst_descr":"","inst_id":" ","inst_type_descr":"","inst_type_id":"","operating_unit":"Guinea","operating_unit_id":"GIN","outputs":[{"award_id":"12795","budget":[1383.0,0],"crs":"15110","crs_descr":"Economic and development policy/planning","donor_budget":[1383.0],"donor_country":["MULTI-LATERAL AGENCY"],"donor_country_id":["MULTI_AGY"],"donor_expend":[-1390.0],"donor_id":["12"],"donor_name":["UNITED NATIONS DEVELOPMENT PROGRAMME"],"donor_short":["UNDP"],"donor_type":["MULTI-LATERAL AGENCY"],"donor_type_id":["MULTI_AGY"],"expenditure":[-1390.0,6.82],"fiscal_year":["2011","2010"],"focus_area":"1","focus_area_descr":"Poverty reduction & MDG achievement","gender_descr":"-","gender_id":"-","output_descr":"ASSISTANCE TECHNIQUE AU PROGRAMME DE DEVELOPPEMENT LOCAL DE LA GUINEE","output_id":"12795","output_title":"ASSISTANCE TECHNIQUE AU PDLG"}],"project_descr":"ASSISTANCE TECHNIQUE AU PROGRAMME DE DEVELOPPEMENT LOCAL DE LA GUINEE","project_id":"12795","project_title":"ASSISTANCE TECHNIQUE AU PDLG","region_id":"RBA","region_name":"Reg Bureau for Africa","start":"2000-03-01","subnational":[{"lat":"11","lon":"-10","precision":"9","scope":"4","type":"1"}]}