{"document_name":[],"end":"2012-12-31","fiscal_year":["2012"],"inst_descr":"","inst_id":" ","inst_type_descr":"","inst_type_id":"","operating_unit":"Guinea","operating_unit_id":"GIN","outputs":[{"award_id":"12797","budget":[40684.56],"crs":"41010","crs_descr":"Environmental policy and administrative management","donor_budget":[40684.56],"donor_country":["MULTI-LATERAL AGENCY"],"donor_country_id":["MULTI_AGY"],"donor_expend":[0.0],"donor_id":["12"],"donor_name":["UNITED NATIONS DEVELOPMENT PROGRAMME"],"donor_short":["UNDP"],"donor_type":["MULTI-LATERAL AGENCY"],"donor_type_id":["MULTI_AGY"],"expenditure":[0.0],"fiscal_year":["2012"],"focus_area":"4","focus_area_descr":"Environment & sustainable development","gender_descr":"-","gender_id":"-","output_descr":"CONSERVATION DE LA BIODIVERSITE DES MONTS NIMBA PAR UNE GESTION INTEGREE ET PARTICIPATIVE","output_id":"12797","output_title":"MONTS NIMBA"}],"project_descr":"CONSERVATION DE LA BIODIVERSITE DES MONTS NIMBA PAR UNE GESTION INTEGREE ET PARTICIPATIVE","project_id":"12797","project_title":"MONTS NIMBA","region_id":"RBA","region_name":"Reg Bureau for Africa","start":"2000-10-01","subnational":[]}