{"document_name":[],"end":"2011-06-3","fiscal_year":["2011"],"inst_descr":"","inst_id":" ","inst_type_descr":"","inst_type_id":"","operating_unit":"Guinea","operating_unit_id":"GIN","outputs":[{"award_id":"12798","budget":[637.26],"crs":"25010","crs_descr":"Business support services and institutions","donor_budget":[637.26],"donor_country":["Japan"],"donor_country_id":["JPN"],"donor_expend":[633.72],"donor_id":["141"],"donor_name":["GOVERNMENT OF JAPAN"],"donor_short":["JPN"],"donor_type":["NON_PROGRAMME COUNTRY"],"donor_type_id":["NON_PROGCTY"],"expenditure":[633.72],"fiscal_year":["2011"],"focus_area":"1","focus_area_descr":"Poverty reduction & MDG achievement","gender_descr":"-","gender_id":"-","output_descr":"Multiplication et diffusion de semences communautaires  des nouvelles vari\u00e9t\u00e9s du riz africain selectionn\u00e9es  par ADRAO","output_id":"12798","output_title":"Multiplication /diffusion des"}],"project_descr":"Multiplication et diffusion de semences communautaires  des nouvelles vari\u00e9t\u00e9s du riz africain selectionn\u00e9es  par ADRAO","project_id":"12798","project_title":"Multiplication /diffusion des semences","region_id":"RBA","region_name":"Reg Bureau for Africa","start":"2002-01-01","subnational":[{"lat":"11","lon":"-10","precision":"9","scope":"4","type":"1"}]}