{"document_name":[],"end":"2012-12-31","fiscal_year":["2012"],"inst_descr":"","inst_id":" ","inst_type_descr":"","inst_type_id":"","operating_unit":"Guinea","operating_unit_id":"GIN","outputs":[{"award_id":"12793","budget":[393.17],"crs":"41010","crs_descr":"Environmental policy and administrative management","donor_budget":[393.17],"donor_country":["MULTI-LATERAL AGENCY"],"donor_country_id":["MULTI_AGY"],"donor_expend":[0.0],"donor_id":["12"],"donor_name":["UNITED NATIONS DEVELOPMENT PROGRAMME"],"donor_short":["UNDP"],"donor_type":["MULTI-LATERAL AGENCY"],"donor_type_id":["MULTI_AGY"],"expenditure":[0.0],"fiscal_year":["2012"],"focus_area":"4","focus_area_descr":"Environment & sustainable development","gender_descr":"-","gender_id":"-","output_descr":"Rephasage des ressources non d\u00e9pens\u00e9es en 2004 sur l'ann\u00e9e 2005.\r\nMise \u00e0 disposition des ressources TRAC pour la poursuite des activit\u00e9s en 2006.","output_id":"12793","output_title":"BIODIVERSITE"}],"project_descr":"STRATEGIE NATIONALE ET PLAN D'ACTION EN MATIERE DE DIVERSITE BIOLOGIQUE","project_id":"12793","project_title":"BIODIVERSITE","region_id":"RBA","region_name":"Reg Bureau for Africa","start":"1997-05-01","subnational":[]}