{"document_name":[],"end":"2004-01-31","fiscal_year":["2011","2010"],"inst_descr":"","inst_id":" ","inst_type_descr":"","inst_type_id":"","operating_unit":"Guinea","operating_unit_id":"GIN","outputs":[{"award_id":"12804","budget":[3630.0,0],"crs":"15140","crs_descr":"Government administration","donor_budget":[3630.0],"donor_country":["MULTI-LATERAL AGENCY"],"donor_country_id":["MULTI_AGY"],"donor_expend":[-10888.05],"donor_id":["12"],"donor_name":["UNITED NATIONS DEVELOPMENT PROGRAMME"],"donor_short":["UNDP"],"donor_type":["MULTI-LATERAL AGENCY"],"donor_type_id":["MULTI_AGY"],"expenditure":[-10888.05,4690.69],"fiscal_year":["2011","2010"],"focus_area":"2","focus_area_descr":"Democratic governance","gender_descr":"-","gender_id":"-","output_descr":"Support to the reinforcement of the civil society for implementation of the national anticorruption programme in Guinea","output_id":"12804","output_title":"Implementation of anticorrupti"}],"project_descr":"Support to the reinforcement of the civil society for implementation of the national anticorruption programme in Guinea","project_id":"12804","project_title":"Implementation of anticorruption programme","region_id":"RBA","region_name":"Reg Bureau for Africa","start":"2003-03-01","subnational":[{"lat":"11","lon":"-10","precision":"9","scope":"4","type":"1"}]}