{"document_name":[],"end":"2008-12-31","fiscal_year":["2011","2010"],"inst_descr":"","inst_id":" ","inst_type_descr":"","inst_type_id":"","operating_unit":"Guinea","operating_unit_id":"GIN","outputs":[{"award_id":"12801","budget":[300.0,0],"crs":"15161","crs_descr":"Elections","donor_budget":[300.0],"donor_country":["MULTI-LATERAL AGENCY"],"donor_country_id":["MULTI_AGY"],"donor_expend":[-762.25],"donor_id":["12"],"donor_name":["UNITED NATIONS DEVELOPMENT PROGRAMME"],"donor_short":["UNDP"],"donor_type":["MULTI-LATERAL AGENCY"],"donor_type_id":["MULTI_AGY"],"expenditure":[-762.25,-82.22],"fiscal_year":["2011","2010"],"focus_area":"2","focus_area_descr":"Democratic governance","gender_descr":"-","gender_id":"-","output_descr":"Appui \u00e0 la mise en oeuvre du Programme National de Renforcement des capacit\u00e9s et de Gouvernance","output_id":"12801","output_title":"Programme Gouvernance"}],"project_descr":"Appui \u00e0 la mise en oeuvre du Programme National de Renforcement des capacit\u00e9s et de Gouvernance","project_id":"12801","project_title":"Programme Gouvernance","region_id":"RBA","region_name":"Reg Bureau for Africa","start":"2003-01-01","subnational":[{"lat":"11","lon":"-10","precision":"9","scope":"4","type":"1"}]}