{"document_name":[],"end":"2012-12-3","fiscal_year":["2012"],"inst_descr":"","inst_id":" ","inst_type_descr":"","inst_type_id":"","operating_unit":"Guyana","operating_unit_id":"GUY","outputs":[{"award_id":"12812","budget":[1980.0],"crs":"99810","crs_descr":"Sectors Not Specified","donor_budget":[1980.0],"donor_country":["MULTI-LATERAL AGENCY"],"donor_country_id":["MULTI_AGY"],"donor_expend":[1980.0],"donor_id":["12"],"donor_name":["UNITED NATIONS DEVELOPMENT PROGRAMME"],"donor_short":["UNDP"],"donor_type":["MULTI-LATERAL AGENCY"],"donor_type_id":["MULTI_AGY"],"expenditure":[1980.0],"fiscal_year":["2012"],"focus_area":"-","focus_area_descr":"-","gender_descr":"No Contribution","gender_id":"GEN0","output_descr":"Creating Economic Opportunities in the Hinterland Regions: Strengthening Nat. Cap. for income Gen. & Poverty Eradication","output_id":"12812","output_title":"Establishing Heart of Palm Pla"}],"project_descr":"Creating Economic Opportunities in the Hinterland Regions: Strengthening Nat. Cap. for income Gen. & Poverty Eradication","project_id":"12812","project_title":"Establishing Heart of Palm Plantation","region_id":"RBLAC","region_name":"Reg Bur Latin Amer & Carib","start":"2002-09-27","subnational":[]}