{"document_name":[],"end":"2010-12-31","fiscal_year":["2011"],"inst_descr":"","inst_id":" ","inst_type_descr":"","inst_type_id":"","operating_unit":"Guyana","operating_unit_id":"GUY","outputs":[{"award_id":"12817","budget":[0.0],"crs":"41010","crs_descr":"Environmental policy and administrative management","donor_budget":[0.0],"donor_country":["MULTI-LATERAL AGENCY"],"donor_country_id":["MULTI_AGY"],"donor_expend":[-7.46],"donor_id":["12"],"donor_name":["UNITED NATIONS DEVELOPMENT PROGRAMME"],"donor_short":["UNDP"],"donor_type":["MULTI-LATERAL AGENCY"],"donor_type_id":["MULTI_AGY"],"expenditure":[-7.46],"fiscal_year":["2011"],"focus_area":"4","focus_area_descr":"Environment & sustainable development","gender_descr":"-","gender_id":"-","output_descr":"\"Capacity Building  and Demonstration  for   Electrification  of Hinterland  Unserved Areas , Utilising Renewable Energy\"","output_id":"12817","output_title":"Renewable Energy"}],"project_descr":"Capacity Building  and Demonstration  for   Electrification  of Hinterland  Unserved Areas , Utilising Renewable Energy","project_id":"12817","project_title":"Capacity for Renewable Energy","region_id":"RBLAC","region_name":"Reg Bur Latin Amer & Carib","start":"2003-07-01","subnational":[{"lat":"5","lon":"-59","precision":"9","scope":"4","type":"1"}]}