{"document_name":[],"end":"2007-12-31","fiscal_year":["2012"],"inst_descr":"","inst_id":" ","inst_type_descr":"","inst_type_id":"","operating_unit":"Haiti","operating_unit_id":"HTI","outputs":[{"award_id":"12836","budget":[0.0],"crs":"99810","crs_descr":"Sectors Not Specified","donor_budget":[0.0],"donor_country":["Switzerland"],"donor_country_id":["CHE"],"donor_expend":[4242.61],"donor_id":["852"],"donor_name":["IVC-SWISS AGENCY FOR DEVELOPME"],"donor_short":["DDC"],"donor_type":["NON_PROGRAMME COUNTRY"],"donor_type_id":["NON_PROGCTY"],"expenditure":[4242.61],"fiscal_year":["2012"],"focus_area":"-","focus_area_descr":"-","gender_descr":"-","gender_id":"-","output_descr":"Development and Implementation of a DRR Strategy for Ha\u00efti  (UNDP/MINUSTAH)","output_id":"40644","output_title":"Dev. & Impl. of a DRR Strategy"}],"project_descr":"Projet d\u2019appui des Nations Unies en faveur du programme national de d\u00e9sarmement, de d\u00e9mobilisation et de r\u00e9insertion en Ha\u00efti.","project_id":"12836","project_title":"Appui au processus de d\u00e9sarmement-DDR","region_id":"RBLAC","region_name":"Reg Bur Latin Amer & Carib","start":"2003-01-01","subnational":[]}