{"document_name":[],"end":"2012-12-31","fiscal_year":["2012"],"inst_descr":"","inst_id":" ","inst_type_descr":"","inst_type_id":"","operating_unit":"Honduras","operating_unit_id":"HND","outputs":[{"award_id":"12858","budget":[4443541.29],"crs":"99810","crs_descr":"Sectors Not Specified","donor_budget":[679770.0,3031520.0,732251.29],"donor_country":["MULTI-LATERAL AGENCY","Honduras","MULTI-LATERAL AGENCY"],"donor_country_id":["MULTI_AGY","HND","MULTI_AGY"],"donor_expend":[0.0,0.0,0.0],"donor_id":["15","128","10003"],"donor_name":["WORLD BANK (INT'L. BANK FOR RECONSTRUCTI","GOVERNMENT OF HONDURAS","GEFTrustee"],"donor_short":["IBRD","HON","GEFTrustee"],"donor_type":["MULTI-LATERAL AGENCY","PROGRAMME COUNTRY","MULTI-LATERAL AGENCY"],"donor_type_id":["MULTI_AGY","PROGCTY","MULTI_AGY"],"expenditure":[0.0],"fiscal_year":["2012"],"focus_area":"-","focus_area_descr":"-","gender_descr":"Some Contribution","gender_id":"GEN1","output_descr":"Biodiversidad en Areas Prioritarias","output_id":"12858","output_title":"Biodiversidad Areas"}],"project_descr":"BIODIVERSIDAD EN AREAS PRIORITARIAS","project_id":"12858","project_title":"Biodiversidad Areas Prioritarias","region_id":"RBLAC","region_name":"Reg Bur Latin Amer & Carib","start":"1998-08-2","subnational":[]}