{"document_name":[],"end":"2011-12-31","fiscal_year":["2011","2010"],"inst_descr":"","inst_id":" ","inst_type_descr":"","inst_type_id":"","operating_unit":"Honduras","operating_unit_id":"HND","outputs":[{"award_id":"12863","budget":[170327.89,0],"crs":"15110","crs_descr":"Economic and development policy/planning","donor_budget":[0.0,1642.86,168685.03],"donor_country":["MULTI-LATERAL AGENCY","MULTI-LATERAL AGENCY","Honduras"],"donor_country_id":["MULTI_AGY","MULTI_AGY","HND"],"donor_expend":[-129.34,-27587.94,123594.11],"donor_id":["12","250","1658"],"donor_name":["UNITED NATIONS DEVELOPMENT PROGRAMME","ALLOCATED INTEREST","HON-SECRETARIA DE AGRICULTURA"],"donor_short":["UNDP","UND","SAG"],"donor_type":["MULTI-LATERAL AGENCY","MULTI-LATERAL AGENCY","PROGRAMME COUNTRY"],"donor_type_id":["MULTI_AGY","MULTI_AGY","PROGCTY"],"expenditure":[95876.83,381203.82],"fiscal_year":["2011","2010"],"focus_area":"1","focus_area_descr":"Poverty reduction & MDG achievement","gender_descr":"Some Contribution","gender_id":"GEN1","output_descr":"Promover el acceso equitativo de la poblacion rural pobre a servicios de inversi\u00f2n para incrementar los niveles de ingresos y asegurar la seguridad alimentaria de la poblacion beneficiaria.","output_id":"12863","output_title":"Programa de desarrollo local"}],"project_descr":"Programa Nacional de Desarrollo Local","project_id":"12863","project_title":"Programa de Desarrollo Local","region_id":"RBLAC","region_name":"Reg Bur Latin Amer & Carib","start":"1999-12-01","subnational":[{"lat":"15","lon":"-86.5","precision":"9","scope":"4","type":"1"}]}