{"document_name":[],"end":"2012-12-31","fiscal_year":["2011","2010","2012"],"inst_descr":"","inst_id":" ","inst_type_descr":"","inst_type_id":"","operating_unit":"Honduras","operating_unit_id":"HND","outputs":[{"award_id":"12864","budget":[13500.0],"crs":"99810","crs_descr":"Sectors Not Specified","donor_budget":[13500.0],"donor_country":["MULTI-LATERAL AGENCY"],"donor_country_id":["MULTI_AGY"],"donor_expend":[-46.33],"donor_id":["297"],"donor_name":["JOINT UNITED NATIONS PROGRAMME ON HIV/AIDS"],"donor_short":["UNAIDS"],"donor_type":["MULTI-LATERAL AGENCY"],"donor_type_id":["MULTI_AGY"],"expenditure":[-46.33],"fiscal_year":["2012"],"focus_area":"-","focus_area_descr":"-","gender_descr":"No Contribution","gender_id":"GEN0","output_descr":"Implementacion de fondos PAF B- Parte 1 Bienio 2010-2011.\r\nMonto a ser recibido en dos partes, por un valor total de $73,500. Primer monto se recibio en Octubre, 2010.","output_id":"76814","output_title":"PAF B 2010/11"},{"award_id":"12864","budget":[4672.9,31762.27,0],"crs":"99810","crs_descr":"Sectors Not Specified","donor_budget":[36435.17],"donor_country":["MULTI-LATERAL AGENCY"],"donor_country_id":["MULTI_AGY"],"donor_expend":[29836.89],"donor_id":["297"],"donor_name":["UNAIDS"],"donor_short":["UNAIDS"],"donor_type":["MULTI-LATERAL AGENCY"],"donor_type_id":["MULTI_AGY"],"expenditure":[0.0,29836.89,68893.36],"fiscal_year":["2012","2011","2010"],"focus_area":"-","focus_area_descr":"-","gender_descr":"No Contribution","gender_id":"GEN0","output_descr":"Implementaci\u00f3n del Plan Integrado de ONUSIDA en Honduras","output_id":"12864","output_title":"ONUSIDA"}],"project_descr":"Implementaci\u00f3n del Plan Integrado de ONUSIDA en Honduras","project_id":"12864","project_title":"ONUSIDA","region_id":"RBLAC","region_name":"Reg Bur Latin Amer & Carib","start":"2000-12-15","subnational":[{"lat":"15","lon":"-86.5","precision":"9","scope":"4","type":"1"}]}