{"document_name":[],"end":"2011-08-31","fiscal_year":["2011","2010"],"inst_descr":"","inst_id":" ","inst_type_descr":"","inst_type_id":"","operating_unit":"Honduras","operating_unit_id":"HND","outputs":[{"award_id":"12875","budget":[1096.0,0],"crs":"15110","crs_descr":"Economic and development policy/planning","donor_budget":[1096.0],"donor_country":["Honduras"],"donor_country_id":["HND"],"donor_expend":[1058.2],"donor_id":["1372"],"donor_name":["HON-MINISTERIO DE SALUD PUBLIC"],"donor_short":["MINSALUD"],"donor_type":["PROGRAMME COUNTRY"],"donor_type_id":["PROGCTY"],"expenditure":[1058.2,1160447.39],"fiscal_year":["2011","2010"],"focus_area":"1","focus_area_descr":"Poverty reduction & MDG achievement","gender_descr":"Some Contribution","gender_id":"GEN1","output_descr":"Ser un intermediario entre la Secretar\u00eca de Salud y el Instituto Hondure\u00f1o de Seguridad Social con el fin de realizar acciones que conlleven a la ampliaci\u00f2n de la cobertura de los servicios de salud a nivel nacional.","output_id":"12875","output_title":"Programa reforma sector salud"}],"project_descr":"Proyecto Proyecto Reforma del Sector Salud","project_id":"12875","project_title":"Programa reforma sector salud","region_id":"RBLAC","region_name":"Reg Bur Latin Amer & Carib","start":"2001-10-29","subnational":[{"lat":"15","lon":"-86.5","precision":"9","scope":"4","type":"1"}]}