{"document_name":[],"end":"2012-06-3","fiscal_year":["2011","2010","2012","2013"],"inst_descr":"","inst_id":" ","inst_type_descr":"","inst_type_id":"","operating_unit":"Honduras","operating_unit_id":"HND","outputs":[{"award_id":"12889","budget":[4110.21,11577.0,148531.59,0],"crs":"99810","crs_descr":"Sectors Not Specified","donor_budget":[164218.8],"donor_country":["Honduras"],"donor_country_id":["HND"],"donor_expend":[112602.77],"donor_id":["1372"],"donor_name":["HON-MINISTERIO DE SALUD PUBLIC"],"donor_short":["MINSALUD"],"donor_type":["PROGRAMME COUNTRY"],"donor_type_id":["PROGCTY"],"expenditure":[2736.72,8287.85,101578.2,959539.6],"fiscal_year":["2013","2012","2011","2010"],"focus_area":"-","focus_area_descr":"-","gender_descr":"No Contribution","gender_id":"GEN0","output_descr":"Apoyo a la Secretaria de Salud en la gesti\u00f3n de bienes y servicios","output_id":"12889","output_title":"Apoyo secretaria salud"}],"project_descr":"APOYO A LA SECRETARIA DE SALUD DE SALUD EN LA GESTION DE BIENES Y SERVICIOS","project_id":"12889","project_title":"Apoyo secretar\u00eda salud","region_id":"RBLAC","region_name":"Reg Bur Latin Amer & Carib","start":"2002-09-06","subnational":[{"lat":"15","lon":"-86.5","precision":"9","scope":"4","type":"1"}]}