{"document_name":[],"end":"2011-12-31","fiscal_year":["2011","2010"],"inst_descr":"","inst_id":" ","inst_type_descr":"","inst_type_id":"","operating_unit":"Honduras","operating_unit_id":"HND","outputs":[{"award_id":"12895","budget":[13238.75,0],"crs":"15110","crs_descr":"Economic and development policy/planning","donor_budget":[13238.75],"donor_country":["Honduras"],"donor_country_id":["HND"],"donor_expend":[9241.67],"donor_id":["1658"],"donor_name":["HON-SECRETARIA DE AGRICULTURA"],"donor_short":["SAG"],"donor_type":["PROGRAMME COUNTRY"],"donor_type_id":["PROGCTY"],"expenditure":[9241.67,808193.2],"fiscal_year":["2011","2010"],"focus_area":"1","focus_area_descr":"Poverty reduction & MDG achievement","gender_descr":"Some Contribution","gender_id":"GEN1","output_descr":"Apoyo al la Implementacion del Proyecto de Des. Rural Sostenible de Zonas de Fragilidad Ecologica de la Region del TRIFINIO","output_id":"12895","output_title":"Desarrollo rural trifinio"}],"project_descr":"Apoyo al la Implementaci\u00f3n del Proyecto de Des. Rural Sostenible de Zonas de Fragilidad Ecol\u00f3gica de la Regi\u00f3n del TRIFI","project_id":"12895","project_title":"Desarrollo rural trifinio","region_id":"RBLAC","region_name":"Reg Bur Latin Amer & Carib","start":"2003-08-01","subnational":[{"lat":"15.66667","lon":"-87","precision":"4","scope":"3","type":"1"}]}