{"document_name":[],"end":"2012-07-31","fiscal_year":["2011","2010","2012"],"inst_descr":"","inst_id":" ","inst_type_descr":"","inst_type_id":"","operating_unit":"Honduras","operating_unit_id":"HND","outputs":[{"award_id":"12903","budget":[424495.24,1263134.88,0],"crs":"15110","crs_descr":"Economic and development policy/planning","donor_budget":[1687630.1199999999],"donor_country":["Honduras"],"donor_country_id":["HND"],"donor_expend":[1236488.94],"donor_id":["1658"],"donor_name":["HON-SECRETARIA DE AGRICULTURA"],"donor_short":["SAG"],"donor_type":["PROGRAMME COUNTRY"],"donor_type_id":["PROGCTY"],"expenditure":[343602.7,892886.24,635698.68],"fiscal_year":["2012","2011","2010"],"focus_area":"1","focus_area_descr":"Poverty reduction & MDG achievement","gender_descr":"Some Contribution","gender_id":"GEN1","output_descr":"Apoyo ala implementacion del proyecto modernizacion del riego en microcuencas del oeste del valle de Comayagua","output_id":"12903","output_title":"Riego en el oeste comayagua"}],"project_descr":"APOYO A LA IMPLEMENTACION DEL PROYECTO MODERNIZACION DEL RIEGO EN MICROCUENCAS DEL OESTE DEL VALLE DE COMAYAGUA","project_id":"12903","project_title":"Riego en el oeste Comayagua","region_id":"RBLAC","region_name":"Reg Bur Latin Amer & Carib","start":"2003-08-01","subnational":[{"lat":"14.45139","lon":"-87.6375","precision":"3","scope":"3","type":"1"}]}