{"document_name":[],"end":"2012-12-31","fiscal_year":["2011","2010","2012"],"inst_descr":"","inst_id":" ","inst_type_descr":"","inst_type_id":"","operating_unit":"India","operating_unit_id":"IND","outputs":[{"award_id":"13002","budget":[269632.67,480000.0,0],"crs":"41010","crs_descr":"Environmental policy and administrative management","donor_budget":[749632.6699999999],"donor_country":["MULTI-LATERAL AGENCY"],"donor_country_id":["MULTI_AGY"],"donor_expend":[556591.11],"donor_id":["10003"],"donor_name":["Global Environment Fund Trustee"],"donor_short":["GEFTrustee"],"donor_type":["MULTI-LATERAL AGENCY"],"donor_type_id":["MULTI_AGY"],"expenditure":[252840.23,303750.88,287602.04],"fiscal_year":["2012","2011","2010"],"focus_area":"4","focus_area_descr":"Environment & sustainable development","gender_descr":"Some Contribution","gender_id":"GEN1","output_descr":"Biomass Energy for Rural India","output_id":"13002","output_title":"Biomass Energy for Rural India"}],"project_descr":"Biomass Energy for Rural India for developing and demonstrating a bio-energy package.","project_id":"13002","project_title":"Biomass Energy for Rural India","region_id":"RBAP","region_name":"Reg Bureau for Asia & Pacific","start":"2001-04-01","subnational":[{"lat":"13.34149","lon":"77.101","precision":"3","scope":"2","type":"2"}]}