{"document_name":[],"end":"2012-12-31","fiscal_year":["2011","2010","2012","2013"],"inst_descr":"","inst_id":" ","inst_type_descr":"","inst_type_id":"","operating_unit":"India","operating_unit_id":"IND","outputs":[{"award_id":"13013","budget":[79309.0,715000.0,1238668.0,0],"crs":"41010","crs_descr":"Environmental policy and administrative management","donor_budget":[1986977.0,46000.0],"donor_country":["MULTI-LATERAL AGENCY","MULTI-LATERAL AGENCY"],"donor_country_id":["MULTI_AGY","MULTI_AGY"],"donor_expend":[1843356.6400000001,44896.81],"donor_id":["10003","12"],"donor_name":["Global Environment Fund Trustee","UNITED NATIONS DEVELOPMENT PROGRAMME"],"donor_short":["GEFTrustee","UNDP"],"donor_type":["MULTI-LATERAL AGENCY","MULTI-LATERAL AGENCY"],"donor_type_id":["MULTI_AGY","MULTI_AGY"],"expenditure":[36880.52,664997.09,1186375.84,1204046.92],"fiscal_year":["2013","2012","2011","2010"],"focus_area":"4","focus_area_descr":"Environment & sustainable development","gender_descr":"Significant Objective","gender_id":"GEN2","output_descr":"Conservation and Sustainable use of the Gulf of Mannar Biosphere Reserve's Coastal Biodiversity","output_id":"13013","output_title":"Gulf of Mannar Biosphere"}],"project_descr":"Conservation and Sustainable Use of the Gulf of Mannar Biosphere Reserve's Coastal Biodiversity","project_id":"13013","project_title":"Conservation & Sustainable use of Biosphere Reserve","region_id":"RBAP","region_name":"Reg Bureau for Asia & Pacific","start":"2002-03-01","subnational":[{"lat":"9.37158","lon":"78.83077","precision":"3","scope":"2","type":"2"},{"lat":"9.37158","lon":"78.83077","precision":"3","scope":"2","type":"2"}]}