{"document_name":[],"end":"2012-12-31","fiscal_year":["2011","2010","2012","2013"],"inst_descr":"","inst_id":" ","inst_type_descr":"","inst_type_id":"","operating_unit":"India","operating_unit_id":"IND","outputs":[{"award_id":"13029","budget":[0.0,0.0],"crs":"99810","crs_descr":"Sectors Not Specified","donor_budget":[0.0],"donor_country":["MULTI-LATERAL AGENCY"],"donor_country_id":["MULTI_AGY"],"donor_expend":[0.0],"donor_id":["10238"],"donor_name":["UNITED NATIONS INTER-AGENCY SECRETARIAT FOR THE INTERNATIONAL STRATEGY FOR DISASTER REDUCTION."],"donor_short":["UNISDR"],"donor_type":["MULTI-LATERAL AGENCY"],"donor_type_id":["MULTI_AGY"],"expenditure":[272.0,-272.0],"fiscal_year":["2013","2012"],"focus_area":"-","focus_area_descr":"-","gender_descr":"Some Contribution","gender_id":"GEN1","output_descr":"Disaster Reduction Multi-hazard preparedness planned at community level.","output_id":"58488","output_title":"Disaster Risk Management"},{"award_id":"13029","budget":[0.0,320463.0,1.0,0],"crs":"99810","crs_descr":"Sectors Not Specified","donor_budget":[320463.0,1.0,0.0],"donor_country":["MULTI-LATERAL AGENCY","MULTI-LATERAL AGENCY","MULTI-LATERAL AGENCY"],"donor_country_id":["MULTI_AGY","MULTI_AGY","MULTI_AGY"],"donor_expend":[-236892.69000000006,-347699.66,0.0],"donor_id":["12","280","296"],"donor_name":["UNITED NATIONS DEVELOPMENT PROGRAMME","EUROPEAN ECONOMIC COMMUNITY","UNITED NATIONS"],"donor_short":["UNDP","EU","UN"],"donor_type":["MULTI-LATERAL AGENCY","MULTI-LATERAL AGENCY","MULTI-LATERAL AGENCY"],"donor_type_id":["MULTI_AGY","MULTI_AGY","MULTI_AGY"],"expenditure":[301.0,-54936.93,-529956.42,66041.79],"fiscal_year":["2013","2012","2011","2010"],"focus_area":"-","focus_area_descr":"-","gender_descr":"Some Contribution","gender_id":"GEN1","output_descr":"Multi-hazard preparedness and response plans for disaster risk management (DRM)","output_id":"13029","output_title":"Disaster Risk Management"}],"project_descr":"Disaster Risk Management programme","project_id":"13029","project_title":"Disaster Risk Management","region_id":"RBAP","region_name":"Reg Bureau for Asia & Pacific","start":"2003-01-01","subnational":[{"lat":"26.18617","lon":"91.75095","precision":"4","scope":"3","type":"2"},{"lat":"26.18617","lon":"91.75095","precision":"4","scope":"3","type":"2"},{"lat":"26.18617","lon":"91.75095","precision":"4","scope":"3","type":"2"},{"lat":"26.18617","lon":"91.75095","precision":"4","scope":"3","type":"2"},{"lat":"26.18617","lon":"91.75095","precision":"4","scope":"3","type":"2"},{"lat":"26.18617","lon":"91.75095","precision":"4","scope":"3","type":"2"},{"lat":"26.18617","lon":"91.75095","precision":"4","scope":"3","type":"2"},{"lat":"26.18617","lon":"91.75095","precision":"4","scope":"3","type":"2"},{"lat":"26.18617","lon":"91.75095","precision":"4","scope":"3","type":"2"},{"lat":"26.18617","lon":"91.75095","precision":"4","scope":"3","type":"2"},{"lat":"26.18617","lon":"91.75095","precision":"4","scope":"3","type":"2"}]}