{"document_name":[],"end":"2012-12-31","fiscal_year":["2011","2010","2012","2013"],"inst_descr":"","inst_id":" ","inst_type_descr":"","inst_type_id":"","operating_unit":"India","operating_unit_id":"IND","outputs":[{"award_id":"13048","budget":[0.0,353500.0,600500.0,0],"crs":"99810","crs_descr":"Sectors Not Specified","donor_budget":[954000.0],"donor_country":["MULTI-LATERAL AGENCY"],"donor_country_id":["MULTI_AGY"],"donor_expend":[915242.87],"donor_id":["12"],"donor_name":["UNITED NATIONS DEVELOPMENT PROGRAMME"],"donor_short":["UNDP"],"donor_type":["MULTI-LATERAL AGENCY"],"donor_type_id":["MULTI_AGY"],"expenditure":[0.0,350550.89,564691.98,485501.87],"fiscal_year":["2013","2012","2011","2010"],"focus_area":"-","focus_area_descr":"-","gender_descr":"Significant Objective","gender_id":"GEN2","output_descr":"Biodiversity Conservation through Community based Natural Resource Management","output_id":"55240","output_title":"Biodiversity Conservation"}],"project_descr":"Community based initiatives for livelihood security and biodiversity conservation - A project following up on National Biodiversity Strategy and Action Plans","project_id":"13048","project_title":"Community Based Initiatives for Livelihood Security","region_id":"RBAP","region_name":"Reg Bureau for Asia & Pacific","start":"2007-01-01","subnational":[{"lat":"28","lon":"94.5","precision":"4","scope":"3","type":"2"},{"lat":"28","lon":"94.5","precision":"4","scope":"3","type":"2"},{"lat":"28","lon":"94.5","precision":"4","scope":"3","type":"2"},{"lat":"28","lon":"94.5","precision":"4","scope":"3","type":"2"}]}