{"document_name":[],"end":"2012-12-31","fiscal_year":["2011","2010","2012"],"inst_descr":"","inst_id":" ","inst_type_descr":"","inst_type_id":"","operating_unit":"India","operating_unit_id":"IND","outputs":[{"award_id":"13042","budget":[120000.0,200000.0,0],"crs":"41010","crs_descr":"Environmental policy and administrative management","donor_budget":[320000.0],"donor_country":["MULTI-LATERAL AGENCY"],"donor_country_id":["MULTI_AGY"],"donor_expend":[205166.15000000002],"donor_id":["10009"],"donor_name":["MONTREAL PROTOCOL"],"donor_short":["MPU"],"donor_type":["MULTI-LATERAL AGENCY"],"donor_type_id":["MULTI_AGY"],"expenditure":[99851.96,105314.19,104774.46],"fiscal_year":["2012","2011","2010"],"focus_area":"4","focus_area_descr":"Environment & sustainable development","gender_descr":"No Contribution","gender_id":"GEN0","output_descr":"Sectoral Phase-out Plan for elimination of Chloro Flouro Carbons in the Foam Sector in India","output_id":"13042","output_title":"Phase out Chloro Flouro Carbon"}],"project_descr":"Sectoral Phase-out Plan for Elimination of Chloro Fluoro Carbons  in the Foam Sector in India","project_id":"13042","project_title":"Phase-out Plan for elimination of Chloro Fluoro Carbon","region_id":"RBAP","region_name":"Reg Bureau for Asia & Pacific","start":"2003-03-01","subnational":[{"lat":"20","lon":"77","precision":"9","scope":"4","type":"2"}]}