{"document_name":[],"end":"2011-12-31","fiscal_year":["2011","2010"],"inst_descr":"","inst_id":" ","inst_type_descr":"","inst_type_id":"","operating_unit":"India","operating_unit_id":"IND","outputs":[{"award_id":"13049","budget":[9000.0,0],"crs":"41010","crs_descr":"Environmental policy and administrative management","donor_budget":[9000.0],"donor_country":["MULTI-LATERAL AGENCY"],"donor_country_id":["MULTI_AGY"],"donor_expend":[-4812.27],"donor_id":["10009"],"donor_name":["MONTREAL PROTOCOL"],"donor_short":["MPU"],"donor_type":["MULTI-LATERAL AGENCY"],"donor_type_id":["MULTI_AGY"],"expenditure":[-4812.27,40842.79],"fiscal_year":["2011","2010"],"focus_area":"4","focus_area_descr":"Environment & sustainable development","gender_descr":"No Contribution","gender_id":"GEN0","output_descr":"Plan of Phase-out of Chloro Flouro Carbons (CFCs) in the Refrigeration manufacturing Sector in India","output_id":"13049","output_title":"Phase out Chloro Flouro Carbon"}],"project_descr":"Plan of Phase-out of Chloro Flouro Carbon in the Refrigeration (Manufacturing) Sector in India.","project_id":"13049","project_title":"Plan of Phase-out of Chloro Flouro Carbon","region_id":"RBAP","region_name":"Reg Bureau for Asia & Pacific","start":"2003-06-01","subnational":[]}