{"document_name":[],"end":"2009-09-3","fiscal_year":["2011","2012"],"inst_descr":"","inst_id":" ","inst_type_descr":"","inst_type_id":"","operating_unit":"India","operating_unit_id":"IND","outputs":[{"award_id":"13044","budget":[1.0,0.0],"crs":"41010","crs_descr":"Environmental policy and administrative management","donor_budget":[1.0],"donor_country":["MULTI-LATERAL AGENCY"],"donor_country_id":["MULTI_AGY"],"donor_expend":[-296.82],"donor_id":["12"],"donor_name":["UNITED NATIONS DEVELOPMENT PROGRAMME"],"donor_short":["UNDP"],"donor_type":["MULTI-LATERAL AGENCY"],"donor_type_id":["MULTI_AGY"],"expenditure":[-98.41,-198.41],"fiscal_year":["2012","2011"],"focus_area":"4","focus_area_descr":"Environment & sustainable development","gender_descr":"Significant Objective","gender_id":"GEN2","output_descr":"Renewable Energy for Rural Livelihoods.","output_id":"13044","output_title":"Renewable Energy"}],"project_descr":"Renewable Energy for Rural Livelihoods.","project_id":"13044","project_title":"Renewable Energy for Rural Livelihoods","region_id":"RBAP","region_name":"Reg Bureau for Asia & Pacific","start":"2003-08-01","subnational":[{"lat":"26.91962","lon":"75.78781","precision":"4","scope":"3","type":"2"},{"lat":"26.91962","lon":"75.78781","precision":"4","scope":"3","type":"2"},{"lat":"26.91962","lon":"75.78781","precision":"4","scope":"3","type":"2"},{"lat":"26.91962","lon":"75.78781","precision":"4","scope":"3","type":"2"},{"lat":"26.91962","lon":"75.78781","precision":"4","scope":"3","type":"2"},{"lat":"26.91962","lon":"75.78781","precision":"4","scope":"3","type":"2"},{"lat":"26.91962","lon":"75.78781","precision":"4","scope":"3","type":"2"},{"lat":"26.91962","lon":"75.78781","precision":"4","scope":"3","type":"2"},{"lat":"26.91962","lon":"75.78781","precision":"4","scope":"3","type":"2"},{"lat":"26.91962","lon":"75.78781","precision":"4","scope":"3","type":"2"}]}