{"document_name":[],"end":"2012-11-3","fiscal_year":["2012"],"inst_descr":"","inst_id":" ","inst_type_descr":"","inst_type_id":"","operating_unit":"Indonesia","operating_unit_id":"IDN","outputs":[{"award_id":"13070","budget":[1.0],"crs":"99810","crs_descr":"Sectors Not Specified","donor_budget":[1.0],"donor_country":["United Kingdom"],"donor_country_id":["GBR"],"donor_expend":[-0.01],"donor_id":["248"],"donor_name":["GOVERNMENT OF UNITED KINGDOM"],"donor_short":["UKM"],"donor_type":["NON_PROGRAMME COUNTRY"],"donor_type_id":["NON_PROGCTY"],"expenditure":[-0.01],"fiscal_year":["2012"],"focus_area":"-","focus_area_descr":"-","gender_descr":"Some Contribution","gender_id":"GEN1","output_descr":"Support to Programme Development and Planning Coordination (SPDPC)","output_id":"13070","output_title":"Support to Programme Developmt"}],"project_descr":"Support to Programme Development and Planning Coordination","project_id":"13070","project_title":"SPDPC","region_id":"RBAP","region_name":"Reg Bureau for Asia & Pacific","start":"2001-03-01","subnational":[]}