{"document_name":[],"end":"2008-12-31","fiscal_year":["2012"],"inst_descr":"","inst_id":" ","inst_type_descr":"","inst_type_id":"","operating_unit":"Indonesia","operating_unit_id":"IDN","outputs":[{"award_id":"13076","budget":[1.0],"crs":"99810","crs_descr":"Sectors Not Specified","donor_budget":[1.0],"donor_country":["MULTI-LATERAL AGENCY"],"donor_country_id":["MULTI_AGY"],"donor_expend":[0.0],"donor_id":["12"],"donor_name":["UNITED NATIONS DEVELOPMENT PROGRAMME"],"donor_short":["UNDP"],"donor_type":["MULTI-LATERAL AGENCY"],"donor_type_id":["MULTI_AGY"],"expenditure":[0.0],"fiscal_year":["2012"],"focus_area":"-","focus_area_descr":"-","gender_descr":"No Contribution","gender_id":"GEN0","output_descr":"Trust Fund for North Maluku and Maluku Recovery Programme","output_id":"13076","output_title":"TF for North Maluku & Maluku R"}],"project_descr":"Trust Fund for North Maluku and Maluku Recovery Programme","project_id":"13076","project_title":"TF for North Maluku & Maluku Recovery Program","region_id":"RBAP","region_name":"Reg Bureau for Asia & Pacific","start":"2001-05-21","subnational":[]}