{"document_name":[],"end":"2011-12-31","fiscal_year":["2011","2010"],"inst_descr":"","inst_id":" ","inst_type_descr":"","inst_type_id":"","operating_unit":"Indonesia","operating_unit_id":"IDN","outputs":[{"award_id":"13089","budget":[25258.24,0],"crs":"41010","crs_descr":"Environmental policy and administrative management","donor_budget":[25258.24],"donor_country":["MULTI-LATERAL AGENCY"],"donor_country_id":["MULTI_AGY"],"donor_expend":[25246.44],"donor_id":["10009"],"donor_name":["MONTREAL PROTOCOL"],"donor_short":["MPU"],"donor_type":["MULTI-LATERAL AGENCY"],"donor_type_id":["MULTI_AGY"],"expenditure":[25246.44,79252.86],"fiscal_year":["2011","2010"],"focus_area":"4","focus_area_descr":"Environment & sustainable development","gender_descr":"Some Contribution","gender_id":"GEN1","output_descr":"Phase-out Management Plan for CFCs in the Refrigeration (Servicing) Sector in Indonesia","output_id":"13089","output_title":"Phase-out Mngmt Plan for CFCs-"}],"project_descr":"Phase-out Management Plan for CFCs in the Refrigeration (Servicing) Sector in Indonesia","project_id":"13089","project_title":"Phase-out Mngmt Plan for CFCs-Ref (Servicing)","region_id":"RBAP","region_name":"Reg Bureau for Asia & Pacific","start":"2003-05-2","subnational":[{"lat":"-5","lon":"120","precision":"9","scope":"4","type":"2"}]}