{"document_name":[],"end":"2012-12-31","fiscal_year":["2011","2010","2012","2013"],"inst_descr":"","inst_id":" ","inst_type_descr":"","inst_type_id":"","operating_unit":"Indonesia","operating_unit_id":"IDN","outputs":[{"award_id":"13085","budget":[0.0,8033.82,218403.9,0],"crs":"41010","crs_descr":"Environmental policy and administrative management","donor_budget":[226437.72],"donor_country":["MULTI-LATERAL AGENCY"],"donor_country_id":["MULTI_AGY"],"donor_expend":[218240.44],"donor_id":["10009"],"donor_name":["MONTREAL PROTOCOL"],"donor_short":["MPU"],"donor_type":["MULTI-LATERAL AGENCY"],"donor_type_id":["MULTI_AGY"],"expenditure":[-0.4,7870.76,210370.08,164485.33],"fiscal_year":["2013","2012","2011","2010"],"focus_area":"4","focus_area_descr":"Environment & sustainable development","gender_descr":"Some Contribution","gender_id":"GEN1","output_descr":"Sector Phase-out Plan for Elimination of Chlorofluorocarbon in the Refrigeration (Manufacturing) Sector in Indonesia","output_id":"13085","output_title":"Refrigeration Sector Indonesia"}],"project_descr":"Sector Phase-out Plan for Elimination of CFCs in the Refrigeration (Manu facturing) Sector in Indonesia","project_id":"13085","project_title":"Sector Phase-out Plan in the Refri (Manufac)","region_id":"RBAP","region_name":"Reg Bureau for Asia & Pacific","start":"2003-01-31","subnational":[{"lat":"-5","lon":"120","precision":"9","scope":"4","type":"2"}]}