{"document_name":[],"end":"2012-12-31","fiscal_year":["2012"],"inst_descr":"","inst_id":" ","inst_type_descr":"","inst_type_id":"","operating_unit":"Indonesia","operating_unit_id":"IDN","outputs":[{"award_id":"13080","budget":[2.0],"crs":"99810","crs_descr":"Sectors Not Specified","donor_budget":[1.0,1.0],"donor_country":["MULTI-LATERAL AGENCY","United Kingdom"],"donor_country_id":["MULTI_AGY","GBR"],"donor_expend":[-0.01,0.0],"donor_id":["12","248"],"donor_name":["UNITED NATIONS DEVELOPMENT PROGRAMME","GOVERNMENT OF UNITED KINGDOM"],"donor_short":["UNDP","UKM"],"donor_type":["MULTI-LATERAL AGENCY","NON_PROGRAMME COUNTRY"],"donor_type_id":["MULTI_AGY","NON_PROGCTY"],"expenditure":[-0.01],"fiscal_year":["2012"],"focus_area":"-","focus_area_descr":"-","gender_descr":"Some Contribution","gender_id":"GEN1","output_descr":"Support for the Crisis Prevention and Recovery Unit","output_id":"13080","output_title":"Support for the CPRU"}],"project_descr":"Support for the Crisis Prevention and Recovery Unit","project_id":"13080","project_title":"Support for the CPRU","region_id":"RBAP","region_name":"Reg Bureau for Asia & Pacific","start":"2001-09-01","subnational":[]}