{"document_name":[],"end":"2012-12-31","fiscal_year":["2011"],"inst_descr":"","inst_id":" ","inst_type_descr":"","inst_type_id":"","operating_unit":"Iran, Islamic Republic of","operating_unit_id":"IRN","outputs":[{"award_id":"13097","budget":[13686.0],"crs":"41010","crs_descr":"Environmental policy and administrative management","donor_budget":[13685.0,1.0],"donor_country":["MULTI-LATERAL AGENCY","MULTI-LATERAL AGENCY"],"donor_country_id":["MULTI_AGY","MULTI_AGY"],"donor_expend":[13685.0,-13685.0],"donor_id":["12","10003"],"donor_name":["UNITED NATIONS DEVELOPMENT PROGRAMME","Global Environment Fund Trustee"],"donor_short":["UNDP","GEFTrustee"],"donor_type":["MULTI-LATERAL AGENCY","MULTI-LATERAL AGENCY"],"donor_type_id":["MULTI_AGY","MULTI_AGY"],"expenditure":[0.0],"fiscal_year":["2011"],"focus_area":"4","focus_area_descr":"Environment & sustainable development","gender_descr":"No Contribution","gender_id":"GEN0","output_descr":"COUNTRY REPORT TO THE CONFERENCE OF PARTIES OF THE CONVENTION ON BIOLOGICAL DIVERSITY","output_id":"13097","output_title":"BIODIVERSITY STRATEGY & ACTION"}],"project_descr":"COUNTRY REPORT TO THE CONFERENCE OF PARTIES OF THE CONVENTION ON BIOLOGICAL DIVERSITY","project_id":"13097","project_title":"BIODIVERSITY STRATEGY & ACTION PLAN","region_id":"RBAP","region_name":"Reg Bureau for Asia & Pacific","start":"1997-09-01","subnational":[]}