{"document_name":[],"end":"2012-12-31","fiscal_year":["2011","2010","2012","2013"],"inst_descr":"","inst_id":" ","inst_type_descr":"","inst_type_id":"","operating_unit":"Iran, Islamic Republic of","operating_unit_id":"IRN","outputs":[{"award_id":"13102","budget":[17557.6,32442.4,86600.0,0],"crs":"41010","crs_descr":"Environmental policy and administrative management","donor_budget":[136600.0],"donor_country":["MULTI-LATERAL AGENCY"],"donor_country_id":["MULTI_AGY"],"donor_expend":[126258.06],"donor_id":["12"],"donor_name":["UNITED NATIONS DEVELOPMENT PROGRAMME"],"donor_short":["UNDP"],"donor_type":["MULTI-LATERAL AGENCY"],"donor_type_id":["MULTI_AGY"],"expenditure":[13697.81,28862.26,83697.99,192314.74],"fiscal_year":["2013","2012","2011","2010"],"focus_area":"4","focus_area_descr":"Environment & sustainable development","gender_descr":"Significant Objective","gender_id":"GEN2","output_descr":"Conservation of the Asiatic Cheetah","output_id":"70602","output_title":"Asiatic Cheetah Phase II"}],"project_descr":"Conservation of the Asiatic Cheetah, its Natural Habitat and Associated Biota in the I. R. of Iran","project_id":"13102","project_title":"Conservation of the Asiatic Cheetah","region_id":"RBAP","region_name":"Reg Bureau for Asia & Pacific","start":"2001-12-01","subnational":[{"lat":"32.65722","lon":"51.67761","precision":"1","scope":"3","type":"2"},{"lat":"32.65722","lon":"51.67761","precision":"1","scope":"3","type":"2"},{"lat":"32.65722","lon":"51.67761","precision":"1","scope":"3","type":"2"}]}