{"document_name":[],"end":"2011-12-31","fiscal_year":["2011","2010"],"inst_descr":"","inst_id":" ","inst_type_descr":"","inst_type_id":"","operating_unit":"Iran, Islamic Republic of","operating_unit_id":"IRN","outputs":[{"award_id":"13118","budget":[573.0,0],"crs":"41010","crs_descr":"Environmental policy and administrative management","donor_budget":[573.0],"donor_country":["MULTI-LATERAL AGENCY"],"donor_country_id":["MULTI_AGY"],"donor_expend":[534.41],"donor_id":["10003"],"donor_name":["Global Environment Fund Trustee"],"donor_short":["GEFTrustee"],"donor_type":["MULTI-LATERAL AGENCY"],"donor_type_id":["MULTI_AGY"],"expenditure":[534.41,-36.55],"fiscal_year":["2011","2010"],"focus_area":"4","focus_area_descr":"Environment & sustainable development","gender_descr":"No Contribution","gender_id":"GEN0","output_descr":"Iran-Persistent Organic Pollutants Enabling Activity: Preparation of the Persistent Organic Pollutants National Implementation Plan under the Stockholm Convention","output_id":"40678","output_title":"Persistent Organic Pollutants"}],"project_descr":"Iran - Persistent Organic Pollutants Enabling Activity: Preparation of the Persistent Organic Pollutants National Implementation Plan under the Stockholm Convention","project_id":"13118","project_title":"Persistant Organic Pollutants","region_id":"RBAP","region_name":"Reg Bureau for Asia & Pacific","start":"2003-06-15","subnational":[]}