{"document_name":[],"end":"2014-12-31","fiscal_year":["2011","2010","2012","2013"],"inst_descr":"","inst_id":" ","inst_type_descr":"","inst_type_id":"","operating_unit":"Iran, Islamic Republic of","operating_unit_id":"IRN","outputs":[{"award_id":"13110","budget":[5000.0],"crs":"41010","crs_descr":"Environmental policy and administrative management","donor_budget":[5000.0],"donor_country":["MULTI-LATERAL AGENCY"],"donor_country_id":["MULTI_AGY"],"donor_expend":[1106.6],"donor_id":["12"],"donor_name":["UNITED NATIONS DEVELOPMENT PROGRAMME"],"donor_short":["UNDP"],"donor_type":["MULTI-LATERAL AGENCY"],"donor_type_id":["MULTI_AGY"],"expenditure":[1106.6],"fiscal_year":["2011"],"focus_area":"4","focus_area_descr":"Environment & sustainable development","gender_descr":"Significant Objective","gender_id":"GEN2","output_descr":"Capacity Development to Enhance Women\u2019s Economic Power","output_id":"78194","output_title":"Carbon Women Economic Power"},{"award_id":"13110","budget":[411550.0,745500.0,452477.0,0],"crs":"41010","crs_descr":"Environmental policy and administrative management","donor_budget":[653530.0,955997.0],"donor_country":["MULTI-LATERAL AGENCY","Islamic Republic of Iran"],"donor_country_id":["MULTI_AGY","IRN"],"donor_expend":[548137.3,526498.27],"donor_id":["12","133"],"donor_name":["UNITED NATIONS DEVELOPMENT PROGRAMME","GOVERNMENT OF IRAN (ISLAMIC REPUBLIC OF)"],"donor_short":["UNDP","IRA"],"donor_type":["MULTI-LATERAL AGENCY","PROGRAMME COUNTRY"],"donor_type_id":["MULTI_AGY","PROGCTY"],"expenditure":[176378.82,453483.91,444772.84,249710.53],"fiscal_year":["2013","2012","2011","2010"],"focus_area":"4","focus_area_descr":"Environment & sustainable development","gender_descr":"Significant Objective","gender_id":"GEN2","output_descr":"This child project under Award 00013110 is for implementation of the Second Phase of  Carbon Sequestration in the desertified rangelands of Hosseinabad village","output_id":"75197","output_title":"Carbon Sequestration-II"},{"award_id":"13110","budget":[12049.0,0],"crs":"99810","crs_descr":"Sectors Not Specified","donor_budget":[12049.0],"donor_country":["MULTI-LATERAL AGENCY"],"donor_country_id":["MULTI_AGY"],"donor_expend":[12048.99],"donor_id":["10003"],"donor_name":["GEFTrustee"],"donor_short":["GEFTrustee"],"donor_type":["MULTI-LATERAL AGENCY"],"donor_type_id":["MULTI_AGY"],"expenditure":[12048.99,793.25],"fiscal_year":["2012","2010"],"focus_area":"-","focus_area_descr":"-","gender_descr":"Significant Objective","gender_id":"GEN2","output_descr":"GEF PIMS 899: Carbon sequestration in the desertified rangelands of Hosseinabad village in Birjand city in South Khorassan Province, Iran","output_id":"37121","output_title":"Carbon Sequestration-GEF"}],"project_descr":"Carbon Sequestration in the Desertified Rangelands of Hossein Abbad","project_id":"13110","project_title":"Carbon Sequestration in the Desertified Areas -Pims 899","region_id":"RBAP","region_name":"Reg Bureau for Asia & Pacific","start":"2003-01-01","subnational":[{"lat":"28.1443","lon":"51.2738","precision":"3","scope":"1","type":"2"},{"lat":"28.1443","lon":"51.2738","precision":"3","scope":"1","type":"2"},{"lat":"28.1443","lon":"51.2738","precision":"3","scope":"1","type":"2"}]}