{"document_name":[],"end":"2011-12-31","fiscal_year":["2011","2010"],"inst_descr":"","inst_id":" ","inst_type_descr":"","inst_type_id":"","operating_unit":"Iran, Islamic Republic of","operating_unit_id":"IRN","outputs":[{"award_id":"13112","budget":[16700.0,0],"crs":"15162","crs_descr":"Human rights","donor_budget":[16700.0],"donor_country":["MULTI-LATERAL AGENCY"],"donor_country_id":["MULTI_AGY"],"donor_expend":[16686.15],"donor_id":["12"],"donor_name":["UNITED NATIONS DEVELOPMENT PROGRAMME"],"donor_short":["UNDP"],"donor_type":["MULTI-LATERAL AGENCY"],"donor_type_id":["MULTI_AGY"],"expenditure":[16686.15,598.57],"fiscal_year":["2011","2010"],"focus_area":"2","focus_area_descr":"Democratic governance","gender_descr":"No Contribution","gender_id":"GEN0","output_descr":"Preparation of the Second National Human Development Report of the Islamic Republic of Iran","output_id":"13112","output_title":"Second NHDR"}],"project_descr":"Preparation of the Second National Human Development Report of the Islamic Republic of Iran","project_id":"13112","project_title":"Second NHDR","region_id":"RBAP","region_name":"Reg Bureau for Asia & Pacific","start":"2002-04-15","subnational":[]}