{"document_name":[],"end":"2011-12-31","fiscal_year":["2011","2010"],"inst_descr":"","inst_id":" ","inst_type_descr":"","inst_type_id":"","operating_unit":"Iran, Islamic Republic of","operating_unit_id":"IRN","outputs":[{"award_id":"13123","budget":[3646.13,0],"crs":"41010","crs_descr":"Environmental policy and administrative management","donor_budget":[3646.13],"donor_country":["OTHERS"],"donor_country_id":["OTH"],"donor_expend":[3646.13],"donor_id":["10468"],"donor_name":["Shell Development Iran B.V."],"donor_short":["IRAN-SDI"],"donor_type":["PRIVATE SECTOR"],"donor_type_id":["PRIV"],"expenditure":[3646.13,1317.2],"fiscal_year":["2011","2010"],"focus_area":"4","focus_area_descr":"Environment & sustainable development","gender_descr":"No Contribution","gender_id":"GEN0","output_descr":"Strategic Environmental and Sustainability Assessment of Development Policies, Plans and Programmes in Khuzestan & Boushehr Provinces of Iran","output_id":"41190","output_title":"Shell Dev. Iran Comp. to SEA"},{"award_id":"13123","budget":[11776.0,0],"crs":"41010","crs_descr":"Environmental policy and administrative management","donor_budget":[11606.0,170.0],"donor_country":["MULTI-LATERAL AGENCY","Islamic Republic of Iran"],"donor_country_id":["MULTI_AGY","IRN"],"donor_expend":[10844.17,169.79],"donor_id":["12","133"],"donor_name":["UNITED NATIONS DEVELOPMENT PROGRAMME","GOVERNMENT OF IRAN (ISLAMIC REPUBLIC OF)"],"donor_short":["UNDP","IRA"],"donor_type":["MULTI-LATERAL AGENCY","PROGRAMME COUNTRY"],"donor_type_id":["MULTI_AGY","PROGCTY"],"expenditure":[11013.96,10808.63],"fiscal_year":["2011","2010"],"focus_area":"4","focus_area_descr":"Environment & sustainable development","gender_descr":"No Contribution","gender_id":"GEN0","output_descr":"Set-up and establish the Strategic Environment Assessment Office at the Department of Environment","output_id":"35802","output_title":"SEA Office Establishment"}],"project_descr":"Strategic Environmental Assessment: Enabling Activities and Capacity Building","project_id":"13123","project_title":"Strategic Environmental Assessment","region_id":"RBAP","region_name":"Reg Bureau for Asia & Pacific","start":"2004-01-01","subnational":[]}