{"document_name":[],"end":"2012-12-31","fiscal_year":["2012"],"inst_descr":"","inst_id":" ","inst_type_descr":"","inst_type_id":"","operating_unit":"C\u00f4te d\u2019Ivoire","operating_unit_id":"CIV","outputs":[{"award_id":"13133","budget":[427.39,0],"crs":"99810","crs_descr":"Sectors Not Specified","donor_budget":[427.39],"donor_country":["Japan"],"donor_country_id":["JPN"],"donor_expend":[12.12],"donor_id":["141"],"donor_name":["GOVERNMENT OF JAPAN"],"donor_short":["JPN"],"donor_type":["NON_PROGRAMME COUNTRY"],"donor_type_id":["NON_PROGCTY"],"expenditure":[12.12,14758.9],"fiscal_year":["2012","2010"],"focus_area":"-","focus_area_descr":"-","gender_descr":"-","gender_id":"-","output_descr":"APPUI A LA MULTIPLICATION ET A LA DIFFUSION DES SEMENCES DE NOUVELLES VARIETES DE RIZ AFRICAIN EN COTE D'IVOIRE","output_id":"13133","output_title":"NOUVELLES VARIETES DE RIZ"}],"project_descr":"APPUI A LA MULTIPLICATION ET A LA DIFFUSION DES SEMENCES DE NOUVELLES VARIETES DE RIZ AFRICAIN EN COTE D'IVOIRE","project_id":"13133","project_title":"NOUVELLES VARIETES DE RIZ AFRICAIN EN RCI","region_id":"RBA","region_name":"Reg Bureau for Africa","start":"2004-10-31","subnational":[]}