{"document_name":[],"end":"2013-12-31","fiscal_year":["2011","2010","2012"],"inst_descr":"","inst_id":" ","inst_type_descr":"","inst_type_id":"","operating_unit":"C\u00f4te d\u2019Ivoire","operating_unit_id":"CIV","outputs":[{"award_id":"13140","budget":[33576.02,50000.0,0],"crs":"15110","crs_descr":"Economic and development policy/planning","donor_budget":[83576.01999999999],"donor_country":["MULTI-LATERAL AGENCY"],"donor_country_id":["MULTI_AGY"],"donor_expend":[38145.63],"donor_id":["12"],"donor_name":["UNITED NATIONS DEVELOPMENT PROGRAMME"],"donor_short":["UNDP"],"donor_type":["MULTI-LATERAL AGENCY"],"donor_type_id":["MULTI_AGY"],"expenditure":[32262.02,5883.61,66496.96],"fiscal_year":["2012","2011","2010"],"focus_area":"1","focus_area_descr":"Poverty reduction & MDG achievement","gender_descr":"Significant Objective","gender_id":"GEN2","output_descr":"Appui \u00e0 l'op\u00e9rationnalisation et l'internalisation du D\u00e9veloppement Humain Durable en C\u00f4te d'ivoire","output_id":"13140","output_title":"Appui au D\u00e9veloppement Humain"}],"project_descr":"Programme d'appui \u00e0 l'op\u00e9rationnalisation et \u00e0 l'internalisation du DHD","project_id":"13140","project_title":"Appui au D\u00e9veloppement humain","region_id":"RBA","region_name":"Reg Bureau for Africa","start":"2002-06-3","subnational":[{"lat":"8","lon":"-5","precision":"9","scope":"4","type":"2"}]}