{"document_name":[],"end":"2012-12-31","fiscal_year":["2011","2010","2012","2013"],"inst_descr":"","inst_id":" ","inst_type_descr":"","inst_type_id":"","operating_unit":"C\u00f4te d\u2019Ivoire","operating_unit_id":"CIV","outputs":[{"award_id":"13145","budget":[539627.0,291260.0,487084.28,0],"crs":"15210","crs_descr":"Security system management and reform","donor_budget":[1005158.1799999999,41410.1,271403.0],"donor_country":["MULTI-LATERAL AGENCY","Cote D'Ivoire","MULTI-LATERAL AGENCY"],"donor_country_id":["MULTI_AGY","CIV","MULTI_AGY"],"donor_expend":[759362.47,25342.46,40348.31],"donor_id":["12","138","15"],"donor_name":["UNITED NATIONS DEVELOPMENT PROGRAMME","GOVERNMENT OF COTE D'IVOIRE","WORLD BANK (INT'L. BANK FOR RECONSTRUCTI"],"donor_short":["UNDP","IVC","IBRD"],"donor_type":["MULTI-LATERAL AGENCY","PROGRAMME COUNTRY","MULTI-LATERAL AGENCY"],"donor_type_id":["MULTI_AGY","PROGCTY","MULTI_AGY"],"expenditure":[131683.9,271782.17,421587.17,486317.77],"fiscal_year":["2013","2012","2011","2010"],"focus_area":"3","focus_area_descr":"Crisis prevention & recovery","gender_descr":"Significant Objective","gender_id":"GEN2","output_descr":"Programme d'appui \u00e0 la s\u00e9curit\u00e9 urbaine","output_id":"13145","output_title":"PASU-SECURITE URBAINE"}],"project_descr":"APPUI A LA SECURITE URBAINE A ABIDJAN (Phase m\u00e9tropolitaine)","project_id":"13145","project_title":"PASU-SECURITE URBAINE","region_id":"RBA","region_name":"Reg Bureau for Africa","start":"2002-11-3","subnational":[{"lat":"7.01232","lon":"-7.4864","precision":"3","scope":"3","type":"2"},{"lat":"7.01232","lon":"-7.4864","precision":"3","scope":"3","type":"2"},{"lat":"7.01232","lon":"-7.4864","precision":"3","scope":"3","type":"2"},{"lat":"7.01232","lon":"-7.4864","precision":"3","scope":"3","type":"2"},{"lat":"7.01232","lon":"-7.4864","precision":"3","scope":"3","type":"2"},{"lat":"7.01232","lon":"-7.4864","precision":"3","scope":"3","type":"2"},{"lat":"7.01232","lon":"-7.4864","precision":"3","scope":"3","type":"2"},{"lat":"7.01232","lon":"-7.4864","precision":"3","scope":"3","type":"2"},{"lat":"7.01232","lon":"-7.4864","precision":"3","scope":"3","type":"2"},{"lat":"7.01232","lon":"-7.4864","precision":"3","scope":"3","type":"2"},{"lat":"7.01232","lon":"-7.4864","precision":"3","scope":"3","type":"2"},{"lat":"7.01232","lon":"-7.4864","precision":"3","scope":"3","type":"2"},{"lat":"7.01232","lon":"-7.4864","precision":"3","scope":"3","type":"2"},{"lat":"7.01232","lon":"-7.4864","precision":"3","scope":"3","type":"2"},{"lat":"7.01232","lon":"-7.4864","precision":"3","scope":"3","type":"2"},{"lat":"7.01232","lon":"-7.4864","precision":"3","scope":"3","type":"2"},{"lat":"7.01232","lon":"-7.4864","precision":"3","scope":"3","type":"2"},{"lat":"7.01232","lon":"-7.4864","precision":"3","scope":"3","type":"2"},{"lat":"7.01232","lon":"-7.4864","precision":"3","scope":"3","type":"2"},{"lat":"7.01232","lon":"-7.4864","precision":"3","scope":"3","type":"2"},{"lat":"7.01232","lon":"-7.4864","precision":"3","scope":"3","type":"2"},{"lat":"7.01232","lon":"-7.4864","precision":"3","scope":"3","type":"2"}]}