{"document_name":[],"end":"2012-12-31","fiscal_year":["2011","2012"],"inst_descr":"","inst_id":" ","inst_type_descr":"","inst_type_id":"","operating_unit":"C\u00f4te d\u2019Ivoire","operating_unit_id":"CIV","outputs":[{"award_id":"13153","budget":[0.0,27070.0],"crs":"99810","crs_descr":"Sectors Not Specified","donor_budget":[27070.0],"donor_country":["MULTI-LATERAL AGENCY"],"donor_country_id":["MULTI_AGY"],"donor_expend":[-111.41],"donor_id":["327"],"donor_name":["GLOBAL FUND TO FIGHT AIDS, TUBERCULOSIS"],"donor_short":["GFATM"],"donor_type":["MULTI-LATERAL AGENCY"],"donor_type_id":["MULTI_AGY"],"expenditure":[0.0,-111.41],"fiscal_year":["2012","2011"],"focus_area":"-","focus_area_descr":"-","gender_descr":"-","gender_id":"-","output_descr":"Renforcement de la reponse nationale face au VIH/Sida","output_id":"13153","output_title":"Global Fund, VIH/SIDA"}],"project_descr":"Renforcement de la r\u00e9ponse nationale face au VIH/SIDA","project_id":"13153","project_title":"Global fund Composante VIH/SIDA","region_id":"RBA","region_name":"Reg Bureau for Africa","start":"2003-12-01","subnational":[{"lat":"8","lon":"-5","precision":"9","scope":"4","type":"2"}]}