{"document_name":[],"end":"2011-12-31","fiscal_year":["2011"],"inst_descr":"","inst_id":" ","inst_type_descr":"","inst_type_id":"","operating_unit":"Jamaica","operating_unit_id":"JAM","outputs":[{"award_id":"13159","budget":[51.83],"crs":"99810","crs_descr":"Sectors Not Specified","donor_budget":[51.83],"donor_country":["Jamaica"],"donor_country_id":["JAM"],"donor_expend":[0.0],"donor_id":["139"],"donor_name":["GOVERNMENT OF JAMAICA"],"donor_short":["JAM"],"donor_type":["PROGRAMME COUNTRY"],"donor_type_id":["PROGCTY"],"expenditure":[0.0],"fiscal_year":["2011"],"focus_area":"-","focus_area_descr":"-","gender_descr":"Some Contribution","gender_id":"GEN1","output_descr":"Support to Global LIFE Programme","output_id":"13159","output_title":"Support to LIFE Programme"}],"project_descr":"Support to LIFE Programme","project_id":"13159","project_title":"Support to LIFE Programme","region_id":"RBLAC","region_name":"Reg Bur Latin Amer & Carib","start":"1998-02-02","subnational":[{"lat":"18.25","lon":"-77.5","precision":"9","scope":"4","type":"1"}]}