{"document_name":[],"end":"2011-12-31","fiscal_year":["2011"],"inst_descr":"","inst_id":" ","inst_type_descr":"","inst_type_id":"","operating_unit":"Jamaica","operating_unit_id":"JAM","outputs":[{"award_id":"13161","budget":[8149.56],"crs":"99810","crs_descr":"Sectors Not Specified","donor_budget":[8149.56],"donor_country":["Turks and Caicos"],"donor_country_id":["TCA"],"donor_expend":[0.0],"donor_id":["1102"],"donor_name":["JAM-GOVERNMENT OF TURKS & CAIC"],"donor_short":["GTCI"],"donor_type":["PROGRAMME COUNTRY"],"donor_type_id":["PROGCTY"],"expenditure":[0.0],"fiscal_year":["2011"],"focus_area":"-","focus_area_descr":"-","gender_descr":"Some Contribution","gender_id":"GEN1","output_descr":"Public Sector Capacity Building","output_id":"13161","output_title":"Public Sector Capacity Buildin"}],"project_descr":"Public Sector Capacity Building","project_id":"13161","project_title":"Public Sector Capacity Building","region_id":"RBLAC","region_name":"Reg Bur Latin Amer & Carib","start":"1998-02-01","subnational":[{"lat":"18.25","lon":"-77.5","precision":"9","scope":"4","type":"1"}]}