{"document_name":[],"end":"2010-12-31","fiscal_year":["2012"],"inst_descr":"","inst_id":" ","inst_type_descr":"","inst_type_id":"","operating_unit":"Jamaica","operating_unit_id":"JAM","outputs":[{"award_id":"13165","budget":[0.0],"crs":"99810","crs_descr":"Sectors Not Specified","donor_budget":[0.0],"donor_country":["MULTI-LATERAL AGENCY"],"donor_country_id":["MULTI_AGY"],"donor_expend":[0.0],"donor_id":["12"],"donor_name":["UNITED NATIONS DEVELOPMENT PROGRAMME"],"donor_short":["UNDP"],"donor_type":["MULTI-LATERAL AGENCY"],"donor_type_id":["MULTI_AGY"],"expenditure":[0.0],"fiscal_year":["2012"],"focus_area":"-","focus_area_descr":"-","gender_descr":"No Contribution","gender_id":"GEN0","output_descr":"\"Support to Community-based Disaster Management in the Parishes of St. James, St. Ann, Clarendon, Portland and St. Mary\"","output_id":"13165","output_title":"COMMUNITY DISASTER MANAGEMENT"}],"project_descr":"Support to Community-based Disaster Management in the Parishes of St. James, St. Ann, Clarendon, Portland and St. Mary","project_id":"13165","project_title":"COMMUNITY DISASTER MANAGEMENT PROJECT","region_id":"RBLAC","region_name":"Reg Bur Latin Amer & Carib","start":"2002-06-01","subnational":[]}