{"document_name":[],"end":"2011-12-31","fiscal_year":["2011"],"inst_descr":"","inst_id":" ","inst_type_descr":"","inst_type_id":"","operating_unit":"Jamaica","operating_unit_id":"JAM","outputs":[{"award_id":"13164","budget":[37342.14],"crs":"99810","crs_descr":"Sectors Not Specified","donor_budget":[37342.14],"donor_country":["Jamaica"],"donor_country_id":["JAM"],"donor_expend":[0.0],"donor_id":["139"],"donor_name":["GOVERNMENT OF JAMAICA"],"donor_short":["JAM"],"donor_type":["PROGRAMME COUNTRY"],"donor_type_id":["PROGCTY"],"expenditure":[0.0],"fiscal_year":["2011"],"focus_area":"-","focus_area_descr":"-","gender_descr":"Some Contribution","gender_id":"GEN1","output_descr":"Development of Income Generating Enterprises","output_id":"13164","output_title":"Income Generating Enterprises"}],"project_descr":"Development of Income Generating Enterprises","project_id":"13164","project_title":"Income Generating Enterprises","region_id":"RBLAC","region_name":"Reg Bur Latin Amer & Carib","start":"2001-02-28","subnational":[{"lat":"18.25","lon":"-77.5","precision":"9","scope":"4","type":"1"}]}