{"document_name":[],"end":"2011-12-31","fiscal_year":["2011","2010"],"inst_descr":"","inst_id":" ","inst_type_descr":"","inst_type_id":"","operating_unit":"Jordan","operating_unit_id":"JOR","outputs":[{"award_id":"13174","budget":[370.97,0],"crs":"99810","crs_descr":"Sectors Not Specified","donor_budget":[370.97],"donor_country":["MULTI-LATERAL AGENCY"],"donor_country_id":["MULTI_AGY"],"donor_expend":[-370.96],"donor_id":["10003"],"donor_name":["Global Environment Fund Trustee"],"donor_short":["GEFTrustee"],"donor_type":["MULTI-LATERAL AGENCY"],"donor_type_id":["MULTI_AGY"],"expenditure":[-370.96,1270.43],"fiscal_year":["2011","2010"],"focus_area":"-","focus_area_descr":"-","gender_descr":"Some Contribution","gender_id":"GEN1","output_descr":"PIMS 51 CC EA: BUILDING CAPACITY TO RESPOND TO UNFCCC","output_id":"13174","output_title":"BUILDING CAPACITY-GHG INVEntor"}],"project_descr":"BUILDING CAPACITY FOR GHG INVENTORY AND ACTION PLANS IN THE HASHEMITE KINGDOM OF JORDAN IN RESPONSE TO UNFCCC COMMUNICAT","project_id":"13174","project_title":"Green House Gases INVENTORY","region_id":"RBAS","region_name":"Reg Bur for Arab States","start":"1996-03-21","subnational":[{"lat":"31","lon":"36","precision":"9","scope":"4","type":"1"}]}