{"document_name":[],"end":"2012-12-31","fiscal_year":["2011","2012"],"inst_descr":"","inst_id":" ","inst_type_descr":"","inst_type_id":"","operating_unit":"Jordan","operating_unit_id":"JOR","outputs":[{"award_id":"13175","budget":[814.63,9223.04],"crs":"15140","crs_descr":"Government administration","donor_budget":[9223.04,814.63],"donor_country":["MULTI-LATERAL AGENCY","Jordan"],"donor_country_id":["MULTI_AGY","JOR"],"donor_expend":[8408.410000000002,813.63],"donor_id":["12","140"],"donor_name":["UNITED NATIONS DEVELOPMENT PROGRAMME","GOVERNMENT OF JORDAN"],"donor_short":["UNDP","JOR"],"donor_type":["MULTI-LATERAL AGENCY","PROGRAMME COUNTRY"],"donor_type_id":["MULTI_AGY","PROGCTY"],"expenditure":[0.0,9222.04],"fiscal_year":["2012","2011"],"focus_area":"2","focus_area_descr":"Democratic governance","gender_descr":"Some Contribution","gender_id":"GEN1","output_descr":"STRENGTHENING OF THE INCOME TAX DEPARTMENT FOR IMPROVED REVENUE COLLECTION","output_id":"13175","output_title":"STRENGTHENING INCOME TAX DEPAR"}],"project_descr":"STRENGTHENING OF THE INCOME TAX DEPARTMENT FOR IMPROVED REVENUE COLLECTION","project_id":"13175","project_title":"STRENGTHENING INCOME TAX DEPARTMENT","region_id":"RBAS","region_name":"Reg Bur for Arab States","start":"1996-12-31","subnational":[{"lat":"31","lon":"36","precision":"9","scope":"4","type":"1"}]}