{"document_name":[],"end":"2011-12-31","fiscal_year":["2011"],"inst_descr":"","inst_id":" ","inst_type_descr":"","inst_type_id":"","operating_unit":"Jamaica","operating_unit_id":"JAM","outputs":[{"award_id":"13173","budget":[8826.2],"crs":"74010","crs_descr":"Disaster prevention and preparedness","donor_budget":[8826.2],"donor_country":["MULTI-LATERAL AGENCY"],"donor_country_id":["MULTI_AGY"],"donor_expend":[0.0],"donor_id":["280"],"donor_name":["EUROPEAN UNION"],"donor_short":["EU"],"donor_type":["MULTI-LATERAL AGENCY"],"donor_type_id":["MULTI_AGY"],"expenditure":[0.0],"fiscal_year":["2011"],"focus_area":"3","focus_area_descr":"Crisis prevention & recovery","gender_descr":"No Contribution","gender_id":"GEN0","output_descr":"Early Radar Warning System","output_id":"13173","output_title":"Support to DIPECHO radar proje"}],"project_descr":"Early Radar Warning System","project_id":"13173","project_title":"Support to DIPECHO radar project","region_id":"RBLAC","region_name":"Reg Bur Latin Amer & Carib","start":"2003-06-09","subnational":[{"lat":"18.25","lon":"-77.5","precision":"9","scope":"4","type":"1"}]}