{"document_name":[],"end":"2012-12-31","fiscal_year":["2011","2012"],"inst_descr":"","inst_id":" ","inst_type_descr":"","inst_type_id":"","operating_unit":"Jordan","operating_unit_id":"JOR","outputs":[{"award_id":"13189","budget":[1.0,1862.96],"crs":"99810","crs_descr":"Sectors Not Specified","donor_budget":[1863.96],"donor_country":["MULTI-LATERAL AGENCY"],"donor_country_id":["MULTI_AGY"],"donor_expend":[-1862.96],"donor_id":["12"],"donor_name":["UNITED NATIONS DEVELOPMENT PROGRAMME"],"donor_short":["UNDP"],"donor_type":["MULTI-LATERAL AGENCY"],"donor_type_id":["MULTI_AGY"],"expenditure":[-1862.96,0.0],"fiscal_year":["2012","2011"],"focus_area":"-","focus_area_descr":"-","gender_descr":"Some Contribution","gender_id":"GEN1","output_descr":"SMALL GRANTS PROGRAMME PHASE II","output_id":"13189","output_title":"SMALL GRANTS Programme"}],"project_descr":"SMALL GRANTS PROGRAMME PHASE II","project_id":"13189","project_title":"SMALL GRANTS II","region_id":"RBAS","region_name":"Reg Bur for Arab States","start":"1999-12-15","subnational":[{"lat":"31","lon":"36","precision":"9","scope":"4","type":"1"}]}