{"document_name":[],"end":"2012-12-31","fiscal_year":["2012"],"inst_descr":"","inst_id":" ","inst_type_descr":"","inst_type_id":"","operating_unit":"Jordan","operating_unit_id":"JOR","outputs":[{"award_id":"13180","budget":[129689.1,0],"crs":"99810","crs_descr":"Sectors Not Specified","donor_budget":[3.05,129686.05],"donor_country":["MULTI-LATERAL AGENCY","MULTI-LATERAL AGENCY"],"donor_country_id":["MULTI_AGY","MULTI_AGY"],"donor_expend":[-129683.01,129686.06],"donor_id":["12","10003"],"donor_name":["UNITED NATIONS DEVELOPMENT PROGRAMME","GEFTrustee"],"donor_short":["UNDP","GEFTrustee"],"donor_type":["MULTI-LATERAL AGENCY","MULTI-LATERAL AGENCY"],"donor_type_id":["MULTI_AGY","MULTI_AGY"],"expenditure":[3.05,200.56],"fiscal_year":["2012","2010"],"focus_area":"-","focus_area_descr":"-","gender_descr":"No Contribution","gender_id":"GEN0","output_descr":"PIMS 55 CC FSP: REDUCTION OF METHANE AND UTILIZATION OF MUNICIPAL WASTE FOR ENERGY IN AMMAN","output_id":"13180","output_title":"PIMS 55 CC FSP: REDUCTION METH"}],"project_descr":"REDUCTION OF METHANE EMISSIONS AND UTILIZATION OF MUNICIPAL WASTE FOR ENERGY IN AMMAN","project_id":"13180","project_title":"PIMS 55 CC FSP: REDUCTION OF METHANE","region_id":"RBAS","region_name":"Reg Bur for Arab States","start":"1998-06-01","subnational":[]}