{"document_name":[],"end":"2012-12-31","fiscal_year":["2011","2010","2012"],"inst_descr":"","inst_id":" ","inst_type_descr":"","inst_type_id":"","operating_unit":"Jordan","operating_unit_id":"JOR","outputs":[{"award_id":"13181","budget":[2.0,33911.99,0],"crs":"15110","crs_descr":"Economic and development policy/planning","donor_budget":[32506.56,1406.43,1.0],"donor_country":["MULTI-LATERAL AGENCY","United States of America","United Kingdom"],"donor_country_id":["MULTI_AGY","USA","GBR"],"donor_expend":[32512.62,1399.37,0.0],"donor_id":["12","10480","248"],"donor_name":["UNITED NATIONS DEVELOPMENT PROGRAMME","USAID","GOVERNMENT OF UNITED KINGDOM"],"donor_short":["UNDP","USAID","UKM"],"donor_type":["MULTI-LATERAL AGENCY","NON_PROGRAMME COUNTRY","NON_PROGRAMME COUNTRY"],"donor_type_id":["MULTI_AGY","NON_PROGCTY","NON_PROGCTY"],"expenditure":[0.0,33911.99,38533.06],"fiscal_year":["2012","2011","2010"],"focus_area":"1","focus_area_descr":"Poverty reduction & MDG achievement","gender_descr":"Significant Objective","gender_id":"GEN2","output_descr":"Production of a National Human Development Report (NHDR) for Jordan","output_id":"13181","output_title":"Human Dev. Profiles & Strategy"}],"project_descr":"HUMAN DEVELOPMENT PROFILES AN STRATEGY FOR JORDAN","project_id":"13181","project_title":"National Human Development Report","region_id":"RBAS","region_name":"Reg Bur for Arab States","start":"1997-09-01","subnational":[{"lat":"31.95522","lon":"35.94503","precision":"3","scope":"4","type":"2"}]}