{"document_name":[],"end":"2011-12-31","fiscal_year":["2011","2010"],"inst_descr":"","inst_id":" ","inst_type_descr":"","inst_type_id":"","operating_unit":"Jordan","operating_unit_id":"JOR","outputs":[{"award_id":"13198","budget":[86995.0,0],"crs":"15110","crs_descr":"Economic and development policy/planning","donor_budget":[70000.0,16995.0],"donor_country":["MULTI-LATERAL AGENCY","Jordan"],"donor_country_id":["MULTI_AGY","JOR"],"donor_expend":[43929.61,31475.98],"donor_id":["12","140"],"donor_name":["UNITED NATIONS DEVELOPMENT PROGRAMME","GOVERNMENT OF JORDAN"],"donor_short":["UNDP","JOR"],"donor_type":["MULTI-LATERAL AGENCY","PROGRAMME COUNTRY"],"donor_type_id":["MULTI_AGY","PROGCTY"],"expenditure":[75405.59,234625.06],"fiscal_year":["2011","2010"],"focus_area":"1","focus_area_descr":"Poverty reduction & MDG achievement","gender_descr":"Some Contribution","gender_id":"GEN1","output_descr":"Assistance of the Higher Council for Youth and Youth and Sports Fund in the Development of the Youth Sector in Jordan.","output_id":"13198","output_title":"Assistance of the HCY and YSF"}],"project_descr":"Assistance of the Higher Council for Youth and the Youth and Sports Fund in the Development of the Youth Sector in Jorda","project_id":"13198","project_title":"Assistance of the HCY and YSF","region_id":"RBAS","region_name":"Reg Bur for Arab States","start":"2003-01-15","subnational":[{"lat":"31.95522","lon":"35.94503","precision":"3","scope":"4","type":"2"}]}