{"document_name":[],"end":"2011-12-31","fiscal_year":["2011","2010"],"inst_descr":"","inst_id":" ","inst_type_descr":"","inst_type_id":"","operating_unit":"Jordan","operating_unit_id":"JOR","outputs":[{"award_id":"13195","budget":[3663.16,0],"crs":"15110","crs_descr":"Economic and development policy/planning","donor_budget":[3663.16],"donor_country":["Jordan"],"donor_country_id":["JOR"],"donor_expend":[0.0],"donor_id":["140"],"donor_name":["GOVERNMENT OF JORDAN"],"donor_short":["JOR"],"donor_type":["PROGRAMME COUNTRY"],"donor_type_id":["PROGCTY"],"expenditure":[0.0,-0.02],"fiscal_year":["2011","2010"],"focus_area":"1","focus_area_descr":"Poverty reduction & MDG achievement","gender_descr":"Some Contribution","gender_id":"GEN1","output_descr":"The Emprendedores y Tecnologia (Empretec) is a unique UNCTAD programme that provides entrepreneurial training to owners of Small and Medium Enterprises (SMEs).","output_id":"13195","output_title":"Empretec (Phase II)"}],"project_descr":"Empretec Jordan Programme Mediiterranean 2000 (Phase II)","project_id":"13195","project_title":"Empretec Programme in Jordan Phase III","region_id":"RBAS","region_name":"Reg Bur for Arab States","start":"2003-01-01","subnational":[{"lat":"31","lon":"36","precision":"9","scope":"4","type":"1"}]}