{"document_name":[],"end":"2011-12-31","fiscal_year":["2011","2010"],"inst_descr":"","inst_id":" ","inst_type_descr":"","inst_type_id":"","operating_unit":"Jordan","operating_unit_id":"JOR","outputs":[{"award_id":"13192","budget":[47751.47,0],"crs":"15110","crs_descr":"Economic and development policy/planning","donor_budget":[47751.47],"donor_country":["Norway"],"donor_country_id":["NOR"],"donor_expend":[0.0],"donor_id":["187"],"donor_name":["GOVERNMENT OF NORWAY"],"donor_short":["NOR"],"donor_type":["NON_PROGRAMME COUNTRY"],"donor_type_id":["NON_PROGCTY"],"expenditure":[0.0,-0.01],"fiscal_year":["2011","2010"],"focus_area":"1","focus_area_descr":"Poverty reduction & MDG achievement","gender_descr":"Some Contribution","gender_id":"GEN1","output_descr":"Strengthening Social and Poverty Statistics in the Department of Statistics (DOS)","output_id":"13192","output_title":"Social Statistics at DOS"}],"project_descr":"Strengthening social and poverty statistics in Jordan","project_id":"13192","project_title":"Strengthening Social and Poverty Statistics in DOS","region_id":"RBAS","region_name":"Reg Bur for Arab States","start":"2001-07-01","subnational":[{"lat":"31","lon":"36","precision":"9","scope":"4","type":"1"}]}