{"document_name":[],"end":"2011-12-31","fiscal_year":["2011","2010"],"inst_descr":"","inst_id":" ","inst_type_descr":"","inst_type_id":"","operating_unit":"Jordan","operating_unit_id":"JOR","outputs":[{"award_id":"13194","budget":[957.57,0],"crs":"41010","crs_descr":"Environmental policy and administrative management","donor_budget":[957.57,0.0],"donor_country":["MULTI-LATERAL AGENCY","Finland"],"donor_country_id":["MULTI_AGY","FIN"],"donor_expend":[0.44,229.72],"donor_id":["12","110"],"donor_name":["UNITED NATIONS DEVELOPMENT PROGRAMME","GOVERNMENT OF FINLAND"],"donor_short":["UNDP","FIN"],"donor_type":["MULTI-LATERAL AGENCY","NON_PROGRAMME COUNTRY"],"donor_type_id":["MULTI_AGY","NON_PROGCTY"],"expenditure":[230.16,1890.54],"fiscal_year":["2011","2010"],"focus_area":"4","focus_area_descr":"Environment & sustainable development","gender_descr":"No Contribution","gender_id":"GEN0","output_descr":"Establishment of a National Strategy and an Action Plan to Combating Desertification in Jordan.","output_id":"13194","output_title":"Combating Desertification"}],"project_descr":"Establishment of a National Strategy and an Action Plan to Combating Desertification in Jordan.","project_id":"13194","project_title":"Combating Desertification","region_id":"RBAS","region_name":"Reg Bur for Arab States","start":"2001-08-01","subnational":[{"lat":"31","lon":"36","precision":"9","scope":"4","type":"1"}]}