{"document_name":[],"end":"2012-12-31","fiscal_year":["2012"],"inst_descr":"","inst_id":" ","inst_type_descr":"","inst_type_id":"","operating_unit":"Jordan","operating_unit_id":"JOR","outputs":[{"award_id":"13203","budget":[627.44],"crs":"15110","crs_descr":"Economic and development policy/planning","donor_budget":[313.72,313.72],"donor_country":["MULTI-LATERAL AGENCY","Jordan"],"donor_country_id":["MULTI_AGY","JOR"],"donor_expend":[0.0,313.7],"donor_id":["12","140"],"donor_name":["UNITED NATIONS DEVELOPMENT PROGRAMME","GOVERNMENT OF JORDAN"],"donor_short":["UNDP","JOR"],"donor_type":["MULTI-LATERAL AGENCY","PROGRAMME COUNTRY"],"donor_type_id":["MULTI_AGY","PROGCTY"],"expenditure":[313.7],"fiscal_year":["2012"],"focus_area":"1","focus_area_descr":"Poverty reduction & MDG achievement","gender_descr":"Some Contribution","gender_id":"GEN1","output_descr":"Support to Business for Micro and Small Enterprises - Phase II","output_id":"13203","output_title":"Support to Business Training"}],"project_descr":"Support to Business for Micro and Small Enterprises - Phase II","project_id":"13203","project_title":"Support to Business Training for SMEs-PhaseII","region_id":"RBAS","region_name":"Reg Bur for Arab States","start":"2003-07-15","subnational":[]}