{"document_name":[],"end":"2011-12-31","fiscal_year":["2011","2010","2012","2013"],"inst_descr":"","inst_id":" ","inst_type_descr":"","inst_type_id":"","operating_unit":"Jordan","operating_unit_id":"JOR","outputs":[{"award_id":"13208","budget":[119.12,3657.13,20000.0,0],"crs":"99810","crs_descr":"Sectors Not Specified","donor_budget":[20033.33,0.0,2.0,0.0,89.86,3651.06],"donor_country":["Republic of Korea","Norway","United Kingdom","United Kingdom","Sweden","MULTI-LATERAL AGENCY"],"donor_country_id":["KOR","NOR","GBR","GBR","SWE","MULTI_AGY"],"donor_expend":[20000.0,0.0,0.0,0.01,0.01,115.13],"donor_id":["204","187","248","551","555","10159"],"donor_name":["GOVERNMENT OF REPUBLIC OF KOREA","GOVERNMENT OF NORWAY","GOVERNMENT OF UNITED KINGDOM","DEPARTMENT FOR INTERNATIONAL DEVELOPMENT","SWEDISH INTERNATIONAL DEVELOPMENT COOPER","EUCOMM"],"donor_short":["ROK","NOR","UKM","DFID","SIDA","EUCOMM"],"donor_type":["NON_PROGRAMME COUNTRY","NON_PROGRAMME COUNTRY","NON_PROGRAMME COUNTRY","NON_PROGRAMME COUNTRY","NON_PROGRAMME COUNTRY","MULTI-LATERAL AGENCY"],"donor_type_id":["NON_PROGCTY","NON_PROGCTY","NON_PROGCTY","NON_PROGCTY","NON_PROGCTY","MULTI_AGY"],"expenditure":[115.13,0.02,20000.0,183163.81],"fiscal_year":["2013","2012","2011","2010"],"focus_area":"-","focus_area_descr":"-","gender_descr":"No Contribution","gender_id":"GEN0","output_descr":"Support to the National Committee for Demining & Rehabilitation in Jordan.","output_id":"13208","output_title":"Mine Action"}],"project_descr":"Support to the National Committee for Demining & Rehabiliation in Jordan","project_id":"13208","project_title":"Support for the National Committee for Demining & Rehab","region_id":"RBAS","region_name":"Reg Bur for Arab States","start":"2003-08-01","subnational":[{"lat":"31","lon":"36","precision":"9","scope":"4","type":"1"}]}