{"document_name":[],"end":"2012-12-31","fiscal_year":["2011","2010","2012","2013"],"inst_descr":"","inst_id":" ","inst_type_descr":"","inst_type_id":"","operating_unit":"Jordan","operating_unit_id":"JOR","outputs":[{"award_id":"13202","budget":[527897.5,634074.33,722564.0,0],"crs":"15120","crs_descr":"Public sector financial management","donor_budget":[278239.0,1606296.83],"donor_country":["MULTI-LATERAL AGENCY","Jordan"],"donor_country_id":["MULTI_AGY","JOR"],"donor_expend":[222440.38,1253515.12],"donor_id":["12","140"],"donor_name":["UNITED NATIONS DEVELOPMENT PROGRAMME","GOVERNMENT OF JORDAN"],"donor_short":["UNDP","JOR"],"donor_type":["MULTI-LATERAL AGENCY","PROGRAMME COUNTRY"],"donor_type_id":["MULTI_AGY","PROGCTY"],"expenditure":[196770.23,632963.93,646221.34,227906.14],"fiscal_year":["2013","2012","2011","2010"],"focus_area":"2","focus_area_descr":"Democratic governance","gender_descr":"Some Contribution","gender_id":"GEN1","output_descr":"Capacity Development to implement an effective decentralized nationwide property tax  system developed;  up to date accurate data compiled ; and revenue at the lowest levels","output_id":"75608","output_title":"Property Tax Management Phase2"},{"award_id":"13202","budget":[101.0],"crs":"15140","crs_descr":"Government administration","donor_budget":[101.0],"donor_country":["MULTI-LATERAL AGENCY"],"donor_country_id":["MULTI_AGY"],"donor_expend":[101.0],"donor_id":["12"],"donor_name":["UNITED NATIONS DEVELOPMENT PROGRAMME"],"donor_short":["UNDP"],"donor_type":["MULTI-LATERAL AGENCY"],"donor_type_id":["MULTI_AGY"],"expenditure":[101.0],"fiscal_year":["2012"],"focus_area":"2","focus_area_descr":"Democratic governance","gender_descr":"Some Contribution","gender_id":"GEN1","output_descr":"Building and Strengthening the Capacity  for Improved Property Tax Management and Collection in Jordan.","output_id":"13202","output_title":"Improved Property Tax Mgmt"}],"project_descr":"Building and Strengthening the Capacity for Improved Propert Tax Management and Collection in Jordan","project_id":"13202","project_title":"Building the Capacity of Property Tax Management","region_id":"RBAS","region_name":"Reg Bur for Arab States","start":"2003-04-01","subnational":[{"lat":"31.95522","lon":"35.94503","precision":"3","scope":"4","type":"2"}]}