{"document_name":[],"end":"2011-12-31","fiscal_year":["2011","2010"],"inst_descr":"","inst_id":" ","inst_type_descr":"","inst_type_id":"","operating_unit":"Kazakhstan","operating_unit_id":"KAZ","outputs":[{"award_id":"13215","budget":[711473.0,0],"crs":"41010","crs_descr":"Environmental policy and administrative management","donor_budget":[711473.0],"donor_country":["MULTI-LATERAL AGENCY"],"donor_country_id":["MULTI_AGY"],"donor_expend":[707755.78],"donor_id":["10003"],"donor_name":["Global Environment Fund Trustee"],"donor_short":["GEFTrustee"],"donor_type":["MULTI-LATERAL AGENCY"],"donor_type_id":["MULTI_AGY"],"expenditure":[707755.78,1484237.12],"fiscal_year":["2011","2010"],"focus_area":"4","focus_area_descr":"Environment & sustainable development","gender_descr":"Some Contribution","gender_id":"GEN1","output_descr":"Integrated conservation of priority clobal significant migratory wetlands habitat:demonstration on 3 sites","output_id":"13215","output_title":"Wetlands conservation"}],"project_descr":"Integrated conservation of priority clobal significant migratory wetlands habitat:demonstration on 3 sites","project_id":"13215","project_title":"Wetlands Conservation","region_id":"RBEC","region_name":"Reg Bur for Europe & CIS","start":"2003-05-01","subnational":[]}