{"document_name":[],"end":"2012-12-31","fiscal_year":["2012"],"inst_descr":"","inst_id":" ","inst_type_descr":"","inst_type_id":"","operating_unit":"Kenya","operating_unit_id":"KEN","outputs":[{"award_id":"13239","budget":[24361.0],"crs":"41010","crs_descr":"Environmental policy and administrative management","donor_budget":[24361.0],"donor_country":["MULTI-LATERAL AGENCY"],"donor_country_id":["MULTI_AGY"],"donor_expend":[0.0],"donor_id":["12"],"donor_name":["UNITED NATIONS DEVELOPMENT PROGRAMME"],"donor_short":["UNDP"],"donor_type":["MULTI-LATERAL AGENCY"],"donor_type_id":["MULTI_AGY"],"expenditure":[0.0],"fiscal_year":["2012"],"focus_area":"4","focus_area_descr":"Environment & sustainable development","gender_descr":"Some Contribution","gender_id":"GEN1","output_descr":"REDUCING BIODIVERSITY LOSS AT CROSS BORDER SITES IN EAST AFRICA","output_id":"13239","output_title":"41KEN97G31 Biodiversity"}],"project_descr":"REDUCING BIODIVERSITY LOSS AT CROSS BORDER SITES IN EAST AFRICA","project_id":"13239","project_title":"41KEN97G31 - Reducing Biodiversity","region_id":"RBA","region_name":"Reg Bureau for Africa","start":"1997-03-12","subnational":[]}