{"document_name":[],"end":"2011-12-31","fiscal_year":["2011","2010"],"inst_descr":"","inst_id":" ","inst_type_descr":"","inst_type_id":"","operating_unit":"Kenya","operating_unit_id":"KEN","outputs":[{"award_id":"13247","budget":[63.01,0],"crs":"99810","crs_descr":"Sectors Not Specified","donor_budget":[2.0,56.0,2.0,0.01,3.0],"donor_country":["MULTI-LATERAL AGENCY","MULTI-LATERAL AGENCY","Kenya","MULTI-LATERAL AGENCY","MULTI-LATERAL AGENCY"],"donor_country_id":["MULTI_AGY","MULTI_AGY","KEN","MULTI_AGY","MULTI_AGY"],"donor_expend":[0.0,0.0,-2.1,0.0,-2.62],"donor_id":["6","12","143","297","1839"],"donor_name":["WORLD HEALTH ORGANIZATION","UNITED NATIONS DEVELOPMENT PROGRAMME","GOVERNMENT OF KENYA","UNAIDS","BYE-WORLD HEALTH ORGANIZATION"],"donor_short":["WHO","UNDP","KEN","UNAIDS","WHO"],"donor_type":["MULTI-LATERAL AGENCY","MULTI-LATERAL AGENCY","PROGRAMME COUNTRY","MULTI-LATERAL AGENCY","MULTI-LATERAL AGENCY"],"donor_type_id":["MULTI_AGY","MULTI_AGY","PROGCTY","MULTI_AGY","MULTI_AGY"],"expenditure":[-4.72,160.37],"fiscal_year":["2011","2010"],"focus_area":"3","focus_area_descr":"Crisis prevention & recovery","gender_descr":"Some Contribution","gender_id":"GEN1","output_descr":"HIV/AIDS AND DEVELOPMENT  PROJECT","output_id":"13247","output_title":"31KEN99001 HIV/AIDS  NACC"}],"project_descr":"HIV/AIDS AND DEVELOPMENT  PROJECT","project_id":"13247","project_title":"31KEN99001 - HIV/AIDS Project","region_id":"RBA","region_name":"Reg Bureau for Africa","start":"2000-04-01","subnational":[{"lat":"1","lon":"38","precision":"9","scope":"4","type":"1"}]}