{"document_name":[],"end":"2011-12-31","fiscal_year":["2011","2010"],"inst_descr":"","inst_id":" ","inst_type_descr":"","inst_type_id":"","operating_unit":"Kenya","operating_unit_id":"KEN","outputs":[{"award_id":"13243","budget":[1.0,0],"crs":"25010","crs_descr":"Business support services and institutions","donor_budget":[1.0,0.0],"donor_country":["MULTI-LATERAL AGENCY","Denmark"],"donor_country_id":["MULTI_AGY","DNK"],"donor_expend":[-3.76,-0.91],"donor_id":["12","95"],"donor_name":["UNITED NATIONS DEVELOPMENT PROGRAMME","GOVERNMENT OF DENMARK"],"donor_short":["UNDP","DEN"],"donor_type":["MULTI-LATERAL AGENCY","NON_PROGRAMME COUNTRY"],"donor_type_id":["MULTI_AGY","NON_PROGCTY"],"expenditure":[-4.67,149.67],"fiscal_year":["2011","2010"],"focus_area":"1","focus_area_descr":"Poverty reduction & MDG achievement","gender_descr":"Some Contribution","gender_id":"GEN1","output_descr":"GOOD GOVERNANCE FOR POVERTY ERADICATION","output_id":"13243","output_title":"21KEN99100 Good Governance"}],"project_descr":"Project supporting the Government of Kenya on on Good Governance towards Poverty Eradication","project_id":"13243","project_title":"21KEN99100 - Good Governance","region_id":"RBA","region_name":"Reg Bureau for Africa","start":"1999-01-01","subnational":[{"lat":"1","lon":"38","precision":"9","scope":"4","type":"1"}]}