{"document_name":[],"end":"2006-03-31","fiscal_year":["2012"],"inst_descr":"","inst_id":" ","inst_type_descr":"","inst_type_id":"","operating_unit":"Kosovo","operating_unit_id":"KOS","outputs":[{"award_id":"13264","budget":[0.0],"crs":"99810","crs_descr":"Sectors Not Specified","donor_budget":[0.0],"donor_country":["Netherlands"],"donor_country_id":["NLD"],"donor_expend":[0.01],"donor_id":["182"],"donor_name":["GOVERNMENT OF NETHERLANDS"],"donor_short":["NET"],"donor_type":["NON_PROGRAMME COUNTRY"],"donor_type_id":["NON_PROGCTY"],"expenditure":[0.01],"fiscal_year":["2012"],"focus_area":"-","focus_area_descr":"-","gender_descr":"No Contribution","gender_id":"GEN0","output_descr":"Value Based Leadership Training Project","output_id":"13264","output_title":"VBL"}],"project_descr":"Value Based Leadership Training Project","project_id":"13264","project_title":"VBL","region_id":"RBEC","region_name":"Reg Bur for Europe & CIS","start":"2003-01-01","subnational":[]}