{"document_name":[],"end":"2011-12-31","fiscal_year":["2011"],"inst_descr":"","inst_id":" ","inst_type_descr":"","inst_type_id":"","operating_unit":"Kyrgyzstan","operating_unit_id":"KGZ","outputs":[{"award_id":"13298","budget":[724.0],"crs":"41010","crs_descr":"Environmental policy and administrative management","donor_budget":[723.0,1.0],"donor_country":["MULTI-LATERAL AGENCY","MULTI-LATERAL AGENCY"],"donor_country_id":["MULTI_AGY","MULTI_AGY"],"donor_expend":[722.65,-722.65],"donor_id":["12","10003"],"donor_name":["UNITED NATIONS DEVELOPMENT PROGRAMME","Global Environment Fund Trustee"],"donor_short":["UNDP","GEFTrustee"],"donor_type":["MULTI-LATERAL AGENCY","MULTI-LATERAL AGENCY"],"donor_type_id":["MULTI_AGY","MULTI_AGY"],"expenditure":[0.0],"fiscal_year":["2011"],"focus_area":"4","focus_area_descr":"Environment & sustainable development","gender_descr":"Some Contribution","gender_id":"GEN1","output_descr":"National Capacity Self-Assessment for Global Environment Management in Kyrgyzstan","output_id":"13298","output_title":"NATIONAL CAPACITY SELF-ASSESSM"}],"project_descr":"National Capacity Self-Assessment for Global Environment Management in Kyrgyzstan","project_id":"13298","project_title":"National capacity self-assesment","region_id":"RBEC","region_name":"Reg Bur for Europe & CIS","start":"2003-09-01","subnational":[{"lat":"42.87","lon":"74.59","precision":"3","scope":"1","type":"1"}]}