{"document_name":[],"end":"2004-12-31","fiscal_year":["2011"],"inst_descr":"","inst_id":" ","inst_type_descr":"","inst_type_id":"","operating_unit":"Kyrgyzstan","operating_unit_id":"KGZ","outputs":[{"award_id":"13294","budget":[13207.0],"crs":"41010","crs_descr":"Environmental policy and administrative management","donor_budget":[13206.0,1.0],"donor_country":["MULTI-LATERAL AGENCY","MULTI-LATERAL AGENCY"],"donor_country_id":["MULTI_AGY","MULTI_AGY"],"donor_expend":[13205.91,-13205.91],"donor_id":["12","10003"],"donor_name":["UNITED NATIONS DEVELOPMENT PROGRAMME","Global Environment Fund Trustee"],"donor_short":["UNDP","GEFTrustee"],"donor_type":["MULTI-LATERAL AGENCY","MULTI-LATERAL AGENCY"],"donor_type_id":["MULTI_AGY","MULTI_AGY"],"expenditure":[0.0],"fiscal_year":["2011"],"focus_area":"4","focus_area_descr":"Environment & sustainable development","gender_descr":"Some Contribution","gender_id":"GEN1","output_descr":"Enabling the Kyrgyz Republic to prepare its first National Communication in responce to its commitments to the UNFCCC","output_id":"13294","output_title":"ENABLING ACTIVITY IN CLIMATE C"}],"project_descr":"Enabling the Kyrgyz Republic to prepare its first National Communication in responce to its commitments to the UNFCCC.","project_id":"13294","project_title":"FIRST NATIONAL COMMUNICATION ON CLIMATE CHANGE","region_id":"RBEC","region_name":"Reg Bur for Europe & CIS","start":"2003-01-01","subnational":[{"lat":"42.87","lon":"74.59","precision":"3","scope":"1","type":"2"},{"lat":"42.87","lon":"74.59","precision":"3","scope":"3","type":"2"},{"lat":"42.87","lon":"74.59","precision":"3","scope":"3","type":"2"}]}