{"document_name":[],"end":"2007-12-31","fiscal_year":["2011"],"inst_descr":"","inst_id":" ","inst_type_descr":"","inst_type_id":"","operating_unit":"Lao People's Democratic Republ","operating_unit_id":"LAO","outputs":[{"award_id":"13305","budget":[0.0],"crs":"41010","crs_descr":"Environmental policy and administrative management","donor_budget":[0.0],"donor_country":["MULTI-LATERAL AGENCY"],"donor_country_id":["MULTI_AGY"],"donor_expend":[-27.0],"donor_id":["12"],"donor_name":["UNITED NATIONS DEVELOPMENT PROGRAMME"],"donor_short":["UNDP"],"donor_type":["MULTI-LATERAL AGENCY"],"donor_type_id":["MULTI_AGY"],"expenditure":[-27.0],"fiscal_year":["2011"],"focus_area":"4","focus_area_descr":"Environment & sustainable development","gender_descr":"-","gender_id":"-","output_descr":"Support to inter-ministerial working group on environment","output_id":"13305","output_title":"STENO (NORAD TRUST FUND)"}],"project_descr":"STRENGTHENING ENVIRONMENTAL LEGISLATION","project_id":"13305","project_title":"STENO (NORAD TRUST FUND)","region_id":"RBAP","region_name":"Reg Bureau for Asia & Pacific","start":"1995-11-01","subnational":[]}