{"document_name":[],"end":"2008-06-3","fiscal_year":["2012"],"inst_descr":"","inst_id":" ","inst_type_descr":"","inst_type_id":"","operating_unit":"Lao People's Democratic Republ","operating_unit_id":"LAO","outputs":[{"award_id":"13315","budget":[0.0],"crs":"99810","crs_descr":"Sectors Not Specified","donor_budget":[0.0],"donor_country":["MULTI-LATERAL AGENCY"],"donor_country_id":["MULTI_AGY"],"donor_expend":[0.0],"donor_id":["12"],"donor_name":["UNITED NATIONS DEVELOPMENT PROGRAMME"],"donor_short":["UNDP"],"donor_type":["MULTI-LATERAL AGENCY"],"donor_type_id":["MULTI_AGY"],"expenditure":[0.0],"fiscal_year":["2012"],"focus_area":"-","focus_area_descr":"-","gender_descr":"-","gender_id":"-","output_descr":"SUPPORT FOR LAO PDR'S INTEGRATION INTO THE INTERNATIONAL TRADE SYSTEM","output_id":"13315","output_title":"Int. Trade System (WTO Access)"}],"project_descr":"SUPPORT FOR LAO PDR'S INTEGRATION INTO THE INTERNATIONAL TRADE SYSTEM","project_id":"13315","project_title":"INTERNATIONAL TRADE SYSTEM","region_id":"RBAP","region_name":"Reg Bureau for Asia & Pacific","start":"1999-11-01","subnational":[]}