{"document_name":[],"end":"2012-12-31","fiscal_year":["2011","2010","2012","2013"],"inst_descr":"","inst_id":" ","inst_type_descr":"","inst_type_id":"","operating_unit":"Lao People's Democratic Republ","operating_unit_id":"LAO","outputs":[{"award_id":"13337","budget":[0.0,0],"crs":"99810","crs_descr":"Sectors Not Specified","donor_budget":[0.0],"donor_country":["Laos"],"donor_country_id":["LAO"],"donor_expend":[-3.05],"donor_id":["147"],"donor_name":["GOVERNMENT OF LAO PEOPLE'S DEMOCRATIC RE"],"donor_short":["LAO"],"donor_type":["PROGRAMME COUNTRY"],"donor_type_id":["PROGCTY"],"expenditure":[-3.05,275474.14],"fiscal_year":["2011","2010"],"focus_area":"3","focus_area_descr":"Crisis prevention & recovery","gender_descr":"Some Contribution","gender_id":"GEN1","output_descr":"Japan ASEAN Integration Fund (JAIF) support to the UXO Lao Programme","output_id":"57710","output_title":"Japan-Asean Support to UXO Lao"},{"award_id":"13337","budget":[9403.0,247310.17,0],"crs":"15210","crs_descr":"Security system management and reform","donor_budget":[256713.17],"donor_country":["Laos"],"donor_country_id":["LAO"],"donor_expend":[195860.1],"donor_id":["147"],"donor_name":["GOVERNMENT OF LAO PEOPLE'S DEMOCRATIC RE"],"donor_short":["LAO"],"donor_type":["PROGRAMME COUNTRY"],"donor_type_id":["PROGCTY"],"expenditure":[0.0,195860.1,598508.84],"fiscal_year":["2012","2011","2010"],"focus_area":"3","focus_area_descr":"Crisis prevention & recovery","gender_descr":"Some Contribution","gender_id":"GEN1","output_descr":"Japan's Grant Assistance for Grassroots Human Security Project (GGP) to support the Lao National Unexploded Ordnance Programme (UXO Lao) operations in Saravan and Sekong Provinces","output_id":"51499","output_title":"Japanese contribution to UXO"},{"award_id":"13337","budget":[7783.0,0],"crs":"15210","crs_descr":"Security system management and reform","donor_budget":[7783.0],"donor_country":["United Kingdom"],"donor_country_id":["GBR"],"donor_expend":[7783.0],"donor_id":["551"],"donor_name":["DEPARTMENT FOR INTERNATIONAL DEVELOPMENT"],"donor_short":["DFID"],"donor_type":["NON_PROGRAMME COUNTRY"],"donor_type_id":["NON_PROGCTY"],"expenditure":[7783.0,199481.0],"fiscal_year":["2012","2010"],"focus_area":"3","focus_area_descr":"Crisis prevention & recovery","gender_descr":"Some Contribution","gender_id":"GEN1","output_descr":"Bureau for Crisis Prevention and Recovery (BCPR) to the UXO Programme in the Lao PDR (Crisis Prevention and Recovery Thematic Trust Fund)","output_id":"13338","output_title":"UXO Lao Programme (CPR TTF)"},{"award_id":"13337","budget":[0.0,4382500.62,4151461.86,0],"crs":"15210","crs_descr":"Security system management and reform","donor_budget":[559908.79,2335725.52,0.0,698457.6699999999,878265.17,260034.75,106507.64,1310216.77,828193.1199999999,218456.33000000002,314.63,1032882.89,233468.44,71530.76],"donor_country":["MULTI-LATERAL AGENCY","Australia","France","Germany","Ireland","Luxembourg","Norway","New Zealand","Switzerland","MULTI-LATERAL AGENCY","United Kingdom","Canada","Japan","Belgium"],"donor_country_id":["MULTI_AGY","AUS","FRA","DEU","IRL","LUX","NOR","NZL","CHE","MULTI_AGY","GBR","CAN","JPN","BEL"],"donor_expend":[488516.64999999997,2315104.37,16.49,696707.99,894428.38,250214.15,66404.90000000001,1309946.58,704118.44,217317.07,314.63,1029865.52,177147.62,0.0],"donor_id":["12","55","112","117","134","155","187","188","232","296","551","10281","10736","61"],"donor_name":["UNITED NATIONS DEVELOPMENT PROGRAMME","GOVERNMENT OF AUSTRALIA","GOVERNMENT OF France","GOVERNMENT OF GERMANY","GOVERNMENT OF IRELAND","GOVERNMENT OF LUXEMBOURG","GOVERNMENT OF NORWAY","GOVERNMENT OF NEW ZEALAND","GOVERNMENT OF SWITZERLAND","UNITED NATIONS","DEPARTMENT FOR INT'L DEVELOPMENT (DFID)","DEPT OF FOR AFF & INTL TRADE GOV CANADA","JAPAN MINE ACTION SERVICE","GOVERNMENT OF BELGIUM"],"donor_short":["UNDP","AUL","FRA","GER","IRE","LUX","NOR","NZE","SWI","UN","DFID","DFAIT","JMAS","BEL"],"donor_type":["MULTI-LATERAL AGENCY","NON_PROGRAMME COUNTRY","NON_PROGRAMME COUNTRY","NON_PROGRAMME COUNTRY","NON_PROGRAMME COUNTRY","NON_PROGRAMME COUNTRY","NON_PROGRAMME COUNTRY","NON_PROGRAMME COUNTRY","NON_PROGRAMME COUNTRY","MULTI-LATERAL AGENCY","NON_PROGRAMME COUNTRY","NON_PROGRAMME COUNTRY","NON_PROGRAMME COUNTRY","NON_PROGRAMME COUNTRY"],"donor_type_id":["MULTI_AGY","NON_PROGCTY","NON_PROGCTY","NON_PROGCTY","NON_PROGCTY","NON_PROGCTY","NON_PROGCTY","NON_PROGCTY","NON_PROGCTY","MULTI_AGY","NON_PROGCTY","NON_PROGCTY","NON_PROGCTY","NON_PROGCTY"],"expenditure":[0.0,4293782.57,3856320.22,3398020.79],"fiscal_year":["2013","2012","2011","2010"],"focus_area":"3","focus_area_descr":"Crisis prevention & recovery","gender_descr":"Some Contribution","gender_id":"GEN1","output_descr":"Support to Unexploded Ordnance Lao programme for effective programme management and operations","output_id":"13337","output_title":"UXO Lao Programme"}],"project_descr":"UNDP technical support on Unexploded Ordnance operations, programme management, resource mobilization and aid effectiveness, and financial management to strengthen the project institutional and human resources capacity","project_id":"13337","project_title":"Support to Unexploded Ordnance Lao Programme","region_id":"RBAP","region_name":"Reg Bureau for Asia & Pacific","start":"2003-06-01","subnational":[{"lat":"17.96667","lon":"102.6","precision":"3","scope":"2","type":"2"},{"lat":"17.96667","lon":"102.6","precision":"3","scope":"2","type":"2"},{"lat":"17.96667","lon":"102.6","precision":"3","scope":"2","type":"2"},{"lat":"17.96667","lon":"102.6","precision":"3","scope":"2","type":"2"},{"lat":"17.96667","lon":"102.6","precision":"3","scope":"2","type":"2"},{"lat":"17.96667","lon":"102.6","precision":"3","scope":"2","type":"2"},{"lat":"17.96667","lon":"102.6","precision":"3","scope":"2","type":"2"},{"lat":"17.96667","lon":"102.6","precision":"3","scope":"2","type":"2"},{"lat":"17.96667","lon":"102.6","precision":"3","scope":"4","type":"1"}]}