{"document_name":[],"end":"2011-12-31","fiscal_year":["2011","2010","2012","2013"],"inst_descr":"Parlement Libanais","inst_id":"1841","inst_type_descr":"Gov Counterpart Institution","inst_type_id":"GOV","operating_unit":"Lebanon","operating_unit_id":"LBN","outputs":[{"award_id":"13378","budget":[114.19,924.47,40362.0,0],"crs":"15140","crs_descr":"Government administration","donor_budget":[77.0,633.0,25244.47,12385.19,2967.0,94.0],"donor_country":["MULTI-LATERAL AGENCY","Belgium","France","MULTI-LATERAL AGENCY","Lebanon","OTHERS"],"donor_country_id":["MULTI_AGY","BEL","FRA","MULTI_AGY","LBN","OTH"],"donor_expend":[26.99,766.5,24345.17,11563.630000000001,2965.2,91.35],"donor_id":["12","61","112","559","1572","10171"],"donor_name":["UNITED NATIONS DEVELOPMENT PROGRAMME","GOVERNMENT OF BELGIUM","GOVERNMENT OF France","OFFICE OF THE HIGH COMMISSIONER FOR HR","LEB-PARLEMENT LIBANAIS","CENTRE PARLMENTAIRE CANADIEN"],"donor_short":["UNDP","BEL","FRA","OHCHR","PARLEMENT","CPC"],"donor_type":["MULTI-LATERAL AGENCY","NON_PROGRAMME COUNTRY","NON_PROGRAMME COUNTRY","MULTI-LATERAL AGENCY","PROGRAMME COUNTRY","PRIVATE SECTOR"],"donor_type_id":["MULTI_AGY","NON_PROGCTY","NON_PROGCTY","MULTI_AGY","PROGCTY","PRIV"],"expenditure":[178.9,603.5,38976.44,186423.13],"fiscal_year":["2013","2012","2011","2010"],"focus_area":"2","focus_area_descr":"Democratic governance","gender_descr":"Significant Objective","gender_id":"GEN2","output_descr":"provide support to the sturcture of the Lebanese Parliament","output_id":"13378","output_title":"Support Parliament structure"}],"project_descr":"RENFORCEMENT DE STRUCTURES DU PARLEMENT LIBANAIS","project_id":"13378","project_title":"support  the structure of the Lebanese Parliament","region_id":"RBAS","region_name":"Reg Bur for Arab States","start":"1999-09-01","subnational":[{"lat":"33.88894","lon":"35.49442","precision":"3","scope":"3","type":"2"}]}