{"document_name":[],"end":"2012-12-31","fiscal_year":["2011","2010","2012","2013"],"inst_descr":"","inst_id":" ","inst_type_descr":"","inst_type_id":"","operating_unit":"Lebanon","operating_unit_id":"LBN","outputs":[{"award_id":"13371","budget":[26939.66,99288.99,70085.0,0],"crs":"41010","crs_descr":"Environmental policy and administrative management","donor_budget":[196313.65],"donor_country":["Finland"],"donor_country_id":["FIN"],"donor_expend":[131945.49000000002],"donor_id":["110"],"donor_name":["GOVERNMENT OF FINLAND"],"donor_short":["FIN"],"donor_type":["NON_PROGRAMME COUNTRY"],"donor_type_id":["NON_PROGCTY"],"expenditure":[21637.13,72349.32,37959.04,10799.27],"fiscal_year":["2013","2012","2011","2010"],"focus_area":"4","focus_area_descr":"Environment & sustainable development","gender_descr":"Significant Objective","gender_id":"GEN2","output_descr":"Promotion of Innovative Trade Initiatives Promoted to Increase Market Opportunities for Dryland Products","output_id":"49964","output_title":"Enhancing Market Access"},{"award_id":"13371","budget":[1158.0,34236.0,0],"crs":"41010","crs_descr":"Environmental policy and administrative management","donor_budget":[35394.0],"donor_country":["OTHERS"],"donor_country_id":["OTH"],"donor_expend":[8694.17],"donor_id":["10517"],"donor_name":["GLOBAL MECHANISM"],"donor_short":["LEB-GM"],"donor_type":["PRIVATE SECTOR"],"donor_type_id":["PRIV"],"expenditure":[1116.17,7578.0,-238.0],"fiscal_year":["2012","2011","2010"],"focus_area":"4","focus_area_descr":"Environment & sustainable development","gender_descr":"No Contribution","gender_id":"GEN0","output_descr":"Development of a financing strategy for UNCCD implementation - agreement no. GM2-046","output_id":"47447","output_title":"UNCCD Financing Strategy"}],"project_descr":"ESTABLISHING AND IMPLEMENTING A NATIONAL ACTION PROGRAMME TO COMBAT DESERTIFICATION IN LEBANON","project_id":"13371","project_title":"Rural Dryland Development through UNCCD implementation","region_id":"RBAS","region_name":"Reg Bur for Arab States","start":"1998-01-01","subnational":[{"lat":"34.53333","lon":"36.16667","precision":"3","scope":"3","type":"2"},{"lat":"34.53333","lon":"36.16667","precision":"3","scope":"3","type":"2"},{"lat":"34.53333","lon":"36.16667","precision":"3","scope":"3","type":"2"},{"lat":"34.53333","lon":"36.16667","precision":"3","scope":"3","type":"2"},{"lat":"34.53333","lon":"36.16667","precision":"3","scope":"3","type":"2"},{"lat":"34.53333","lon":"36.16667","precision":"3","scope":"3","type":"2"},{"lat":"34.53333","lon":"36.16667","precision":"3","scope":"3","type":"2"},{"lat":"34.53333","lon":"36.16667","precision":"3","scope":"3","type":"2"},{"lat":"34.53333","lon":"36.16667","precision":"3","scope":"3","type":"2"},{"lat":"34.53333","lon":"36.16667","precision":"3","scope":"3","type":"2"}]}