{"document_name":[],"end":"2012-03-31","fiscal_year":["2011","2010","2012","2013"],"inst_descr":"National Execution","inst_id":"1838","inst_type_descr":"Gov Counterpart Institution","inst_type_id":"GOV","operating_unit":"Lebanon","operating_unit_id":"LBN","outputs":[{"award_id":"13388","budget":[8193.1,17970.0,1930000.7,0],"crs":"15140","crs_descr":"Government administration","donor_budget":[76043.0,1880120.8],"donor_country":["MULTI-LATERAL AGENCY","Lebanon"],"donor_country_id":["MULTI_AGY","LBN"],"donor_expend":[76043.0,1691233.4900000002],"donor_id":["12","1528"],"donor_name":["UNITED NATIONS DEVELOPMENT PROGRAMME","LEB-OFFICE OF THE MINISTER OF"],"donor_short":["UNDP","OMSAR"],"donor_type":["MULTI-LATERAL AGENCY","PROGRAMME COUNTRY"],"donor_type_id":["MULTI_AGY","PROGCTY"],"expenditure":[8193.1,17615.62,1741467.77,1931300.96],"fiscal_year":["2013","2012","2011","2010"],"focus_area":"2","focus_area_descr":"Democratic governance","gender_descr":"Some Contribution","gender_id":"GEN1","output_descr":"Provide support to the Civil Sector Reform","output_id":"13388","output_title":"Support to Civil Sector Reform"}],"project_descr":"Support to Civil Sector Reform: Enhancing Policy-Making and Management Capacity","project_id":"13388","project_title":"Provide Support to Administrative reform","region_id":"RBAS","region_name":"Reg Bur for Arab States","start":"2003-02-01","subnational":[{"lat":"33.88894","lon":"35.49442","precision":"9","scope":"4","type":"1"}]}