{"document_name":[],"end":"2011-06-3","fiscal_year":["2011","2010"],"inst_descr":"","inst_id":" ","inst_type_descr":"","inst_type_id":"","operating_unit":"Lebanon","operating_unit_id":"LBN","outputs":[{"award_id":"13380","budget":[4949.0,0],"crs":"99810","crs_descr":"Sectors Not Specified","donor_budget":[4949.0],"donor_country":["OTHERS"],"donor_country_id":["OTH"],"donor_expend":[4948.37],"donor_id":["745"],"donor_name":["LEB-COUNCIL FOR DEVELOPMENT &"],"donor_short":["CDR"],"donor_type":["PRIVATE SECTOR"],"donor_type_id":["PRIV"],"expenditure":[4948.37,104400.52],"fiscal_year":["2011","2010"],"focus_area":"-","focus_area_descr":"-","gender_descr":"Significant Objective","gender_id":"GEN2","output_descr":"Poverty reduction in Akkar Region.","output_id":"13380","output_title":"Regional Development in Akkar"}],"project_descr":"Support to the Regional Development of Akkar","project_id":"13380","project_title":"Regional Development in Akkar","region_id":"RBAS","region_name":"Reg Bur for Arab States","start":"2002-02-01","subnational":[{"lat":"34.54278","lon":"36.07972","precision":"3","scope":"3","type":"2"},{"lat":"34.54278","lon":"36.07972","precision":"3","scope":"3","type":"2"},{"lat":"34.54278","lon":"36.07972","precision":"3","scope":"3","type":"2"}]}