{"document_name":[],"end":"2011-09-22","fiscal_year":["2011","2010","2012"],"inst_descr":"","inst_id":" ","inst_type_descr":"","inst_type_id":"","operating_unit":"Lebanon","operating_unit_id":"LBN","outputs":[{"award_id":"13385","budget":[9122.0,654356.0,0],"crs":"41010","crs_descr":"Environmental policy and administrative management","donor_budget":[196816.0,55575.0,4890.0,406197.0],"donor_country":["Lebanon","OTHERS","Lebanon","MULTI-LATERAL AGENCY"],"donor_country_id":["LBN","OTH","LBN","MULTI_AGY"],"donor_expend":[187888.0,55532.81,4695.83,405473.46],"donor_id":["149","311","1308","10003"],"donor_name":["GOVERNMENT OF LEBANON","PRIVATE SECTOR","LEB-MINISTRY OF ENERGY & WATER","Global Environment Fund Trustee"],"donor_short":["LEB","PRIVSECT","MEW","GEFTrustee"],"donor_type":["PROGRAMME COUNTRY","PRIVATE SECTOR","PROGRAMME COUNTRY","MULTI-LATERAL AGENCY"],"donor_type_id":["PROGCTY","PRIV","PROGCTY","MULTI_AGY"],"expenditure":[9121.11,644468.99,44905.92],"fiscal_year":["2012","2011","2010"],"focus_area":"4","focus_area_descr":"Environment & sustainable development","gender_descr":"No Contribution","gender_id":"GEN0","output_descr":"PIMS 1188 CC5 FSP: Lebanon-Cross Sectoral Energy Efficiencies and Removal of Barriers to ESCO Operation - LCECP (Lebanese Center for Energy Conservation  Project)","output_id":"13385","output_title":"Center for Energy Conservation"}],"project_descr":"Lebanon-Cross Sectoral Energy Efficiencies and Removal of Barriers to ESCO Operation","project_id":"13385","project_title":"PIMS 1188: LCECP","region_id":"RBAS","region_name":"Reg Bur for Arab States","start":"2001-09-01","subnational":[{"lat":"33.88894","lon":"35.49442","precision":"9","scope":"4","type":"1"}]}