{"document_name":[],"end":"2011-12-31","fiscal_year":["2011","2010","2012"],"inst_descr":"Ministry of Economy and Trade","inst_id":"1833","inst_type_descr":"Gov Counterpart Institution","inst_type_id":"GOV","operating_unit":"Lebanon","operating_unit_id":"LBN","outputs":[{"award_id":"13381","budget":[7300.0,74812.0,0],"crs":"15161","crs_descr":"Elections","donor_budget":[2442.0,79670.0],"donor_country":["OTHERS","Lebanon"],"donor_country_id":["OTH","LBN"],"donor_expend":[739.51,76663.47],"donor_id":["311","1402"],"donor_name":["PRIVATE SECTOR","LEB-MINISTRY OF ECONOMY & TRAD"],"donor_short":["PRIVSECT","MOET"],"donor_type":["PRIVATE SECTOR","PROGRAMME COUNTRY"],"donor_type_id":["PRIV","PROGCTY"],"expenditure":[7289.33,70113.65,815915.93],"fiscal_year":["2012","2011","2010"],"focus_area":"2","focus_area_descr":"Democratic governance","gender_descr":"Some Contribution","gender_id":"GEN1","output_descr":"Institutional  Assistance for Economic Policy and Trade","output_id":"13381","output_title":"Support to the Ministry of Eco"}],"project_descr":"Institutional  Assistance for Economic Policy and Trade","project_id":"13381","project_title":"Support to the Ministry of Economy and Trade","region_id":"RBAS","region_name":"Reg Bur for Arab States","start":"2001-02-01","subnational":[{"lat":"33.88894","lon":"35.49442","precision":"3","scope":"3","type":"2"}]}