{"document_name":[],"end":"2011-06-3","fiscal_year":["2011","2010","2012","2013"],"inst_descr":"","inst_id":" ","inst_type_descr":"","inst_type_id":"","operating_unit":"Lebanon","operating_unit_id":"LBN","outputs":[{"award_id":"13387","budget":[517.68,1869.69,74421.0,0],"crs":"15110","crs_descr":"Economic and development policy/planning","donor_budget":[76808.37],"donor_country":["MULTI-LATERAL AGENCY"],"donor_country_id":["MULTI_AGY"],"donor_expend":[68435.86],"donor_id":["11033"],"donor_name":["LEBANON RECOVERY FUND"],"donor_short":["LRF"],"donor_type":["MULTI-LATERAL AGENCY"],"donor_type_id":["MULTI_AGY"],"expenditure":[517.68,1868.96,66049.22,96450.77],"fiscal_year":["2013","2012","2011","2010"],"focus_area":"1","focus_area_descr":"Poverty reduction & MDG achievement","gender_descr":"Some Contribution","gender_id":"GEN1","output_descr":"Elaboration of a national social development policy, strategy and implementation plan, in addition to decreased duplication in delivery of social services between public agencies and enhance the coordination of local development initiatives.","output_id":"58325","output_title":"Support to the Social IMC"},{"award_id":"13387","budget":[45208.0,0],"crs":"15110","crs_descr":"Economic and development policy/planning","donor_budget":[45208.0],"donor_country":["Lebanon"],"donor_country_id":["LBN"],"donor_expend":[26005.46],"donor_id":["1424"],"donor_name":["LEB-MINISTRY OF SOCIAL AFFAIRS"],"donor_short":["MOSA"],"donor_type":["PROGRAMME COUNTRY"],"donor_type_id":["PROGCTY"],"expenditure":[26005.46,154567.15],"fiscal_year":["2011","2010"],"focus_area":"1","focus_area_descr":"Poverty reduction & MDG achievement","gender_descr":"Significant Objective","gender_id":"GEN2","output_descr":"National Programme for Improving Living Conditions: BUILDING CAPACITY FOR POVERTY REDUCTION","output_id":"13387","output_title":"CAPACITY BUILDING FOR POVERTY"}],"project_descr":"National Programme for Improving Living Conditions: BUILDING CAPACITY FOR POVERTY REDUCTION","project_id":"13387","project_title":"CAPACITY BUILDING FOR POVERTY REDUCTION","region_id":"RBAS","region_name":"Reg Bur for Arab States","start":"2002-05-01","subnational":[{"lat":"33.88894","lon":"35.49442","precision":"9","scope":"4","type":"1"},{"lat":"33.88894","lon":"35.49442","precision":"9","scope":"4","type":"1"}]}