{"document_name":[],"end":"2011-12-31","fiscal_year":["2011","2010"],"inst_descr":"Ministry Of Finance","inst_id":"1834","inst_type_descr":"Gov Counterpart Institution","inst_type_id":"GOV","operating_unit":"Lebanon","operating_unit_id":"LBN","outputs":[{"award_id":"13397","budget":[182258.0,0],"crs":"15161","crs_descr":"Elections","donor_budget":[182258.0],"donor_country":["Lebanon"],"donor_country_id":["LBN"],"donor_expend":[165012.95],"donor_id":["1405"],"donor_name":["LEB-MINISTRY OF FINANCE"],"donor_short":["MOF"],"donor_type":["PROGRAMME COUNTRY"],"donor_type_id":["PROGCTY"],"expenditure":[165012.95,1900361.72],"fiscal_year":["2011","2010"],"focus_area":"2","focus_area_descr":"Democratic governance","gender_descr":"Some Contribution","gender_id":"GEN1","output_descr":"Provide Capacity Development for Fiscal Reform and Management at the MInistry of Finance (MOF)","output_id":"13397","output_title":"Support to Ministry of Finance"}],"project_descr":"Capacity Development for Fiscal Reform and Management","project_id":"13397","project_title":"Provide support to the Ministry of Finance","region_id":"RBAS","region_name":"Reg Bur for Arab States","start":"2003-02-01","subnational":[{"lat":"33.88894","lon":"35.49442","precision":"9","scope":"4","type":"1"}]}