{"document_name":[],"end":"2012-03-31","fiscal_year":["2011","2010","2012","2013"],"inst_descr":"Prime Minister Office","inst_id":"1842","inst_type_descr":"Gov Counterpart Institution","inst_type_id":"GOV","operating_unit":"Lebanon","operating_unit_id":"LBN","outputs":[{"award_id":"13393","budget":[94672.0,263419.0],"crs":"15140","crs_descr":"Government administration","donor_budget":[232355.0,125736.0],"donor_country":["MULTI-LATERAL AGENCY","Lebanon"],"donor_country_id":["MULTI_AGY","LBN"],"donor_expend":[160000.0,112269.61],"donor_id":["12","1593"],"donor_name":["UNITED NATIONS DEVELOPMENT PROGRAMME","LEB-PRIME MINISTER OFFICE"],"donor_short":["UNDP","PMO"],"donor_type":["MULTI-LATERAL AGENCY","PROGRAMME COUNTRY"],"donor_type_id":["MULTI_AGY","PROGCTY"],"expenditure":[88698.36,183571.25],"fiscal_year":["2012","2011"],"focus_area":"2","focus_area_descr":"Democratic governance","gender_descr":"Some Contribution","gender_id":"GEN1","output_descr":"Implementation Mechanism for the National e-Strategy of Lebanon","output_id":"74383","output_title":"Develop an e-strategy plan"},{"award_id":"13393","budget":[719.73,5250.0,1250000.0,0],"crs":"15161","crs_descr":"Elections","donor_budget":[1255969.73],"donor_country":["Lebanon"],"donor_country_id":["LBN"],"donor_expend":[1077634.7799999998],"donor_id":["1593"],"donor_name":["LEB-PRIME MINISTER OFFICE"],"donor_short":["PMO"],"donor_type":["PROGRAMME COUNTRY"],"donor_type_id":["PROGCTY"],"expenditure":[719.73,716.89,1076198.16,1150893.08],"fiscal_year":["2013","2012","2011","2010"],"focus_area":"2","focus_area_descr":"Democratic governance","gender_descr":"Some Contribution","gender_id":"GEN1","output_descr":"Support to Decision Making at the Prime Minister Office (PMO)","output_id":"13393","output_title":"Support Prime Minister Office"}],"project_descr":"Enhancing Decision-Making Capacities in the Offices of the Prime Minister","project_id":"13393","project_title":"Support to Prime Minister Office","region_id":"RBAS","region_name":"Reg Bur for Arab States","start":"2003-01-01","subnational":[{"lat":"33.88894","lon":"35.49442","precision":"3","scope":"3","type":"2"},{"lat":"33.88894","lon":"35.49442","precision":"3","scope":"3","type":"2"}]}