{"document_name":[],"end":"2010-12-31","fiscal_year":["2011","2010","2012"],"inst_descr":"National Demining Office","inst_id":"1837","inst_type_descr":"Gov Counterpart Institution","inst_type_id":"GOV","operating_unit":"Lebanon","operating_unit_id":"LBN","outputs":[{"award_id":"13399","budget":[14000.0,14125.0,0],"crs":"15210","crs_descr":"Security system management and reform","donor_budget":[10518.0,7001.0,10606.0],"donor_country":["Norway","MULTI-LATERAL AGENCY","United Kingdom"],"donor_country_id":["NOR","MULTI_AGY","GBR"],"donor_expend":[0.0,-8969.3,6181.93],"donor_id":["187","280","551"],"donor_name":["GOVERNMENT OF NORWAY","EUROPEAN UNION","DEPARTMENT FOR INT'L DEVELOPMENT (DFID)"],"donor_short":["NOR","EU","DFID"],"donor_type":["NON_PROGRAMME COUNTRY","MULTI-LATERAL AGENCY","NON_PROGRAMME COUNTRY"],"donor_type_id":["NON_PROGCTY","MULTI_AGY","NON_PROGCTY"],"expenditure":[0.0,-2787.37,720967.53],"fiscal_year":["2012","2011","2010"],"focus_area":"3","focus_area_descr":"Crisis prevention & recovery","gender_descr":"Some Contribution","gender_id":"GEN1","output_descr":"Capacity Building for Mine Action Assistance","output_id":"13399","output_title":"Support to National Demining"}],"project_descr":"Capacity Building for Mine Action Assistance","project_id":"13399","project_title":"Capacity Building for the Lebanon Mine Action Center","region_id":"RBAS","region_name":"Reg Bur for Arab States","start":"2003-06-01","subnational":[{"lat":"33.88894","lon":"35.49442","precision":"9","scope":"4","type":"1"}]}