{"document_name":[],"end":"2011-12-31","fiscal_year":["2011","2010"],"inst_descr":"","inst_id":" ","inst_type_descr":"","inst_type_id":"","operating_unit":"Lesotho","operating_unit_id":"LSO","outputs":[{"award_id":"13402","budget":[8810.52,0],"crs":"41010","crs_descr":"Environmental policy and administrative management","donor_budget":[449.93,8360.59],"donor_country":["MULTI-LATERAL AGENCY","Lesotho"],"donor_country_id":["MULTI_AGY","LSO"],"donor_expend":[0.0,8360.59],"donor_id":["12","150"],"donor_name":["UNITED NATIONS DEVELOPMENT PROGRAMME","GOVERNMENT OF LESOTHO"],"donor_short":["UNDP","LES"],"donor_type":["MULTI-LATERAL AGENCY","PROGRAMME COUNTRY"],"donor_type_id":["MULTI_AGY","PROGCTY"],"expenditure":[8360.59,-472.37],"fiscal_year":["2011","2010"],"focus_area":"4","focus_area_descr":"Environment & sustainable development","gender_descr":"No Contribution","gender_id":"GEN0","output_descr":"The project provides a response to address the issues and priorities related to poverty-environment nexus through better conservation and protection of country\u2019s natural resources and improved environmental management.","output_id":"13402","output_title":"ENVIRONMENTAL MANAGEMENT"}],"project_descr":"The project provides a response to address the issues and priorities related to poverty-environment nexus through better conservation and protection of country\u2019s natural resources and improved environmental management.","project_id":"13402","project_title":"ENVIRONMENTAL MANAGEMENT","region_id":"RBA","region_name":"Reg Bureau for Africa","start":"2001-01-01","subnational":[{"lat":"-29.5","lon":"28.25","precision":"9","scope":"4","type":"1"}]}