{"document_name":[],"end":"2005-09-3","fiscal_year":["2011"],"inst_descr":"","inst_id":" ","inst_type_descr":"","inst_type_id":"","operating_unit":"Lebanon","operating_unit_id":"LBN","outputs":[{"award_id":"13400","budget":[96148.26],"crs":"99810","crs_descr":"Sectors Not Specified","donor_budget":[48074.13,48074.13],"donor_country":["MULTI-LATERAL AGENCY","MULTI-LATERAL AGENCY"],"donor_country_id":["MULTI_AGY","MULTI_AGY"],"donor_expend":[-50477.84,50477.84],"donor_id":["12","280"],"donor_name":["UNITED NATIONS DEVELOPMENT PROGRAMME","EUROPEAN UNION"],"donor_short":["UNDP","EU"],"donor_type":["MULTI-LATERAL AGENCY","MULTI-LATERAL AGENCY"],"donor_type_id":["MULTI_AGY","MULTI_AGY"],"expenditure":[0.0],"fiscal_year":["2011"],"focus_area":"-","focus_area_descr":"-","gender_descr":"No Contribution","gender_id":"GEN0","output_descr":"Technical Assistance to Reinforce Governance in Environmental Tasks","output_id":"13400","output_title":"TARGET"}],"project_descr":"Technical Assistance to Reinforce Governance in Environmental Tasks","project_id":"13400","project_title":"TARGET","region_id":"RBAS","region_name":"Reg Bur for Arab States","start":"2003-10-01","subnational":[{"lat":"33.88894","lon":"35.49442","precision":"9","scope":"4","type":"1"}]}