{"document_name":[],"end":"2012-12-31","fiscal_year":["2012"],"inst_descr":"","inst_id":" ","inst_type_descr":"","inst_type_id":"","operating_unit":"Lesotho","operating_unit_id":"LSO","outputs":[{"award_id":"13401","budget":[19256.39],"crs":"99810","crs_descr":"Sectors Not Specified","donor_budget":[19255.39,1.0],"donor_country":["MULTI-LATERAL AGENCY","MULTI-LATERAL AGENCY"],"donor_country_id":["MULTI_AGY","MULTI_AGY"],"donor_expend":[19255.39,-19255.39],"donor_id":["12","10003"],"donor_name":["UNITED NATIONS DEVELOPMENT PROGRAMME","GEFTrustee"],"donor_short":["UNDP","GEFTrustee"],"donor_type":["MULTI-LATERAL AGENCY","MULTI-LATERAL AGENCY"],"donor_type_id":["MULTI_AGY","MULTI_AGY"],"expenditure":[0.0],"fiscal_year":["2012"],"focus_area":"-","focus_area_descr":"-","gender_descr":"Some Contribution","gender_id":"GEN1","output_descr":"CONSERVING MOUNTAIN BIODIVERSITY IN LESOTHO","output_id":"13401","output_title":"MOUNTAIN BIODIVERSITY IN LESOT"}],"project_descr":"CONSERVING MOUNTAIN BIODIVERSITY IN LESOTHO","project_id":"13401","project_title":"MOUNTAIN BIODIVERSITY IN LESOTHO","region_id":"RBA","region_name":"Reg Bureau for Africa","start":"1997-01-01","subnational":[]}