{"document_name":[],"end":"2010-12-3","fiscal_year":["2011","2010","2012"],"inst_descr":"","inst_id":" ","inst_type_descr":"","inst_type_id":"","operating_unit":"Libya","operating_unit_id":"LBY","outputs":[{"award_id":"13417","budget":[0.0,962185.0,0],"crs":"99810","crs_descr":"Sectors Not Specified","donor_budget":[0.0,962185.0],"donor_country":["Antigua and Barbuda","Libyan Arab Jamahiriya"],"donor_country_id":["ANT","LBY"],"donor_expend":[-3.98,-72.02],"donor_id":["51","151"],"donor_name":["GOVERNMENT OF ANTIGUA AND BARBUDA","GOVERNMENT OF LIBYA"],"donor_short":["ANT","Libya"],"donor_type":["PROGRAMME COUNTRY","PROGRAMME COUNTRY"],"donor_type_id":["PROGCTY","PROGCTY"],"expenditure":[0.0,-76.0,73771.0],"fiscal_year":["2012","2011","2010"],"focus_area":"1","focus_area_descr":"Poverty reduction & MDG achievement","gender_descr":"Some Contribution","gender_id":"GEN1","output_descr":"DEVELOPMENT OF SPECIALIZED SCHOOLS AND TECHNICAL EDUCATION","output_id":"13417","output_title":"SPECIALIZED SCHOOLS"}],"project_descr":"SUPPORT AND DEVELOPMENT OF SPECIALIZED SCHOOLS AND TECHNICAL EDUCATION","project_id":"13417","project_title":"DEVELOPMENT OF SPECIALIZED SCHOOLS","region_id":"RBAS","region_name":"Reg Bur for Arab States","start":"2004-01-01","subnational":[{"lat":"28","lon":"17","precision":"9","scope":"4","type":"1"}]}