{"document_name":[],"end":"2012-12-31","fiscal_year":["2011","2010","2012","2013"],"inst_descr":"","inst_id":" ","inst_type_descr":"","inst_type_id":"","operating_unit":"Libya","operating_unit_id":"LBY","outputs":[{"award_id":"13421","budget":[771636.0,50000.0,180000.0,0],"crs":"99810","crs_descr":"Sectors Not Specified","donor_budget":[1001636.0],"donor_country":["Libyan Arab Jamahiriya"],"donor_country_id":["LBY"],"donor_expend":[229249.55],"donor_id":["151"],"donor_name":["GOVERNMENT OF LIBYA"],"donor_short":["Libya"],"donor_type":["PROGRAMME COUNTRY"],"donor_type_id":["PROGCTY"],"expenditure":[20884.42,33176.13,175189.0,8562.5],"fiscal_year":["2013","2012","2011","2010"],"focus_area":"-","focus_area_descr":"-","gender_descr":"Some Contribution","gender_id":"GEN1","output_descr":"MODERNIZING THE LIBYAN METEOROLOGICAL CENTRE.","output_id":"13421","output_title":"METEOROLOGY MODERNISATION"}],"project_descr":"Modernizing and Upgrading the  Metrological Services of the Great  Socialist  People's Libyan Arab Jamahiriyah.","project_id":"13421","project_title":"Modernizing  the Libyan Metrological Services","region_id":"RBAS","region_name":"Reg Bur for Arab States","start":"2000-07-01","subnational":[{"lat":"28","lon":"17","precision":"9","scope":"4","type":"1"}]}