{"document_name":[],"end":"2011-12-31","fiscal_year":["2011","2010","2012"],"inst_descr":"","inst_id":" ","inst_type_descr":"","inst_type_id":"","operating_unit":"Liberia","operating_unit_id":"LBR","outputs":[{"award_id":"13428","budget":[141148.0,27842.4,0],"crs":"99810","crs_descr":"Sectors Not Specified","donor_budget":[139490.4,29500.0],"donor_country":["MULTI-LATERAL AGENCY","MULTI-LATERAL AGENCY"],"donor_country_id":["MULTI_AGY","MULTI_AGY"],"donor_expend":[15216.279999999999,31565.0],"donor_id":["17","12"],"donor_name":["AFRICAN DEVELOPMENT BANK","UNITED NATIONS DEVELOPMENT PROGRAMME"],"donor_short":["ADB","UNDP"],"donor_type":["MULTI-LATERAL AGENCY","MULTI-LATERAL AGENCY"],"donor_type_id":["MULTI_AGY","MULTI_AGY"],"expenditure":[139840.88,-93059.6,262606.93],"fiscal_year":["2012","2011","2010"],"focus_area":"1","focus_area_descr":"Poverty reduction & MDG achievement","gender_descr":"No Contribution","gender_id":"GEN0","output_descr":"AFRICAN DEVELOPMENT BANK SUPPORTED EMERGENCY ASSISTANCE PROGRAMME FOR THE HEALTH SECTOR IN LIBERIA","output_id":"13428","output_title":"EMERGENCY  ASSISTANCE PROGRAMM"}],"project_descr":"AFRICAN DEVELOPMENT BANK SUPPORTED EMERGENCY ASSISTANCE PROGRAMME FOR THE HEALTH SECTOR IN LIBERIA","project_id":"13428","project_title":"EMERGENCY ASSISTANCE PROGRAMME FOR HEALTH","region_id":"RBA","region_name":"Reg Bureau for Africa","start":"2011-01-01","subnational":[{"lat":"6.5","lon":"-9.5","precision":"9","scope":"4","type":"1"}]}