{"document_name":[],"end":"2012-12-31","fiscal_year":["2011","2010","2012"],"inst_descr":"","inst_id":" ","inst_type_descr":"","inst_type_id":"","operating_unit":"Libya","operating_unit_id":"LBY","outputs":[{"award_id":"13422","budget":[1000.0,160001.0,0],"crs":"41010","crs_descr":"Environmental policy and administrative management","donor_budget":[161001.0],"donor_country":["Libyan Arab Jamahiriya"],"donor_country_id":["LBY"],"donor_expend":[63036.91],"donor_id":["151"],"donor_name":["GOVERNMENT OF LIBYA"],"donor_short":["Libya"],"donor_type":["PROGRAMME COUNTRY"],"donor_type_id":["PROGCTY"],"expenditure":[-597.88,63634.79,254177.08],"fiscal_year":["2012","2011","2010"],"focus_area":"4","focus_area_descr":"Environment & sustainable development","gender_descr":"No Contribution","gender_id":"GEN0","output_descr":"This revision is issued to extend this project for one year till 31.12.2009. Taking into account that UNDP did not receive any notification from the national counterpart to close the project (Mapping of Natural Resources project# LIB/00/004) by the end o","output_id":"13422","output_title":"MAPPING OF NATURAL RESOURCES"}],"project_descr":"Mapping of Natural Resources for Agricultural Use and Planning.","project_id":"13422","project_title":"Mapping of Natural Resources for Agriculture","region_id":"RBAS","region_name":"Reg Bur for Arab States","start":"2000-10-01","subnational":[{"lat":"28","lon":"17","precision":"9","scope":"4","type":"1"}]}