{"document_name":[],"end":"2010-12-31","fiscal_year":["2012"],"inst_descr":"","inst_id":" ","inst_type_descr":"","inst_type_id":"","operating_unit":"Liberia","operating_unit_id":"LBR","outputs":[{"award_id":"13431","budget":[759.0,0],"crs":"99810","crs_descr":"Sectors Not Specified","donor_budget":[759.0],"donor_country":["OTHERS"],"donor_country_id":["OTH"],"donor_expend":[759.0],"donor_id":["10783"],"donor_name":["MILLENNIUM VILLAGES INTERNATIONAL, FUNDS FOR THE MILLENNIUM PROMISE VILLAGES PROJECT(\"MV2s\"), INITIATED IN PARTNERSHIP WITH COLUMBIA UNIVERSITY'S EARTH INSTITUTE, THE UN MILLENNIUM PRIJECT AND UNDP. FUNDS ARE PROVIDED BY INFIVIDUAL PRIVATE DONORS VIA MILLENNIUM VILLAGES INTERNATIONAL. MILLENNIUM VILLAGES INTERNATIONAL IS THE EXECUTING AGENT FOR THIS PROJECT."],"donor_short":["MP"],"donor_type":["PRIVATE SECTOR"],"donor_type_id":["PRIV"],"expenditure":[759.0,2586.5],"fiscal_year":["2012","2010"],"focus_area":"1","focus_area_descr":"Poverty reduction & MDG achievement","gender_descr":"No Contribution","gender_id":"GEN0","output_descr":"Capacity Building and Promotion of Awareness to Prevent the spread of HIV/AIDS and Fight Stigma and Discrimination","output_id":"13431","output_title":"HIV/AIDS Prevention"}],"project_descr":"Capacity Building and Promotion of Awareness to Prevent the spread of HIV/AIDS and Fight Stigma and Discrimination","project_id":"13431","project_title":"HIV/AIDS Prevention","region_id":"RBA","region_name":"Reg Bureau for Africa","start":"2003-03-01","subnational":[]}