{"document_name":[],"end":"2010-12-31","fiscal_year":["2012"],"inst_descr":"","inst_id":" ","inst_type_descr":"","inst_type_id":"","operating_unit":"Malaysia","operating_unit_id":"MYS","outputs":[{"award_id":"13470","budget":[0.0,0],"crs":"41010","crs_descr":"Environmental policy and administrative management","donor_budget":[0.0],"donor_country":["MULTI-LATERAL AGENCY"],"donor_country_id":["MULTI_AGY"],"donor_expend":[0.0],"donor_id":["12"],"donor_name":["UNITED NATIONS DEVELOPMENT PROGRAMME"],"donor_short":["UNDP"],"donor_type":["MULTI-LATERAL AGENCY"],"donor_type_id":["MULTI_AGY"],"expenditure":[0.0,25030.74],"fiscal_year":["2012","2010"],"focus_area":"4","focus_area_descr":"Environment & sustainable development","gender_descr":"No Contribution","gender_id":"GEN0","output_descr":"MALAYSIAN INDUSTRIAL ENERGY EFFICIENCY IMPROVEMENT PROJECT","output_id":"13470","output_title":"E&E : PIMS752 CC FSP: MIEEIP"}],"project_descr":"MALAYSIAN INDUSTRIAL ENERGY EFFICIENCY IMPROVEMENT PROJECT","project_id":"13470","project_title":"E&E: PIMS 752 CC FSP: Industrial Energy Efficiency Proj","region_id":"RBAP","region_name":"Reg Bureau for Asia & Pacific","start":"1999-06-3","subnational":[]}