{"document_name":[],"end":"2011-12-31","fiscal_year":["2011","2012"],"inst_descr":"National Execution","inst_id":"1933","inst_type_descr":"Gov Counterpart Institution","inst_type_id":"GOV","operating_unit":"Malaysia","operating_unit_id":"MYS","outputs":[{"award_id":"13477","budget":[0.0,4814.0],"crs":"41010","crs_descr":"Environmental policy and administrative management","donor_budget":[2407.0,2407.0,0.0],"donor_country":["Malaysia","MULTI-LATERAL AGENCY","MULTI-LATERAL AGENCY"],"donor_country_id":["MYS","MULTI_AGY","MULTI_AGY"],"donor_expend":[2407.0,-2407.0,0.0],"donor_id":["157","10003","12"],"donor_name":["GOVERNMENT OF MALAYSIA","Global Environment Fund Trustee","UNITED NATIONS DEVELOPMENT PROGRAMME"],"donor_short":["MYS","GEFTrustee","UNDP"],"donor_type":["PROGRAMME COUNTRY","MULTI-LATERAL AGENCY","MULTI-LATERAL AGENCY"],"donor_type_id":["PROGCTY","MULTI_AGY","MULTI_AGY"],"expenditure":[0.0,0.0],"fiscal_year":["2012","2011"],"focus_area":"4","focus_area_descr":"Environment & sustainable development","gender_descr":"No Contribution","gender_id":"GEN0","output_descr":"CONSERVATION AND SUSTAINABLE USE OF TROPICAL PEAT SWAMP FORESTS AND ASSOCIATED WETLAND ECOSYSTEMS","output_id":"13477","output_title":"E&E: Peat Swamp Forest Project"}],"project_descr":"CONSERVATION AND SUSTAINABLE USE OF TROPICAL PEAT SWAMP FORESTS AND ASSOCIATED WETLAND ECOSYSTEMS","project_id":"13477","project_title":"E&E: Peat Swamp Forest Project","region_id":"RBAP","region_name":"Reg Bureau for Asia & Pacific","start":"2001-05-31","subnational":[{"lat":"4.854","lon":"115.424","precision":"1","scope":"3","type":"2"},{"lat":"4.854","lon":"115.424","precision":"1","scope":"3","type":"2"},{"lat":"4.854","lon":"115.424","precision":"1","scope":"3","type":"2"}]}