{"document_name":[],"end":"2011-12-31","fiscal_year":["2011","2010"],"inst_descr":"National Execution","inst_id":"1933","inst_type_descr":"Gov Counterpart Institution","inst_type_id":"GOV","operating_unit":"Malaysia","operating_unit_id":"MYS","outputs":[{"award_id":"13474","budget":[65000.0,0],"crs":"15110","crs_descr":"Economic and development policy/planning","donor_budget":[45000.0,20000.0],"donor_country":["MULTI-LATERAL AGENCY","Malaysia"],"donor_country_id":["MULTI_AGY","MYS"],"donor_expend":[41800.86,19188.85],"donor_id":["12","157"],"donor_name":["UNITED NATIONS DEVELOPMENT PROGRAMME","GOVERNMENT OF MALAYSIA"],"donor_short":["UNDP","MYS"],"donor_type":["MULTI-LATERAL AGENCY","PROGRAMME COUNTRY"],"donor_type_id":["MULTI_AGY","PROGCTY"],"expenditure":[60989.71,197635.24],"fiscal_year":["2011","2010"],"focus_area":"1","focus_area_descr":"Poverty reduction & MDG achievement","gender_descr":"Some Contribution","gender_id":"GEN1","output_descr":"DEVELOPMENT SUPPORT PROGRAMME (ATLAS migration 2004)","output_id":"13474","output_title":"Development Support Programme"}],"project_descr":"DEVELOPMENT SUPPORT PROGRAMME","project_id":"13474","project_title":"Support for Development Programme","region_id":"RBAP","region_name":"Reg Bureau for Asia & Pacific","start":"1999-01-01","subnational":[]}