{"document_name":[],"end":"2010-12-31","fiscal_year":["2011","2010","2012"],"inst_descr":"National Execution","inst_id":"1933","inst_type_descr":"Gov Counterpart Institution","inst_type_id":"GOV","operating_unit":"Malaysia","operating_unit_id":"MYS","outputs":[{"award_id":"13487","budget":[0.0,18180.0,0],"crs":"41010","crs_descr":"Environmental policy and administrative management","donor_budget":[18180.0,0.0],"donor_country":["MULTI-LATERAL AGENCY","MULTI-LATERAL AGENCY"],"donor_country_id":["MULTI_AGY","MULTI_AGY"],"donor_expend":[17959.31,0.0],"donor_id":["10003","12"],"donor_name":["Global Environment Fund Trustee","UNITED NATIONS DEVELOPMENT PROGRAMME"],"donor_short":["GEFTrustee","UNDP"],"donor_type":["MULTI-LATERAL AGENCY","MULTI-LATERAL AGENCY"],"donor_type_id":["MULTI_AGY","MULTI_AGY"],"expenditure":[0.0,17959.31,23312.51],"fiscal_year":["2012","2011","2010"],"focus_area":"4","focus_area_descr":"Environment & sustainable development","gender_descr":"No Contribution","gender_id":"GEN0","output_descr":"Biomass-based Power Generation and Cogeneration in the Malaysian Palm Oil Industry (Phase 1)","output_id":"13487","output_title":"E&E : PIMS 1030 Biomass"}],"project_descr":"Biomass-based Power Generation and Cogeneration in the Malaysian Palm Oil Industry (Phase 1)","project_id":"13487","project_title":"E&E: PIMS 1030 CC FSP: Biomass Power Generation Phase 1","region_id":"RBAP","region_name":"Reg Bureau for Asia & Pacific","start":"2002-06-02","subnational":[{"lat":"2.5","lon":"112.5","precision":"9","scope":"4","type":"2"}]}