{"document_name":[],"end":"2013-02-28","fiscal_year":["2013"],"inst_descr":"","inst_id":" ","inst_type_descr":"","inst_type_id":"","operating_unit":"Mauritius","operating_unit_id":"MUS","outputs":[{"award_id":"13507","budget":[1.0],"crs":"99810","crs_descr":"Sectors Not Specified","donor_budget":[1.0],"donor_country":["MULTI-LATERAL AGENCY"],"donor_country_id":["MULTI_AGY"],"donor_expend":[-0.01],"donor_id":["10003"],"donor_name":["GEFTrustee"],"donor_short":["GEFTrustee"],"donor_type":["MULTI-LATERAL AGENCY"],"donor_type_id":["MULTI_AGY"],"expenditure":[-0.01],"fiscal_year":["2013"],"focus_area":"-","focus_area_descr":"-","gender_descr":"No Contribution","gender_id":"GEN0","output_descr":"Enabling Activities for the Stockholm Convention on Persistent Organic Pollutants (POPs): Preparation of the National Implementation Plan for Mauritius.","output_id":"13507","output_title":"NIP for POPS Enabling Activiti"}],"project_descr":"Enabling Activities for the Stockholm Convention on Persistent Organic Pollutants (POPs): National Implementation Plan","project_id":"13507","project_title":"PIMS - 2587- EA - POPS National Implementation Plan","region_id":"RBA","region_name":"Reg Bureau for Africa","start":"2002-11-28","subnational":[]}