{"document_name":[],"end":"2012-12-31","fiscal_year":["2011","2012","2013"],"inst_descr":"UNDP","inst_id":"99999","inst_type_descr":"","inst_type_id":"","operating_unit":"Seychelles","operating_unit_id":"SYC","outputs":[{"award_id":"13509","budget":[161.0,1.0,0.0],"crs":"99810","crs_descr":"Sectors Not Specified","donor_budget":[0.0,162.0],"donor_country":["MULTI-LATERAL AGENCY","MULTI-LATERAL AGENCY"],"donor_country_id":["MULTI_AGY","MULTI_AGY"],"donor_expend":[0.5099999999999998,-100.0],"donor_id":["12","10003"],"donor_name":["UNITED NATIONS DEVELOPMENT PROGRAMME","GEFTrustee"],"donor_short":["UNDP","GEFTrustee"],"donor_type":["MULTI-LATERAL AGENCY","MULTI-LATERAL AGENCY"],"donor_type_id":["MULTI_AGY","MULTI_AGY"],"expenditure":[-100.0,5.85,-5.34],"fiscal_year":["2013","2012","2011"],"focus_area":"-","focus_area_descr":"-","gender_descr":"No Contribution","gender_id":"GEN0","output_descr":"National Capacity Self-Assesment for Global Environment Management (NCSA) in Seychelles.","output_id":"13509","output_title":"NCSA"}],"project_descr":"National Capacity Self-Assesment for Global Environment Management (NCSA)","project_id":"13509","project_title":"National Capacity Self Assessment in Seychelles","region_id":"RBA","region_name":"Reg Bureau for Africa","start":"2003-09-3","subnational":[{"lat":"-4.58333","lon":"55.66667","precision":"9","scope":"4","type":"1"},{"lat":"-4.58333","lon":"55.66667","precision":"9","scope":"4","type":"1"}]}