{"document_name":[],"end":"2011-12-31","fiscal_year":["2011"],"inst_descr":"","inst_id":" ","inst_type_descr":"","inst_type_id":"","operating_unit":"Mauritania","operating_unit_id":"MRT","outputs":[{"award_id":"13519","budget":[3874.0],"crs":"15210","crs_descr":"Security system management and reform","donor_budget":[427.0,3444.0,3.0],"donor_country":["MULTI-LATERAL AGENCY","Mauritania","Slovak Republic"],"donor_country_id":["MULTI_AGY","MRT","SVK"],"donor_expend":[0.0,0.0,0.0],"donor_id":["12","162","216"],"donor_name":["UNITED NATIONS DEVELOPMENT PROGRAMME","GOVERNMENT OF MAURITANIA","GOVERNMENT OF SLOVAK REPUBLIC"],"donor_short":["UNDP","MAU","SLO"],"donor_type":["MULTI-LATERAL AGENCY","PROGRAMME COUNTRY","PROGRAMME COUNTRY"],"donor_type_id":["MULTI_AGY","PROGCTY","PROGCTY"],"expenditure":[0.0],"fiscal_year":["2011"],"focus_area":"3","focus_area_descr":"Crisis prevention & recovery","gender_descr":"Some Contribution","gender_id":"GEN1","output_descr":"APPUI A LA MISE EN OEUVRE DU PROGRAMME NATIONAL DE BONNE GOUVERNANCE 2003/2005","output_id":"13519","output_title":"Appui \u00e0 la Bonne Gouvernance"}],"project_descr":"Appui au Programme National de Bonne Gouvernance 2003/2005","project_id":"13519","project_title":"Appui au Programme National de Bonne Gouvernance","region_id":"RBA","region_name":"Reg Bureau for Africa","start":"2003-04-01","subnational":[{"lat":"20","lon":"-12","precision":"9","scope":"4","type":"1"}]}