{"document_name":[],"end":"2006-12-31","fiscal_year":["2011"],"inst_descr":"","inst_id":" ","inst_type_descr":"","inst_type_id":"","operating_unit":"Mauritania","operating_unit_id":"MRT","outputs":[{"award_id":"13513","budget":[405.49],"crs":"99810","crs_descr":"Sectors Not Specified","donor_budget":[405.49],"donor_country":["MULTI-LATERAL AGENCY"],"donor_country_id":["MULTI_AGY"],"donor_expend":[0.0],"donor_id":["264"],"donor_name":["ARAB GULF PROGRAMME FOR UN DEV. ORG."],"donor_short":["AGFUND"],"donor_type":["MULTI-LATERAL AGENCY"],"donor_type_id":["MULTI_AGY"],"expenditure":[0.0],"fiscal_year":["2011"],"focus_area":"-","focus_area_descr":"-","gender_descr":"No Contribution","gender_id":"GEN0","output_descr":"Conception et promotion d'une charte de la qualit\u00e9 pour une meilleure gestion des MPE - projet pilote dans le secteur","output_id":"13513","output_title":"qualit\u00e9 et MPE du BTP"}],"project_descr":"Conception et promotion d'une charte de la qualit\u00e9 pour une meilleure gestion des MPE - projet pilote dans le secteur","project_id":"13513","project_title":"qualit\u00e9 et MPE du BTP","region_id":"RBA","region_name":"Reg Bureau for Africa","start":"2003-04-15","subnational":[{"lat":"20","lon":"-12","precision":"9","scope":"4","type":"1"}]}