{"document_name":[],"end":"2012-12-31","fiscal_year":["2012"],"inst_descr":"","inst_id":" ","inst_type_descr":"","inst_type_id":"","operating_unit":"Macedonia, former Yugoslav Rep","operating_unit_id":"MKD","outputs":[{"award_id":"13525","budget":[539.05],"crs":"99810","crs_descr":"Sectors Not Specified","donor_budget":[538.05,1.0],"donor_country":["MULTI-LATERAL AGENCY","MULTI-LATERAL AGENCY"],"donor_country_id":["MULTI_AGY","MULTI_AGY"],"donor_expend":[538.05,-538.05],"donor_id":["12","10003"],"donor_name":["UNITED NATIONS DEVELOPMENT PROGRAMME","GEFTrustee"],"donor_short":["UNDP","GEFTrustee"],"donor_type":["MULTI-LATERAL AGENCY","MULTI-LATERAL AGENCY"],"donor_type_id":["MULTI_AGY","MULTI_AGY"],"expenditure":[0.0],"fiscal_year":["2012"],"focus_area":"-","focus_area_descr":"-","gender_descr":"No Contribution","gender_id":"GEN0","output_descr":"Enabling the FYR of Macedonia to Prepare its First National Communication in Response to its Commitments to the UNFCCC","output_id":"13525","output_title":"NATIONAL COMMUNICATION FOR CLI"}],"project_descr":"Enabling the FYR of Macedonia to Prepare its First National Communication in Response to its Commitments to the UNFCCC","project_id":"13525","project_title":"NATIONAL COMMUNICATION FOR CLIMATE CHANGE","region_id":"RBEC","region_name":"Reg Bur for Europe & CIS","start":"1999-06-01","subnational":[]}