{"document_name":[],"end":"2007-05-31","fiscal_year":["2012"],"inst_descr":"","inst_id":" ","inst_type_descr":"","inst_type_id":"","operating_unit":"Mauritania","operating_unit_id":"MRT","outputs":[{"award_id":"13520","budget":[0.0],"crs":"99810","crs_descr":"Sectors Not Specified","donor_budget":[0.0],"donor_country":["MULTI-LATERAL AGENCY"],"donor_country_id":["MULTI_AGY"],"donor_expend":[0.01],"donor_id":["12"],"donor_name":["UNITED NATIONS DEVELOPMENT PROGRAMME"],"donor_short":["UNDP"],"donor_type":["MULTI-LATERAL AGENCY"],"donor_type_id":["MULTI_AGY"],"expenditure":[0.01],"fiscal_year":["2012"],"focus_area":"-","focus_area_descr":"-","gender_descr":"Some Contribution","gender_id":"GEN1","output_descr":"Document d'appui au programme Cadre Strat\u00e9gique de Lutte contre la Pauvret\u00e9 (CSLP): 2003-2005.","output_id":"13520","output_title":"DAP mise en oeuvre CSLP"}],"project_descr":"Document d'appui au programme Cadre Strat\u00e9gique de Lutte contre la Pauvret\u00e9 (CSLP): 2003-2005.","project_id":"13520","project_title":"DAP mise en oeuvre CSLP","region_id":"RBA","region_name":"Reg Bureau for Africa","start":"2003-04-01","subnational":[]}