{"document_name":[],"end":"2009-12-31","fiscal_year":["2011","2010","2012","2013"],"inst_descr":"","inst_id":" ","inst_type_descr":"","inst_type_id":"","operating_unit":"Maldives","operating_unit_id":"MDV","outputs":[{"award_id":"13543","budget":[0.0,0.0,6000.0,0],"crs":"99810","crs_descr":"Sectors Not Specified","donor_budget":[6000.0,0.0],"donor_country":["MULTI-LATERAL AGENCY","Japan"],"donor_country_id":["MULTI_AGY","JPN"],"donor_expend":[0.0,6077.179999999999],"donor_id":["12","141"],"donor_name":["UNITED NATIONS DEVELOPMENT PROGRAMME","GOVERNMENT OF JAPAN"],"donor_short":["UNDP","JPN"],"donor_type":["MULTI-LATERAL AGENCY","NON_PROGRAMME COUNTRY"],"donor_type_id":["MULTI_AGY","NON_PROGCTY"],"expenditure":[0.0,5874.32,202.86,74776.41],"fiscal_year":["2013","2012","2011","2010"],"focus_area":"-","focus_area_descr":"-","gender_descr":"Some Contribution","gender_id":"GEN1","output_descr":"Pearl Culture Demonstration, Extension and Marketing Project","output_id":"13543","output_title":"Pearl Culture Project"}],"project_descr":"Pearl Culture Demonstration, Extension and Marketing project","project_id":"13543","project_title":"Pearl Culture Project","region_id":"RBAP","region_name":"Reg Bureau for Asia & Pacific","start":"2003-10-08","subnational":[{"lat":"3.46667","lon":"73.46667","precision":"4","scope":"3","type":"2"},{"lat":"3.46667","lon":"73.46667","precision":"4","scope":"2","type":"2"}]}