{"document_name":[],"end":"2014-05-3","fiscal_year":["2011","2010","2012","2013"],"inst_descr":"","inst_id":" ","inst_type_descr":"","inst_type_id":"","operating_unit":"Mexico","operating_unit_id":"MEX","outputs":[{"award_id":"13556","budget":[154517.84,146981.49,121950.53,0],"crs":"41010","crs_descr":"Environmental policy and administrative management","donor_budget":[423449.86],"donor_country":["Mexico"],"donor_country_id":["MEX"],"donor_expend":[289041.8],"donor_id":["1683"],"donor_name":["MEX-SECRETARIA DE MEDIO AMBIEN"],"donor_short":["SEMARNAT"],"donor_type":["PROGRAMME COUNTRY"],"donor_type_id":["PROGCTY"],"expenditure":[56043.19,112463.66,120534.95,116462.32],"fiscal_year":["2013","2012","2011","2010"],"focus_area":"4","focus_area_descr":"Environment & sustainable development","gender_descr":"No Contribution","gender_id":"GEN0","output_descr":"Apoyo en la preparaci\u00f3n de proyectos para presentar al GEF","output_id":"13556","output_title":"PREPARACION PROYECTOS PARA GEF"}],"project_descr":"Apoyo en la preparaci\u00f3n de proyectos para presentar al GEF","project_id":"13556","project_title":"PREPARACION PROYECTOS PARA GEF","region_id":"RBLAC","region_name":"Reg Bur Latin Amer & Carib","start":"1997-06-01","subnational":[{"lat":"19.42847","lon":"-99.12766","precision":"9","scope":"4","type":"1"}]}