{"document_name":[],"end":"2012-06-3","fiscal_year":["2011","2010"],"inst_descr":"","inst_id":" ","inst_type_descr":"","inst_type_id":"","operating_unit":"Mexico","operating_unit_id":"MEX","outputs":[{"award_id":"13563","budget":[38629.79,0],"crs":"41010","crs_descr":"Environmental policy and administrative management","donor_budget":[38629.79],"donor_country":["MULTI-LATERAL AGENCY"],"donor_country_id":["MULTI_AGY"],"donor_expend":[26713.47],"donor_id":["10003"],"donor_name":["Global Environment Fund Trustee"],"donor_short":["GEFTrustee"],"donor_type":["MULTI-LATERAL AGENCY"],"donor_type_id":["MULTI_AGY"],"expenditure":[26713.47,786911.77],"fiscal_year":["2011","2010"],"focus_area":"4","focus_area_descr":"Environment & sustainable development","gender_descr":"Significant Objective","gender_id":"GEN2","output_descr":"Proteger la biodiversidad y sustentar las funciones ecol\u00f3gicas vitales  dentro de tres eco-regiones de importancia global que se ubican en nuestro pa\u00eds: Los Tuxtlas, Veracruz; La Monta\u00f1a, Guerrero; y La Chinantla, Oaxaca.","output_id":"13563","output_title":"Manejo Integrado"}],"project_descr":"Manejo Integrado de Ecosistemas en 3 Ecorregiones  Prioritarias","project_id":"13563","project_title":"Manejo Integrado","region_id":"RBLAC","region_name":"Reg Bur Latin Amer & Carib","start":"2001-03-01","subnational":[{"lat":"19.42847","lon":"-99.12766","precision":"9","scope":"2","type":"1"},{"lat":"19.42847","lon":"-99.12766","precision":"9","scope":"4","type":"1"},{"lat":"19.42847","lon":"-99.12766","precision":"9","scope":"3","type":"1"},{"lat":"19.42847","lon":"-99.12766","precision":"9","scope":"2","type":"1"}]}