{"document_name":[],"end":"2012-06-3","fiscal_year":["2011"],"inst_descr":"","inst_id":" ","inst_type_descr":"","inst_type_id":"","operating_unit":"Mexico","operating_unit_id":"MEX","outputs":[{"award_id":"13573","budget":[76297.57],"crs":"41010","crs_descr":"Environmental policy and administrative management","donor_budget":[76297.57],"donor_country":["MULTI-LATERAL AGENCY"],"donor_country_id":["MULTI_AGY"],"donor_expend":[24387.06],"donor_id":["10003"],"donor_name":["Global Environment Fund Trustee"],"donor_short":["GEFTrustee"],"donor_type":["MULTI-LATERAL AGENCY"],"donor_type_id":["MULTI_AGY"],"expenditure":[24387.06],"fiscal_year":["2011"],"focus_area":"4","focus_area_descr":"Environment & sustainable development","gender_descr":"No Contribution","gender_id":"GEN0","output_descr":"Objective: To design and implement sound environmental policies and actions protecting globally important biodiversity and promoting reduction of GHG emissions levels in the frame of the National Development Plan 2001-2025","output_id":"13573","output_title":"Plan Verde"}],"project_descr":"Planeaci\u00f3n estrat\u00e9gica y dise\u00f1o para la protecci\u00f3n del ambiente y el desarrollo sustentable en M\u00e9xico","project_id":"13573","project_title":"Plan Verde","region_id":"RBLAC","region_name":"Reg Bur Latin Amer & Carib","start":"2002-03-01","subnational":[{"lat":"19.42847","lon":"-99.12766","precision":"9","scope":"4","type":"1"}]}