{"document_name":[],"end":"2012-12-31","fiscal_year":["2011","2010","2012","2013"],"inst_descr":"","inst_id":" ","inst_type_descr":"","inst_type_id":"","operating_unit":"Mexico","operating_unit_id":"MEX","outputs":[{"award_id":"13577","budget":[48933.2,133942.0,164920.59,0],"crs":"25010","crs_descr":"Business support services and institutions","donor_budget":[347795.79],"donor_country":["OTHERS"],"donor_country_id":["OTH"],"donor_expend":[211663.52],"donor_id":["726"],"donor_name":["MEX-C\u00c1MARA NACIONAL DE LAS ART"],"donor_short":["CANAGRAF"],"donor_type":["PRIVATE SECTOR"],"donor_type_id":["PRIV"],"expenditure":[40965.29,80289.01,90409.22,73146.46],"fiscal_year":["2013","2012","2011","2010"],"focus_area":"1","focus_area_descr":"Poverty reduction & MDG achievement","gender_descr":"Some Contribution","gender_id":"GEN1","output_descr":"Apoyo al desarrollo de la Industria Gr\u00e1fica","output_id":"13577","output_title":"Desarrollo Industria Gr\u00e1fica"}],"project_descr":"Centro de Desarrollo de la Industria Gr\u00e1fica - CEDIGRAF","project_id":"13577","project_title":"CEDIGRAF","region_id":"RBLAC","region_name":"Reg Bur Latin Amer & Carib","start":"2002-10-31","subnational":[{"lat":"15.94469","lon":"-93.33788","precision":"3","scope":"1","type":"2"}]}