{"document_name":[],"end":"2012-12-31","fiscal_year":["2011","2010","2012","2013"],"inst_descr":"","inst_id":" ","inst_type_descr":"","inst_type_id":"","operating_unit":"Mexico","operating_unit_id":"MEX","outputs":[{"award_id":"13579","budget":[271352.02,561857.02,189905.43,0],"crs":"15110","crs_descr":"Economic and development policy/planning","donor_budget":[983512.46,39602.01],"donor_country":["Mexico","OTHERS"],"donor_country_id":["MEX","OTH"],"donor_expend":[372286.34,27065.44],"donor_id":["1717","10482"],"donor_name":["MEX-SECRETARIA DE RELACIONES E","COMISION NACIONAL FORESTAL"],"donor_short":["SRE","CONAFOR"],"donor_type":["PROGRAMME COUNTRY","PRIVATE SECTOR"],"donor_type_id":["PROGCTY","PRIV"],"expenditure":[75168.02,257826.92,66356.84,10041.88],"fiscal_year":["2013","2012","2011","2010"],"focus_area":"1","focus_area_descr":"Poverty reduction & MDG achievement","gender_descr":"Some Contribution","gender_id":"GEN1","output_descr":"Apoyo para la ejecuci\u00f3n del Plan Puebla Panam\u00e1, ahora proyecto Mesoam\u00e9rica.","output_id":"13579","output_title":"Plan Puebla Panam\u00e1"}],"project_descr":"Apoyo para la ejecuci\u00f3n del Plan Puebla Panam\u00e1","project_id":"13579","project_title":"Plan Puebla Panam\u00e1","region_id":"RBLAC","region_name":"Reg Bur Latin Amer & Carib","start":"2002-12-01","subnational":[{"lat":"19.42847","lon":"-99.12766","precision":"9","scope":"4","type":"1"}]}