{"document_name":[],"end":"2012-12-31","fiscal_year":["2011","2010","2012","2013"],"inst_descr":"","inst_id":" ","inst_type_descr":"","inst_type_id":"","operating_unit":"Mexico","operating_unit_id":"MEX","outputs":[{"award_id":"13582","budget":[5057.75,53239.13,994.57,0],"crs":"41010","crs_descr":"Environmental policy and administrative management","donor_budget":[59291.45],"donor_country":["MULTI-LATERAL AGENCY"],"donor_country_id":["MULTI_AGY"],"donor_expend":[54121.38],"donor_id":["10003"],"donor_name":["Global Environment Fund Trustee"],"donor_short":["GEFTrustee"],"donor_type":["MULTI-LATERAL AGENCY"],"donor_type_id":["MULTI_AGY"],"expenditure":[4945.46,48181.35,994.57,19780.67],"fiscal_year":["2013","2012","2011","2010"],"focus_area":"4","focus_area_descr":"Environment & sustainable development","gender_descr":"No Contribution","gender_id":"GEN0","output_descr":"Este proyecto tiene como prop\u00f3sito, reducir los principales obst\u00e1culos que influyen en el desarrollo de la generaci\u00f3n eolol\u00e9ctrica en M\u00e9xico y facilitar un mercado sustentable de energ\u00eda e\u00f3lica en M\u00e9xico.","output_id":"13582","output_title":"EOLICA"}],"project_descr":"Plan de Acci\u00f3n para eliminar barreras para la implementaci\u00f3n de gran escala de energ\u00eda e\u00f3lica en M\u00e9xico","project_id":"13582","project_title":"EOLICO","region_id":"RBLAC","region_name":"Reg Bur Latin Amer & Carib","start":"2003-11-3","subnational":[{"lat":"19.42847","lon":"-99.12766","precision":"9","scope":"4","type":"1"}]}