{"document_name":[],"end":"2013-12-31","fiscal_year":["2011","2010","2012","2013"],"inst_descr":"","inst_id":" ","inst_type_descr":"","inst_type_id":"","operating_unit":"Mexico","operating_unit_id":"MEX","outputs":[{"award_id":"13581","budget":[453786.17,1366274.53,1046727.78,0],"crs":"41010","crs_descr":"Environmental policy and administrative management","donor_budget":[16.24,10921.26,543812.63,443.16,253386.09000000003,472215.35000000003,1511.6,105479.09,76.48,355.92,15262.09,479428.69999999995,423604.15,349728.05999999994,89649.64,45427.51,75470.51],"donor_country":["OTHERS","Mexico","OTHERS","OTHERS","Mexico","Mexico","OTHERS","OTHERS","OTHERS","OTHERS","OTHERS","Mexico","OTHERS","OTHERS","OTHERS","Mexico","OTHERS"],"donor_country_id":["OTH","MEX","OTH","OTH","MEX","MEX","OTH","OTH","OTH","OTH","OTH","MEX","OTH","OTH","OTH","MEX","OTH"],"donor_expend":[16.24,10110.03,491962.34,443.16,217695.09999999998,469554.6,1511.61,36327.8,55.9,355.92,6973.070000000001,382361.61,181796.02000000002,253010.34,67228.56,0.0,0.0],"donor_id":["1559","1680","10262","10342","10430","10431","10961","11050","11094","11151","11490","11508","11659","11677","11701","11489","11693"],"donor_name":["MEX-OTRAS INSTANCIAS DE APOYO","MEX-SECRETARIA DE DESARROLLO S","COMISION NACIONAL PARA EL DESARROLLO DE","OXFAM","GOBIERNO DEL ESTADO DE  YUCATAN","FOPREDEN","ROSTROS Y VOCES FDS","AYUDA EN ACCION MEXICO","FUNDACION GIGANTE, A.C.","FUNDACION WAL-MART DE MEXICO,A.C.","FMCN,A.C","Inst De Protecccion Civil MIR Chiapas","W.K.Kellog Foundation","","","Gobierno del Estado de Quintana Roo","CAMPECHE"],"donor_short":["OTROS","SEDESOL","CDI","OXFAM","YUCATAN","FOPREDEN","RYV","AEC","FG","FWM","FMCN","IPC Chiapa","KELLOG","","","QUINTANARO","CAMPECHE"],"donor_type":["PRIVATE SECTOR","PROGRAMME COUNTRY","PRIVATE SECTOR","PRIVATE SECTOR","PROGRAMME COUNTRY","PROGRAMME COUNTRY","PRIVATE SECTOR","PRIVATE SECTOR","PRIVATE SECTOR","PRIVATE SECTOR","PRIVATE SECTOR","PROGRAMME COUNTRY","PRIVATE SECTOR","","","PROGRAMME COUNTRY",""],"donor_type_id":["PRIV","PROGCTY","PRIV","PRIV","PROGCTY","PROGCTY","PRIV","PRIV","PRIV","PRIV","PRIV","PROGCTY","PRIV","","","PROGCTY",""],"expenditure":[259982.88,888892.22,970527.2,742599.15],"fiscal_year":["2013","2012","2011","2010"],"focus_area":"4","focus_area_descr":"Environment & sustainable development","gender_descr":"Principal Objective","gender_id":"GEN3","output_descr":"Manejo Integral de Riesgos de Desastre en el Sureste de M\u00e9xico","output_id":"13581","output_title":"Manejo de Riesgos de Desastre"}],"project_descr":"Manejo de Riesgos de Desastre en el Sureste de M\u00e9xico","project_id":"13581","project_title":"Manejo de Riesgos de Desastre en el Sureste de M\u00e9xico","region_id":"RBLAC","region_name":"Reg Bur Latin Amer & Carib","start":"2002-12-01","subnational":[{"lat":"19.69302","lon":"-89.05037","precision":"4","scope":"2","type":"1"}]}