{"document_name":[],"end":"2013-12-31","fiscal_year":["2011","2010","2012","2013"],"inst_descr":"","inst_id":" ","inst_type_descr":"","inst_type_id":"","operating_unit":"Mexico","operating_unit_id":"MEX","outputs":[{"award_id":"13589","budget":[374112.0,438652.6,338483.05,0],"crs":"15150","crs_descr":"Strengthening civil society","donor_budget":[0.0,1130496.56,20751.09],"donor_country":["MULTI-LATERAL AGENCY","MULTI-LATERAL AGENCY","Mexico"],"donor_country_id":["MULTI_AGY","MULTI_AGY","MEX"],"donor_expend":[2132.42,630317.7799999999,16565.35],"donor_id":["25","250","1717"],"donor_name":["EUROPEAN BANK FOR RECONSTRUCTION AND DEV","ALLOCATED INTEREST","MEX-SECRETARIA DE RELACIONES E"],"donor_short":["EBRD","UND","SRE"],"donor_type":["MULTI-LATERAL AGENCY","MULTI-LATERAL AGENCY","PROGRAMME COUNTRY"],"donor_type_id":["MULTI_AGY","MULTI_AGY","PROGCTY"],"expenditure":[92330.87,271080.79,285603.89,1369706.3],"fiscal_year":["2013","2012","2011","2010"],"focus_area":"2","focus_area_descr":"Democratic governance","gender_descr":"Some Contribution","gender_id":"GEN1","output_descr":"Programa de Cooperaci\u00f3n Internacional para la realizaci\u00f3n de Proyectos Estrat\u00e9gicos de Inter\u00e9s para la Subsecretar\u00eda de Relaciones Exteriores Econ\u00f3micas y Relaci\u00f3n Internacional en materia de pol\u00edtica exterior de M\u00e9xico.","output_id":"13589","output_title":"Programa ProyectosEstrat\u00e9gicos"}],"project_descr":"Prog. de Coop. Internal p/la la realizaci\u00f3n de Proyectos Estrat\u00e9gicos de Inter\u00e9s para la SUBRECI, Pol\u00edtica Exterior","project_id":"13589","project_title":"Programa-Proyectos Estrat\u00e9gicos SRE","region_id":"RBLAC","region_name":"Reg Bur Latin Amer & Carib","start":"2003-11-27","subnational":[{"lat":"19.42847","lon":"-99.12766","precision":"9","scope":"4","type":"1"}]}