{"document_name":[],"end":"2012-12-31","fiscal_year":["2011","2010","2012"],"inst_descr":"","inst_id":" ","inst_type_descr":"","inst_type_id":"","operating_unit":"Mexico","operating_unit_id":"MEX","outputs":[{"award_id":"13584","budget":[0.01,2000.2,0],"crs":"25010","crs_descr":"Business support services and institutions","donor_budget":[2000.21],"donor_country":["OTHERS"],"donor_country_id":["OTH"],"donor_expend":[2000.19],"donor_id":["10057"],"donor_name":["EMPRESAS PRIVADAS"],"donor_short":["MEX EMPRES"],"donor_type":["PRIVATE SECTOR"],"donor_type_id":["PRIV"],"expenditure":[0.0,2000.19,519773.86],"fiscal_year":["2012","2011","2010"],"focus_area":"1","focus_area_descr":"Poverty reduction & MDG achievement","gender_descr":"Some Contribution","gender_id":"GEN1","output_descr":"Proyecto orientado a completar la pol\u00edtica p\u00fablica instrumentada por la Secretar\u00eda de Econom\u00eda demoninada Programa Nacional de Empresas Tractoras.","output_id":"13584","output_title":"Prog.Desarrollo de Proveedores"}],"project_descr":"Programa de Desarrollo de Proveedores: Formaci\u00f3n de Consultores y Promoci\u00f3n de Redes","project_id":"13584","project_title":"Programa de Desarrollo de Proveedores","region_id":"RBLAC","region_name":"Reg Bur Latin Amer & Carib","start":"2003-02-14","subnational":[{"lat":"19.42847","lon":"-99.12766","precision":"9","scope":"4","type":"1"}]}