{"document_name":[],"end":"2006-06-3","fiscal_year":["2012"],"inst_descr":"","inst_id":" ","inst_type_descr":"","inst_type_id":"","operating_unit":"Mali","operating_unit_id":"MLI","outputs":[{"award_id":"13603","budget":[0.0,0],"crs":"15110","crs_descr":"Economic and development policy/planning","donor_budget":[0.0],"donor_country":["MULTI-LATERAL AGENCY"],"donor_country_id":["MULTI_AGY"],"donor_expend":[365.8],"donor_id":["12"],"donor_name":["UNITED NATIONS DEVELOPMENT PROGRAMME"],"donor_short":["UNDP"],"donor_type":["MULTI-LATERAL AGENCY"],"donor_type_id":["MULTI_AGY"],"expenditure":[365.8,4977.41],"fiscal_year":["2012","2010"],"focus_area":"1","focus_area_descr":"Poverty reduction & MDG achievement","gender_descr":"-","gender_id":"-","output_descr":"Renforcement des Capacit\u00e9s pour l'Ex\u00e9cution Nationale","output_id":"13603","output_title":"REN:Ex\u00e9cution Nationale"}],"project_descr":"Renforcement des Capacit\u00e9s pour l'Ex\u00e9cution Nationale","project_id":"13603","project_title":"REN","region_id":"RBA","region_name":"Reg Bureau for Africa","start":"2003-07-01","subnational":[]}