{"document_name":[],"end":"2012-12-31","fiscal_year":["2011","2010","2012","2013"],"inst_descr":"","inst_id":" ","inst_type_descr":"","inst_type_id":"","operating_unit":"Mali","operating_unit_id":"MLI","outputs":[{"award_id":"13615","budget":[8710.25,340612.0,1166220.4,0],"crs":"41010","crs_descr":"Environmental policy and administrative management","donor_budget":[92600.0,1422942.65],"donor_country":["MULTI-LATERAL AGENCY","Mali"],"donor_country_id":["MULTI_AGY","MLI"],"donor_expend":[63941.2,267289.46],"donor_id":["12","167"],"donor_name":["UNITED NATIONS DEVELOPMENT PROGRAMME","GOVERNMENT OF MALI"],"donor_short":["UNDP","MLI"],"donor_type":["MULTI-LATERAL AGENCY","PROGRAMME COUNTRY"],"donor_type_id":["MULTI_AGY","PROGCTY"],"expenditure":[-36008.2,174632.61,192606.25,122028.03],"fiscal_year":["2013","2012","2011","2010"],"focus_area":"4","focus_area_descr":"Environment & sustainable development","gender_descr":"-","gender_id":"-","output_descr":"La phase actuelle a pour objectif de consolider les acquis dans le domaine de la promotion des ENR pour l\u2019avancement des femmes dans les r\u00e9gions de Koulikoro S\u00e9gou Sikasso avec extension dans la r\u00e9gion de Mopti selon une approche participative.","output_id":"13615","output_title":"PENRAF"}],"project_descr":"Promotion des Energie Nouvelles Et Renouvelables  pour L'avancement de la Femme","project_id":"13615","project_title":"PENRAF","region_id":"RBA","region_name":"Reg Bureau for Africa","start":"2003-12-15","subnational":[{"lat":"14.44693","lon":"-11.44448","precision":"3","scope":"3","type":"1"},{"lat":"14.44693","lon":"-11.44448","precision":"3","scope":"3","type":"1"},{"lat":"14.44693","lon":"-11.44448","precision":"3","scope":"3","type":"1"},{"lat":"14.44693","lon":"-11.44448","precision":"3","scope":"3","type":"1"},{"lat":"14.44693","lon":"-11.44448","precision":"3","scope":"3","type":"1"},{"lat":"14.44693","lon":"-11.44448","precision":"3","scope":"3","type":"2"},{"lat":"14.44693","lon":"-11.44448","precision":"3","scope":"3","type":"1"},{"lat":"14.44693","lon":"-11.44448","precision":"3","scope":"3","type":"2"}]}