{"document_name":[],"end":"2011-12-31","fiscal_year":["2011"],"inst_descr":"","inst_id":" ","inst_type_descr":"","inst_type_id":"","operating_unit":"Malawi","operating_unit_id":"MWI","outputs":[{"award_id":"13617","budget":[108628.11],"crs":"41010","crs_descr":"Environmental policy and administrative management","donor_budget":[108627.11,1.0],"donor_country":["MULTI-LATERAL AGENCY","MULTI-LATERAL AGENCY"],"donor_country_id":["MULTI_AGY","MULTI_AGY"],"donor_expend":[108627.11,-108627.11],"donor_id":["12","10003"],"donor_name":["UNITED NATIONS DEVELOPMENT PROGRAMME","Global Environment Fund Trustee"],"donor_short":["UNDP","GEFTrustee"],"donor_type":["MULTI-LATERAL AGENCY","MULTI-LATERAL AGENCY"],"donor_type_id":["MULTI_AGY","MULTI_AGY"],"expenditure":[0.0],"fiscal_year":["2011"],"focus_area":"4","focus_area_descr":"Environment & sustainable development","gender_descr":"Some Contribution","gender_id":"GEN1","output_descr":"BARRIER REMOVAL TO RENEWABLE ENERGY (GEF)","output_id":"13617","output_title":"PIMS 526 CC FSP:BARREM"}],"project_descr":"BARRIER REMOVAL TO RENEWABLE ENERGY (GEF)","project_id":"13617","project_title":"PIMS 526 CC FSP:BARREM Malawi","region_id":"RBA","region_name":"Reg Bureau for Africa","start":"2000-08-01","subnational":[{"lat":"-13.5","lon":"34","precision":"9","scope":"4","type":"1"}]}