{"document_name":[],"end":"2006-12-31","fiscal_year":["2011"],"inst_descr":"","inst_id":" ","inst_type_descr":"","inst_type_id":"","operating_unit":"Malawi","operating_unit_id":"MWI","outputs":[{"award_id":"13619","budget":[0.0],"crs":"41010","crs_descr":"Environmental policy and administrative management","donor_budget":[0.0],"donor_country":["MULTI-LATERAL AGENCY"],"donor_country_id":["MULTI_AGY"],"donor_expend":[-217.19],"donor_id":["12"],"donor_name":["UNITED NATIONS DEVELOPMENT PROGRAMME"],"donor_short":["UNDP"],"donor_type":["MULTI-LATERAL AGENCY"],"donor_type_id":["MULTI_AGY"],"expenditure":[-217.19],"fiscal_year":["2011"],"focus_area":"4","focus_area_descr":"Environment & sustainable development","gender_descr":"-","gender_id":"-","output_descr":"The Malawi Decetralised Governance Programme is a UNDP and UNCDF joint programme to support the decentralisation process in Malawi","output_id":"13619","output_title":"DECENTRALISED GOVERNANCE"}],"project_descr":"DECENTRALISED GOVERNANCE","project_id":"13619","project_title":"DECENTRALISED GOVERNANCE","region_id":"RBA","region_name":"Reg Bureau for Africa","start":"2002-03-03","subnational":[{"lat":"-13.5","lon":"34","precision":"9","scope":"4","type":"1"}]}