{"document_name":[],"end":"2009-12-31","fiscal_year":["2011"],"inst_descr":"","inst_id":" ","inst_type_descr":"","inst_type_id":"","operating_unit":"Malawi","operating_unit_id":"MWI","outputs":[{"award_id":"13618","budget":[0.0],"crs":"16064","crs_descr":"Social mitigation of HIV/AIDS","donor_budget":[0.0],"donor_country":["MULTI-LATERAL AGENCY"],"donor_country_id":["MULTI_AGY"],"donor_expend":[-170.86],"donor_id":["12"],"donor_name":["UNITED NATIONS DEVELOPMENT PROGRAMME"],"donor_short":["UNDP"],"donor_type":["MULTI-LATERAL AGENCY"],"donor_type_id":["MULTI_AGY"],"expenditure":[-170.86],"fiscal_year":["2011"],"focus_area":"1","focus_area_descr":"Poverty reduction & MDG achievement","gender_descr":"-","gender_id":"-","output_descr":" ","output_id":"13618","output_title":"HIV and AIDS Management"}],"project_descr":"Capacity Development for the National Management of the HIV and AIDS Response","project_id":"13618","project_title":"HIV and AIDS Management","region_id":"RBA","region_name":"Reg Bureau for Africa","start":"2002-04-01","subnational":[{"lat":"-13.5","lon":"34","precision":"9","scope":"4","type":"1"}]}