{"document_name":[],"end":"2009-12-31","fiscal_year":["2011","2010"],"inst_descr":"","inst_id":" ","inst_type_descr":"","inst_type_id":"","operating_unit":"Malawi","operating_unit_id":"MWI","outputs":[{"award_id":"13622","budget":[0.0,0],"crs":"15140","crs_descr":"Government administration","donor_budget":[0.0,0.0],"donor_country":["MULTI-LATERAL AGENCY","Malawi"],"donor_country_id":["MULTI_AGY","MWI"],"donor_expend":[-348.81,-2435.66],"donor_id":["12","168"],"donor_name":["UNITED NATIONS DEVELOPMENT PROGRAMME","GOVERNMENT OF MALAWI"],"donor_short":["UNDP","MLW"],"donor_type":["MULTI-LATERAL AGENCY","PROGRAMME COUNTRY"],"donor_type_id":["MULTI_AGY","PROGCTY"],"expenditure":[-2784.47,2068.99],"fiscal_year":["2011","2010"],"focus_area":"2","focus_area_descr":"Democratic governance","gender_descr":"-","gender_id":"-","output_descr":"Provide support for the public sector reforms in Malawi to strengthen capacities in the public sector for formulating, implementing and monitoring national, sectoral and district/community level policies and actions crucial to poverty reduction.","output_id":"13622","output_title":"PUBLIC SECTOR REFORM"}],"project_descr":"PUBLIC SECTOR MANAGEMENT REFORM PROGRAMME","project_id":"13622","project_title":"PUBLIC SECTOR REFORM","region_id":"RBA","region_name":"Reg Bureau for Africa","start":"2002-11-01","subnational":[{"lat":"-14.31882","lon":"35.1322","precision":"3","scope":"1","type":"2"}]}