{"document_name":[],"end":"2013-06-3","fiscal_year":["2012","2013"],"inst_descr":"","inst_id":" ","inst_type_descr":"","inst_type_id":"","operating_unit":"Malawi","operating_unit_id":"MWI","outputs":[{"award_id":"13623","budget":[1.0,487736.0,0],"crs":"99810","crs_descr":"Sectors Not Specified","donor_budget":[487737.0],"donor_country":["MULTI-LATERAL AGENCY"],"donor_country_id":["MULTI_AGY"],"donor_expend":[0.0],"donor_id":["280"],"donor_name":["EUROPEAN ECONOMIC COMMUNITY"],"donor_short":["EU"],"donor_type":["MULTI-LATERAL AGENCY"],"donor_type_id":["MULTI_AGY"],"expenditure":[0.0,0.0,0.0],"fiscal_year":["2013","2012","2010"],"focus_area":"-","focus_area_descr":"-","gender_descr":"Some Contribution","gender_id":"GEN1","output_descr":"\"ASSISTANCE TO THE 2004 PRESIDENTIAL, PARLIAMENTARY AND LOCAL GOVERNMENT ELECTIONS IN MALAWI\"","output_id":"13623","output_title":"TRIPARTITE ELECTIONS - 2004"}],"project_descr":"ASSISTANCE TO THE 2004 PRESIDENTIAL, PARLIAMENTARY AND LOCAL GOVERNMENT ELECTIONS IN MALAWI","project_id":"13623","project_title":"TRIPARTITE ELECTIONS - 2004","region_id":"RBA","region_name":"Reg Bureau for Africa","start":"2003-06-01","subnational":[]}