{"document_name":[],"end":"2011-12-31","fiscal_year":["2011","2010","2012"],"inst_descr":"","inst_id":" ","inst_type_descr":"","inst_type_id":"","operating_unit":"Malawi","operating_unit_id":"MWI","outputs":[{"award_id":"13620","budget":[87459.0,0.0,0],"crs":"99810","crs_descr":"Sectors Not Specified","donor_budget":[79105.0,8354.0],"donor_country":["Norway","MULTI-LATERAL AGENCY"],"donor_country_id":["NOR","MULTI_AGY"],"donor_expend":[-4211.52,0.0],"donor_id":["187","12"],"donor_name":["GOVERNMENT OF NORWAY","UNITED NATIONS DEVELOPMENT PROGRAMME"],"donor_short":["NOR","UNDP"],"donor_type":["NON_PROGRAMME COUNTRY","MULTI-LATERAL AGENCY"],"donor_type_id":["NON_PROGCTY","MULTI_AGY"],"expenditure":[0.0,-4211.52,53462.89],"fiscal_year":["2012","2011","2010"],"focus_area":"-","focus_area_descr":"-","gender_descr":"-","gender_id":"-","output_descr":"The Democracy Consolidation Programme aims at increased and more effective participation of communities in decision-making, and in advocating changes in conditions  which affect their livelihoods and in holding public bodies accountable.","output_id":"13620","output_title":"DEMOCRACY CONSOLIDATION"}],"project_descr":"DEMOCRACY CONSOLIDATION PROGRAMME PHASE II","project_id":"13620","project_title":"DEMOCRACY CONSOLIDATION","region_id":"RBA","region_name":"Reg Bureau for Africa","start":"2002-03-01","subnational":[{"lat":"-14.47815","lon":"35.26448","precision":"3","scope":"1","type":"2"}]}