{"document_name":[],"end":"2011-12-31","fiscal_year":["2011","2010"],"inst_descr":"","inst_id":" ","inst_type_descr":"","inst_type_id":"","operating_unit":"Morocco","operating_unit_id":"MAR","outputs":[{"award_id":"13677","budget":[0.0,0],"crs":"15140","crs_descr":"Government administration","donor_budget":[0.0],"donor_country":["Morocco"],"donor_country_id":["MAR"],"donor_expend":[-11.95],"donor_id":["172"],"donor_name":["GOVERNMENT OF MOROCCO"],"donor_short":["MOR"],"donor_type":["PROGRAMME COUNTRY"],"donor_type_id":["PROGCTY"],"expenditure":[-11.95,76.35],"fiscal_year":["2011","2010"],"focus_area":"2","focus_area_descr":"Democratic governance","gender_descr":"Significant Objective","gender_id":"GEN2","output_descr":"Conservation de la biodiversit\u00e9 (BD) par la relance de la transhumance dans le versant sud du Haut Atlas.","output_id":"13677","output_title":"Transhumance & Biodiversit\u00e9"}],"project_descr":"CONSERVATION DE LA BIODIVERSITE - HAUT ATLAS CENTRAL","project_id":"13677","project_title":"Transhumance & Biodiversit\u00e9 dans le Haut Atlas","region_id":"RBAS","region_name":"Reg Bur for Arab States","start":"2001-01-01","subnational":[]}