{"document_name":[],"end":"2012-12-31","fiscal_year":["2011","2010","2012"],"inst_descr":"","inst_id":" ","inst_type_descr":"","inst_type_id":"","operating_unit":"Morocco","operating_unit_id":"MAR","outputs":[{"award_id":"13676","budget":[35240.07,147991.0,0],"crs":"99810","crs_descr":"Sectors Not Specified","donor_budget":[14250.0,168981.07,0.0],"donor_country":["MULTI-LATERAL AGENCY","Morocco","MULTI-LATERAL AGENCY"],"donor_country_id":["MULTI_AGY","MAR","MULTI_AGY"],"donor_expend":[14534.71,135598.4,-1496.1],"donor_id":["12","172","10003"],"donor_name":["UNITED NATIONS DEVELOPMENT PROGRAMME","GOVERNMENT OF MOROCCO","Global Environment Fund Trustee"],"donor_short":["UNDP","MOR","GEFTrustee"],"donor_type":["MULTI-LATERAL AGENCY","PROGRAMME COUNTRY","MULTI-LATERAL AGENCY"],"donor_type_id":["MULTI_AGY","PROGCTY","MULTI_AGY"],"expenditure":[34479.0,114158.01,310916.98],"fiscal_year":["2012","2011","2010"],"focus_area":"-","focus_area_descr":"-","gender_descr":"Significant Objective","gender_id":"GEN2","output_descr":"Conservation de la biodiversit\u00e9 (BD) par la relance de la transhumance dans le versant sud du Haut Atlas.","output_id":"13676","output_title":"Transhumance & Biodiversit\u00e9"}],"project_descr":"CONSERVATION DE LA BIODIVERSITE PAR LA TRANSHUMANCE DANS LE VERSANT SUD DU HAUT ATLAS","project_id":"13676","project_title":"Transhumance & Biodiversit\u00e9 dans le Haut Atlas","region_id":"RBAS","region_name":"Reg Bur for Arab States","start":"2001-01-01","subnational":[]}