{"document_name":[],"end":"2011-12-31","fiscal_year":["2011","2010"],"inst_descr":"","inst_id":" ","inst_type_descr":"","inst_type_id":"","operating_unit":"Morocco","operating_unit_id":"MAR","outputs":[{"award_id":"13692","budget":[255282.0,0],"crs":"15164","crs_descr":"Women\u2019s equality organisations and institutions","donor_budget":[255282.0],"donor_country":["Morocco"],"donor_country_id":["MAR"],"donor_expend":[80268.85],"donor_id":["172"],"donor_name":["GOVERNMENT OF MOROCCO"],"donor_short":["MOR"],"donor_type":["PROGRAMME COUNTRY"],"donor_type_id":["PROGCTY"],"expenditure":[80268.85,175121.12],"fiscal_year":["2011","2010"],"focus_area":"2","focus_area_descr":"Democratic governance","gender_descr":"Some Contribution","gender_id":"GEN1","output_descr":"Programme National d'Appui au D\u00e9veloppement des Maisons Energie","output_id":"13692","output_title":"Projet Maisons Energie"}],"project_descr":"Programme National d'Appui au D\u00e9veloppement des Maisons Energie au Maroc","project_id":"13692","project_title":"Appui au D\u00e9velop. des Maisons Energie","region_id":"RBAS","region_name":"Reg Bur for Arab States","start":"2004-01-01","subnational":[]}