{"document_name":[],"end":"2011-12-31","fiscal_year":["2011"],"inst_descr":"Government of Mozambique","inst_id":"2161","inst_type_descr":"Gov Counterpart Institution","inst_type_id":"GOV","operating_unit":"Mozambique","operating_unit_id":"MOZ","outputs":[{"award_id":"13709","budget":[674.95],"crs":"99810","crs_descr":"Sectors Not Specified","donor_budget":[158.48,516.47],"donor_country":["Cote D'Ivoire","Switzerland"],"donor_country_id":["CIV","CHE"],"donor_expend":[0.0,0.0],"donor_id":["138","232"],"donor_name":["GOVERNMENT OF COTE D'IVOIRE","GOVERNMENT OF SWITZERLAND"],"donor_short":["IVC","SWI"],"donor_type":["PROGRAMME COUNTRY","NON_PROGRAMME COUNTRY"],"donor_type_id":["PROGCTY","NON_PROGCTY"],"expenditure":[0.0],"fiscal_year":["2011"],"focus_area":"-","focus_area_descr":"-","gender_descr":"-","gender_id":"-","output_descr":"Amendment to the Decentralized Planning and Finance Programme, funded by DCI.","output_id":"39452","output_title":"DPF Amendment/DNPO"}],"project_descr":"Support to Decentrilized Planning and Financing in the Provinces of Nampula and Cabo Delgado","project_id":"13709","project_title":"District Planning and Financing Project","region_id":"RBA","region_name":"Reg Bureau for Africa","start":"2002-06-01","subnational":[{"lat":"-16.5","lon":"39.25","precision":"3","scope":"3","type":"2"}]}