{"document_name":[],"end":"2007-09-3","fiscal_year":["2011","2010","2012"],"inst_descr":"","inst_id":" ","inst_type_descr":"","inst_type_id":"","operating_unit":"Mozambique","operating_unit_id":"MOZ","outputs":[{"award_id":"13705","budget":[0.0,1035.78,0],"crs":"99810","crs_descr":"Sectors Not Specified","donor_budget":[1035.78],"donor_country":["MULTI-LATERAL AGENCY"],"donor_country_id":["MULTI_AGY"],"donor_expend":[943.0],"donor_id":["12"],"donor_name":["UNITED NATIONS DEVELOPMENT PROGRAMME"],"donor_short":["UNDP"],"donor_type":["MULTI-LATERAL AGENCY"],"donor_type_id":["MULTI_AGY"],"expenditure":[0.0,943.0,-450.62],"fiscal_year":["2012","2011","2010"],"focus_area":"-","focus_area_descr":"-","gender_descr":"Some Contribution","gender_id":"GEN1","output_descr":"Programme Support Project","output_id":"13705","output_title":"PSP"}],"project_descr":"Programme Support Project","project_id":"13705","project_title":"PSP","region_id":"RBA","region_name":"Reg Bureau for Africa","start":"2002-01-01","subnational":[{"lat":"-25.96553","lon":"32.58322","precision":"3","scope":"3","type":"2"}]}