{"document_name":[],"end":"2006-12-31","fiscal_year":["2011"],"inst_descr":"","inst_id":" ","inst_type_descr":"","inst_type_id":"","operating_unit":"Mozambique","operating_unit_id":"MOZ","outputs":[{"award_id":"13703","budget":[0.0],"crs":"99810","crs_descr":"Sectors Not Specified","donor_budget":[0.0],"donor_country":["MULTI-LATERAL AGENCY"],"donor_country_id":["MULTI_AGY"],"donor_expend":[-353.15],"donor_id":["12"],"donor_name":["UNITED NATIONS DEVELOPMENT PROGRAMME"],"donor_short":["UNDP"],"donor_type":["MULTI-LATERAL AGENCY"],"donor_type_id":["MULTI_AGY"],"expenditure":[-353.15],"fiscal_year":["2011"],"focus_area":"-","focus_area_descr":"-","gender_descr":"-","gender_id":"-","output_descr":"National AIDS Council Institutional Capacity Development","output_id":"13703","output_title":"National AIDS Council Institut"}],"project_descr":"National AIDS Council Institutional Capacity Development","project_id":"13703","project_title":"National AIDS Council Institut. Capac. Dev.","region_id":"RBA","region_name":"Reg Bureau for Africa","start":"2002-08-01","subnational":[{"lat":"-23.865","lon":"35.38333","precision":"3","scope":"3","type":"2"}]}