{"document_name":[],"end":"2006-09-01","fiscal_year":["2011"],"inst_descr":"","inst_id":" ","inst_type_descr":"","inst_type_id":"","operating_unit":"Mozambique","operating_unit_id":"MOZ","outputs":[{"award_id":"13701","budget":[15401.0],"crs":"99810","crs_descr":"Sectors Not Specified","donor_budget":[1.0,15400.0],"donor_country":["MULTI-LATERAL AGENCY","MULTI-LATERAL AGENCY"],"donor_country_id":["MULTI_AGY","MULTI_AGY"],"donor_expend":[-22852.89,22852.89],"donor_id":["12","302"],"donor_name":["UNITED NATIONS DEVELOPMENT PROGRAMME","UNFIP TURNER FOUNDATION"],"donor_short":["UNDP","UNFIP"],"donor_type":["MULTI-LATERAL AGENCY","MULTI-LATERAL AGENCY"],"donor_type_id":["MULTI_AGY","MULTI_AGY"],"expenditure":[0.0],"fiscal_year":["2011"],"focus_area":"-","focus_area_descr":"-","gender_descr":"-","gender_id":"-","output_descr":" ","output_id":"35324","output_title":"Tech.Supp.Managerial Capacity"},{"award_id":"13701","budget":[97101.0],"crs":"99810","crs_descr":"Sectors Not Specified","donor_budget":[1.0,97100.0],"donor_country":["MULTI-LATERAL AGENCY","MULTI-LATERAL AGENCY"],"donor_country_id":["MULTI_AGY","MULTI_AGY"],"donor_expend":[-119307.4,119307.4],"donor_id":["12","302"],"donor_name":["UNITED NATIONS DEVELOPMENT PROGRAMME","UNFIP TURNER FOUNDATION"],"donor_short":["UNDP","UNFIP"],"donor_type":["MULTI-LATERAL AGENCY","MULTI-LATERAL AGENCY"],"donor_type_id":["MULTI_AGY","MULTI_AGY"],"expenditure":[0.0],"fiscal_year":["2011"],"focus_area":"-","focus_area_descr":"-","gender_descr":"Some Contribution","gender_id":"GEN1","output_descr":" ","output_id":"35323","output_title":"Increase Poor Incomes"},{"award_id":"13701","budget":[19101.0],"crs":"99810","crs_descr":"Sectors Not Specified","donor_budget":[1.0,19100.0],"donor_country":["MULTI-LATERAL AGENCY","MULTI-LATERAL AGENCY"],"donor_country_id":["MULTI_AGY","MULTI_AGY"],"donor_expend":[-17008.84,19109.34],"donor_id":["12","302"],"donor_name":["UNITED NATIONS DEVELOPMENT PROGRAMME","UNFIP TURNER FOUNDATION"],"donor_short":["UNDP","UNFIP"],"donor_type":["MULTI-LATERAL AGENCY","MULTI-LATERAL AGENCY"],"donor_type_id":["MULTI_AGY","MULTI_AGY"],"expenditure":[2100.5],"fiscal_year":["2011"],"focus_area":"-","focus_area_descr":"-","gender_descr":"Some Contribution","gender_id":"GEN1","output_descr":"Joint UN Support to the Provincial HIV/AIDS Operatinal Plan of Zambezia Province - Mozambique","output_id":"13701","output_title":"HIV/AIDS Operat. Plan of Zambe"}],"project_descr":"Joint UN Support to the Provincial HIV/AIDS Operatinal Plan of Zambezia Province - Mozambique","project_id":"13701","project_title":"HIV/AIDS Operat. Plan of Zambezia Province","region_id":"RBA","region_name":"Reg Bureau for Africa","start":"2000-11-01","subnational":[{"lat":"-18.25","lon":"35","precision":"9","scope":"4","type":"1"},{"lat":"-18.25","lon":"35","precision":"9","scope":"4","type":"1"},{"lat":"-18.25","lon":"35","precision":"9","scope":"4","type":"1"}]}