{"document_name":[],"end":"2009-12-31","fiscal_year":["2011"],"inst_descr":"","inst_id":" ","inst_type_descr":"","inst_type_id":"","operating_unit":"Mozambique","operating_unit_id":"MOZ","outputs":[{"award_id":"13707","budget":[0.0],"crs":"99810","crs_descr":"Sectors Not Specified","donor_budget":[0.0],"donor_country":["MULTI-LATERAL AGENCY"],"donor_country_id":["MULTI_AGY"],"donor_expend":[276.87],"donor_id":["12"],"donor_name":["UNITED NATIONS DEVELOPMENT PROGRAMME"],"donor_short":["UNDP"],"donor_type":["MULTI-LATERAL AGENCY"],"donor_type_id":["MULTI_AGY"],"expenditure":[276.87],"fiscal_year":["2011"],"focus_area":"-","focus_area_descr":"-","gender_descr":"-","gender_id":"-","output_descr":" ","output_id":"35600","output_title":"Strengthening GVT Staff"}],"project_descr":"Support to the National Integrated Progarmme for Social Action, Employment and Youth","project_id":"13707","project_title":"National Integrated Progarmme","region_id":"RBA","region_name":"Reg Bureau for Africa","start":"2002-08-01","subnational":[{"lat":"-15.01897","lon":"38.21248","precision":"3","scope":"3","type":"2"}]}