{"document_name":[],"end":"2010-12-31","fiscal_year":["2012"],"inst_descr":"","inst_id":" ","inst_type_descr":"","inst_type_id":"","operating_unit":"Mozambique","operating_unit_id":"MOZ","outputs":[{"award_id":"13718","budget":[0.0,0],"crs":"99810","crs_descr":"Sectors Not Specified","donor_budget":[0.0],"donor_country":["MULTI-LATERAL AGENCY"],"donor_country_id":["MULTI_AGY"],"donor_expend":[0.0],"donor_id":["10003"],"donor_name":["GEFTrustee"],"donor_short":["GEFTrustee"],"donor_type":["MULTI-LATERAL AGENCY"],"donor_type_id":["MULTI_AGY"],"expenditure":[0.0,21300.81],"fiscal_year":["2012","2010"],"focus_area":"-","focus_area_descr":"-","gender_descr":"Some Contribution","gender_id":"GEN1","output_descr":"Preparation of the National Adaptation Programme of Action (NAPA) for Mozambique","output_id":"13718","output_title":"NAPA for Mozambique"}],"project_descr":"Preparation of the National Adaptation Programme of Action (NAPA) for Mozambique","project_id":"13718","project_title":"NAPA for Mozambique","region_id":"RBA","region_name":"Reg Bureau for Africa","start":"2003-06-1","subnational":[]}