{"document_name":[],"end":"2009-03-31","fiscal_year":["2011","2013"],"inst_descr":"","inst_id":" ","inst_type_descr":"","inst_type_id":"","operating_unit":"Mozambique","operating_unit_id":"MOZ","outputs":[{"award_id":"13717","budget":[179768.01],"crs":"99810","crs_descr":"Sectors Not Specified","donor_budget":[40000.0,139768.01],"donor_country":["Germany","Ireland"],"donor_country_id":["DEU","IRL"],"donor_expend":[0.0,0.0],"donor_id":["117","134"],"donor_name":["GOVERNMENT OF GERMANY","GOVERNMENT OF IRELAND"],"donor_short":["GER","IRE"],"donor_type":["NON_PROGRAMME COUNTRY","NON_PROGRAMME COUNTRY"],"donor_type_id":["NON_PROGCTY","NON_PROGCTY"],"expenditure":[0.0],"fiscal_year":["2011"],"focus_area":"-","focus_area_descr":"-","gender_descr":"-","gender_id":"-","output_descr":"PSR Performance Capacity and Quality Improved","output_id":"34832","output_title":"Performance Capacity & Quality"},{"award_id":"13717","budget":[1.0,0],"crs":"99810","crs_descr":"Sectors Not Specified","donor_budget":[1.0],"donor_country":["Germany"],"donor_country_id":["DEU"],"donor_expend":[0.0],"donor_id":["117"],"donor_name":["GOVERNMENT OF GERMANY"],"donor_short":["GER"],"donor_type":["NON_PROGRAMME COUNTRY"],"donor_type_id":["NON_PROGCTY"],"expenditure":[0.0,39322.89],"fiscal_year":["2013","2010"],"focus_area":"-","focus_area_descr":"-","gender_descr":"-","gender_id":"-","output_descr":"Institucional Reform and Development implemented","output_id":"13717","output_title":"Local Government Reform"}],"project_descr":"Support to Local Government Reform (MAE)","project_id":"13717","project_title":"Local Government Reform","region_id":"RBA","region_name":"Reg Bureau for Africa","start":"2003-05-01","subnational":[{"lat":"-18.53268","lon":"35.3183","precision":"3","scope":"3","type":"2"}]}