{"document_name":[],"end":"2010-12-31","fiscal_year":["2011","2010","2012"],"inst_descr":"","inst_id":" ","inst_type_descr":"","inst_type_id":"","operating_unit":"Mozambique","operating_unit_id":"MOZ","outputs":[{"award_id":"13712","budget":[2717.83],"crs":"99810","crs_descr":"Sectors Not Specified","donor_budget":[2717.83],"donor_country":["Ireland"],"donor_country_id":["IRL"],"donor_expend":[0.0],"donor_id":["134"],"donor_name":["GOVERNMENT OF IRELAND"],"donor_short":["IRE"],"donor_type":["NON_PROGRAMME COUNTRY"],"donor_type_id":["NON_PROGCTY"],"expenditure":[0.0],"fiscal_year":["2011"],"focus_area":"-","focus_area_descr":"-","gender_descr":"-","gender_id":"-","output_descr":" ","output_id":"35448","output_title":"SIFAP Strengthened"},{"award_id":"13712","budget":[1825.75,74856.0,0],"crs":"99810","crs_descr":"Sectors Not Specified","donor_budget":[76681.75],"donor_country":["Ireland"],"donor_country_id":["IRL"],"donor_expend":[0.0],"donor_id":["134"],"donor_name":["GOVERNMENT OF IRELAND"],"donor_short":["IRE"],"donor_type":["NON_PROGRAMME COUNTRY"],"donor_type_id":["NON_PROGCTY"],"expenditure":[0.0,0.0,1825.75],"fiscal_year":["2012","2011","2010"],"focus_area":"-","focus_area_descr":"-","gender_descr":"-","gender_id":"-","output_descr":"SUPPORT TO TRAINING COMPONENT OF PUBLIC SECTOR REFORM","output_id":"13712","output_title":"SUPPORT TO PSR TRAINING COMPON"}],"project_descr":"SUPPORT TO TRAINING COMPONENT OF PUBLIC SECTOR REFORM","project_id":"13712","project_title":"SUPPORT TO PSR TRAINING COMPONENT","region_id":"RBA","region_name":"Reg Bureau for Africa","start":"2003-09-01","subnational":[{"lat":"-23.865","lon":"35.38333","precision":"3","scope":"3","type":"2"},{"lat":"-23.865","lon":"35.38333","precision":"3","scope":"3","type":"2"}]}