{"document_name":[],"end":"2011-12-31","fiscal_year":["2011"],"inst_descr":"","inst_id":" ","inst_type_descr":"","inst_type_id":"","operating_unit":"Mozambique","operating_unit_id":"MOZ","outputs":[{"award_id":"13713","budget":[99923.95],"crs":"99810","crs_descr":"Sectors Not Specified","donor_budget":[99923.95],"donor_country":["Australia"],"donor_country_id":["AUS"],"donor_expend":[0.0],"donor_id":["55"],"donor_name":["GOVERNMENT OF AUSTRALIA"],"donor_short":["AUL"],"donor_type":["NON_PROGRAMME COUNTRY"],"donor_type_id":["NON_PROGCTY"],"expenditure":[0.0],"fiscal_year":["2011"],"focus_area":"-","focus_area_descr":"-","gender_descr":"-","gender_id":"-","output_descr":"The purpose of this budget revision is to make adjustments.","output_id":"35443","output_title":"Understand Best Practices"},{"award_id":"13713","budget":[9380.98],"crs":"99810","crs_descr":"Sectors Not Specified","donor_budget":[9380.98],"donor_country":["Australia"],"donor_country_id":["AUS"],"donor_expend":[0.0],"donor_id":["55"],"donor_name":["GOVERNMENT OF AUSTRALIA"],"donor_short":["AUL"],"donor_type":["NON_PROGRAMME COUNTRY"],"donor_type_id":["NON_PROGCTY"],"expenditure":[0.0],"fiscal_year":["2011"],"focus_area":"-","focus_area_descr":"-","gender_descr":"-","gender_id":"-","output_descr":"The purpose of this budget revision is to make adjustments","output_id":"35439","output_title":"Instit. Dev. Legal & Reg. Env."}],"project_descr":"Upstream Microfinance Capacity Building Project","project_id":"13713","project_title":"Upsteam Microfinance Capacity Building","region_id":"RBA","region_name":"Reg Bureau for Africa","start":"2002-08-01","subnational":[{"lat":"-15.01897","lon":"38.21248","precision":"3","scope":"3","type":"2"},{"lat":"-15.01897","lon":"38.21248","precision":"3","scope":"3","type":"2"}]}