{"document_name":[],"end":"2008-12-31","fiscal_year":["2011"],"inst_descr":"","inst_id":" ","inst_type_descr":"","inst_type_id":"","operating_unit":"Mozambique","operating_unit_id":"MOZ","outputs":[{"award_id":"13714","budget":[0.0],"crs":"99810","crs_descr":"Sectors Not Specified","donor_budget":[0.0,0.0],"donor_country":["MULTI-LATERAL AGENCY","Italy"],"donor_country_id":["MULTI_AGY","ITA"],"donor_expend":[117.65,-518.82],"donor_id":["12","137"],"donor_name":["UNITED NATIONS DEVELOPMENT PROGRAMME","GOVERNMENT OF ITALY"],"donor_short":["UNDP","ITA"],"donor_type":["MULTI-LATERAL AGENCY","NON_PROGRAMME COUNTRY"],"donor_type_id":["MULTI_AGY","NON_PROGCTY"],"expenditure":[-401.17],"fiscal_year":["2011"],"focus_area":"-","focus_area_descr":"-","gender_descr":"-","gender_id":"-","output_descr":"Partnership for Poverty Reduction in Mozambique","output_id":"13714","output_title":"Partnership for Poverty Reduct"}],"project_descr":"Partnership for Poverty Reduction in Mozambique","project_id":"13714","project_title":"Partnership for Poverty Reduction in Mozamb.","region_id":"RBA","region_name":"Reg Bureau for Africa","start":"2003-10-01","subnational":[{"lat":"-16.5","lon":"39.25","precision":"3","scope":"3","type":"2"}]}