{"document_name":[],"end":"2010-12-31","fiscal_year":["2011","2010","2012"],"inst_descr":"","inst_id":" ","inst_type_descr":"","inst_type_id":"","operating_unit":"Mozambique","operating_unit_id":"MOZ","outputs":[{"award_id":"13710","budget":[0.0,0.5,0],"crs":"99810","crs_descr":"Sectors Not Specified","donor_budget":[0.5],"donor_country":["Italy"],"donor_country_id":["ITA"],"donor_expend":[-14659.99],"donor_id":["137"],"donor_name":["GOVERNMENT OF ITALY"],"donor_short":["ITA"],"donor_type":["NON_PROGRAMME COUNTRY"],"donor_type_id":["NON_PROGCTY"],"expenditure":[1.69,-14661.68,7865.53],"fiscal_year":["2012","2011","2010"],"focus_area":"-","focus_area_descr":"-","gender_descr":"Significant Objective","gender_id":"GEN2","output_descr":"Increased ICT Access and Local Development through Training","output_id":"39087","output_title":"ICTHRD Human Resources Devel"}],"project_descr":"ICT For Development Programme","project_id":"13710","project_title":"ICT For Development","region_id":"RBA","region_name":"Reg Bureau for Africa","start":"2002-09-01","subnational":[{"lat":"-18.53268","lon":"35.3183","precision":"3","scope":"3","type":"2"}]}