{"document_name":[],"end":"2011-12-31","fiscal_year":["2011","2010"],"inst_descr":"","inst_id":" ","inst_type_descr":"","inst_type_id":"","operating_unit":"Bureau for Dev. Policy","operating_unit_id":"H21","outputs":[{"award_id":"13725","budget":[26901.0,0],"crs":"41010","crs_descr":"Environmental policy and administrative management","donor_budget":[26901.0],"donor_country":["MULTI-LATERAL AGENCY"],"donor_country_id":["MULTI_AGY"],"donor_expend":[63472.71],"donor_id":["10009"],"donor_name":["MONTREAL PROTOCOL"],"donor_short":["MPU"],"donor_type":["MULTI-LATERAL AGENCY"],"donor_type_id":["MULTI_AGY"],"expenditure":[63472.71,23099.14],"fiscal_year":["2011","2010"],"focus_area":"4","focus_area_descr":"Environment & sustainable development","gender_descr":"Some Contribution","gender_id":"GEN1","output_descr":"Alternatives to MeBr in grain storage","output_id":"13725","output_title":"MEX98G64-MB ALTERNATIVAS"}],"project_descr":"Alternativas al Bromuro de Metilo para la Fumigaci\u00f3n Estructural en M\u00e9xico","project_id":"13725","project_title":"MEX98G64-ALTERNATIVAS AL BROMURO DE METILO","region_id":"BDP","region_name":"Bureau for Dev. Policy","start":"1999-01-01","subnational":[]}