{"document_name":[],"end":"2012-06-3","fiscal_year":["2012"],"inst_descr":"","inst_id":" ","inst_type_descr":"","inst_type_id":"","operating_unit":"Bureau for Dev. Policy","operating_unit_id":"H21","outputs":[{"award_id":"13924","budget":[32500.0],"crs":"41010","crs_descr":"Environmental policy and administrative management","donor_budget":[32500.0],"donor_country":["MULTI-LATERAL AGENCY"],"donor_country_id":["MULTI_AGY"],"donor_expend":[32500.0],"donor_id":["10009"],"donor_name":["MPU"],"donor_short":["MPU"],"donor_type":["MULTI-LATERAL AGENCY"],"donor_type_id":["MULTI_AGY"],"expenditure":[32500.0],"fiscal_year":["2012"],"focus_area":"4","focus_area_descr":"Environment & sustainable development","gender_descr":"Some Contribution","gender_id":"GEN1","output_descr":"National Recovey and Recycling Programme in the Commercial and MAC sectors in Yemen","output_id":"13924","output_title":"YEM02G61-Nat Recov and Recyc"}],"project_descr":"National Recovey and Recycling Programme in the Commercial and MAC sectors in Yemen","project_id":"13924","project_title":"YEM02G61-National Recovery and Recycling Programme","region_id":"BDP","region_name":"Bureau for Dev. Policy","start":"2002-10-01","subnational":[]}