{"document_name":[],"end":"2011-12-31","fiscal_year":["2011"],"inst_descr":"","inst_id":" ","inst_type_descr":"","inst_type_id":"","operating_unit":"Bureau for Dev. Policy","operating_unit_id":"H21","outputs":[{"award_id":"13926","budget":[1.0],"crs":"41010","crs_descr":"Environmental policy and administrative management","donor_budget":[1.0],"donor_country":["MULTI-LATERAL AGENCY"],"donor_country_id":["MULTI_AGY"],"donor_expend":[-20786.99],"donor_id":["10009"],"donor_name":["MONTREAL PROTOCOL"],"donor_short":["MPU"],"donor_type":["MULTI-LATERAL AGENCY"],"donor_type_id":["MULTI_AGY"],"expenditure":[-20786.99],"fiscal_year":["2011"],"focus_area":"4","focus_area_descr":"Environment & sustainable development","gender_descr":"Some Contribution","gender_id":"GEN1","output_descr":"Terminal Umbrella Project - Aerosol Sector","output_id":"13926","output_title":"IND03G61-Terminal Umbrella Pr"}],"project_descr":"Terminal Umbrella Project - Aerosol Sector","project_id":"13926","project_title":"IND03G61-Terminal Umbrella Project - Aerosol Sector","region_id":"BDP","region_name":"Bureau for Dev. Policy","start":"2003-01-01","subnational":[]}