{"document_name":[],"end":"2011-12-31","fiscal_year":["2011"],"inst_descr":"","inst_id":" ","inst_type_descr":"","inst_type_id":"","operating_unit":"Bureau for Dev. Policy","operating_unit_id":"H21","outputs":[{"award_id":"13929","budget":[538239.0],"crs":"41010","crs_descr":"Environmental policy and administrative management","donor_budget":[538239.0],"donor_country":["MULTI-LATERAL AGENCY"],"donor_country_id":["MULTI_AGY"],"donor_expend":[50642.84],"donor_id":["10009"],"donor_name":["MONTREAL PROTOCOL"],"donor_short":["MPU"],"donor_type":["MULTI-LATERAL AGENCY"],"donor_type_id":["MULTI_AGY"],"expenditure":[50642.84],"fiscal_year":["2011"],"focus_area":"4","focus_area_descr":"Environment & sustainable development","gender_descr":"Some Contribution","gender_id":"GEN1","output_descr":"Sector Phase-out Plan for CFCs in the Refrigeration (Manufacturing) Sector in Syria","output_id":"13929","output_title":"SYR03G61-Phase Out Plan-Syria"}],"project_descr":"Sector Phase-out Plan for CFCs in the Refrigeration (Manufacturing) Sector in Syria","project_id":"13929","project_title":"SYR03G61-Sector Phase Out Plan - Syria","region_id":"BDP","region_name":"Bureau for Dev. Policy","start":"2003-02-01","subnational":[]}