{"document_name":[],"end":"2012-12-31","fiscal_year":["2012"],"inst_descr":"","inst_id":" ","inst_type_descr":"","inst_type_id":"","operating_unit":"Bureau for Dev. Policy","operating_unit_id":"H21","outputs":[{"award_id":"13931","budget":[88356.0],"crs":"41010","crs_descr":"Environmental policy and administrative management","donor_budget":[88356.0],"donor_country":["MULTI-LATERAL AGENCY"],"donor_country_id":["MULTI_AGY"],"donor_expend":[0.0],"donor_id":["10009"],"donor_name":["MPU"],"donor_short":["MPU"],"donor_type":["MULTI-LATERAL AGENCY"],"donor_type_id":["MULTI_AGY"],"expenditure":[0.0],"fiscal_year":["2012"],"focus_area":"4","focus_area_descr":"Environment & sustainable development","gender_descr":"Some Contribution","gender_id":"GEN1","output_descr":"End User Awareness/Incentive Programme","output_id":"13931","output_title":"MDV03G61-End-User Awar/Incent"}],"project_descr":"End User Awareness/Incentive Programme","project_id":"13931","project_title":"MDV03G61-End-User Awareness/Incentive Programme","region_id":"BDP","region_name":"Bureau for Dev. Policy","start":"2003-02-01","subnational":[]}