{"document_name":[],"end":"2012-12-31","fiscal_year":["2011","2010","2012"],"inst_descr":"","inst_id":" ","inst_type_descr":"","inst_type_id":"","operating_unit":"Bureau for Dev. Policy","operating_unit_id":"H21","outputs":[{"award_id":"13930","budget":[7579.0,70707.0,0],"crs":"41010","crs_descr":"Environmental policy and administrative management","donor_budget":[78286.0],"donor_country":["MULTI-LATERAL AGENCY"],"donor_country_id":["MULTI_AGY"],"donor_expend":[79594.08],"donor_id":["10009"],"donor_name":["MONTREAL PROTOCOL"],"donor_short":["MPU"],"donor_type":["MULTI-LATERAL AGENCY"],"donor_type_id":["MULTI_AGY"],"expenditure":[5942.42,73651.66,62526.07],"fiscal_year":["2012","2011","2010"],"focus_area":"4","focus_area_descr":"Environment & sustainable development","gender_descr":"Some Contribution","gender_id":"GEN1","output_descr":"Regional MeBr Phase-out for Low Volume Consuming Countries in Africa","output_id":"13930","output_title":"RAF03G61-Regional MeBr Phase"}],"project_descr":"Regional MeBr Phase-out for Low Volume Consuming Countries in Africa","project_id":"13930","project_title":"RAF03G61-Regional MeBr Phase-out for LVCs","region_id":"BDP","region_name":"Bureau for Dev. Policy","start":"2003-02-01","subnational":[]}