{"document_name":[],"end":"2012-12-31","fiscal_year":["2011","2010"],"inst_descr":"","inst_id":" ","inst_type_descr":"","inst_type_id":"","operating_unit":"Myanmar","operating_unit_id":"MMR","outputs":[{"award_id":"13947","budget":[1.0,0],"crs":"15110","crs_descr":"Economic and development policy/planning","donor_budget":[1.0],"donor_country":["MULTI-LATERAL AGENCY"],"donor_country_id":["MULTI_AGY"],"donor_expend":[-3057.1],"donor_id":["12"],"donor_name":["UNITED NATIONS DEVELOPMENT PROGRAMME"],"donor_short":["UNDP"],"donor_type":["MULTI-LATERAL AGENCY"],"donor_type_id":["MULTI_AGY"],"expenditure":[-3057.1,3057.1],"fiscal_year":["2011","2010"],"focus_area":"1","focus_area_descr":"Poverty reduction & MDG achievement","gender_descr":"Significant Objective","gender_id":"GEN2","output_descr":"Sustainable Microfinance to improve the livelihoods of the poor","output_id":"13947","output_title":"Microfinance Project"}],"project_descr":"Sustainable Microfinance to improve the livelihoods of the poor","project_id":"13947","project_title":"Microfinance Project","region_id":"RBAP","region_name":"Reg Bureau for Asia & Pacific","start":"2002-05-01","subnational":[]}