{"document_name":[],"end":"2012-12-31","fiscal_year":["2011","2010","2012"],"inst_descr":"","inst_id":" ","inst_type_descr":"","inst_type_id":"","operating_unit":"Bureau for Dev. Policy","operating_unit_id":"H21","outputs":[{"award_id":"13940","budget":[4813.0,148675.0,0],"crs":"41010","crs_descr":"Environmental policy and administrative management","donor_budget":[153488.0],"donor_country":["MULTI-LATERAL AGENCY"],"donor_country_id":["MULTI_AGY"],"donor_expend":[146112.37],"donor_id":["10009"],"donor_name":["MONTREAL PROTOCOL"],"donor_short":["MPU"],"donor_type":["MULTI-LATERAL AGENCY"],"donor_type_id":["MULTI_AGY"],"expenditure":[1710.47,144401.9,2959.02],"fiscal_year":["2012","2011","2010"],"focus_area":"4","focus_area_descr":"Environment & sustainable development","gender_descr":"Some Contribution","gender_id":"GEN1","output_descr":"Recovery and Recyling of CFC-12 Refrigerant","output_id":"13940","output_title":"HAI03G62-Haiti R&R CFC-12 Ref"}],"project_descr":"Recovery and Recyling of CFC-12 Refrigerant","project_id":"13940","project_title":"HAI03G62-Haiti R&R  of CFC-12 Refrigerant","region_id":"BDP","region_name":"Bureau for Dev. Policy","start":"2003-07-15","subnational":[]}