{"document_name":[],"end":"2012-12-31","fiscal_year":["2011","2010","2012"],"inst_descr":"","inst_id":" ","inst_type_descr":"","inst_type_id":"","operating_unit":"Myanmar","operating_unit_id":"MMR","outputs":[{"award_id":"13944","budget":[1.0,1.0,0],"crs":"15110","crs_descr":"Economic and development policy/planning","donor_budget":[2.0],"donor_country":["MULTI-LATERAL AGENCY"],"donor_country_id":["MULTI_AGY"],"donor_expend":[1241.19],"donor_id":["12"],"donor_name":["UNITED NATIONS DEVELOPMENT PROGRAMME"],"donor_short":["UNDP"],"donor_type":["MULTI-LATERAL AGENCY"],"donor_type_id":["MULTI_AGY"],"expenditure":[-3938.03,5179.22,1211.0],"fiscal_year":["2012","2011","2010"],"focus_area":"1","focus_area_descr":"Poverty reduction & MDG achievement","gender_descr":"Significant Objective","gender_id":"GEN2","output_descr":"Integrated Household Living Conditions Assessment in Myanmar","output_id":"13944","output_title":"Integrated Assessment"}],"project_descr":"Integrated Household Living Conditions Assessment in Myanmar","project_id":"13944","project_title":"Integrated Assessment","region_id":"RBAP","region_name":"Reg Bureau for Asia & Pacific","start":"2004-01-01","subnational":[{"lat":"22","lon":"98","precision":"9","scope":"1","type":"2"}]}