{"document_name":[],"end":"2012-12-31","fiscal_year":["2011","2010","2012"],"inst_descr":"","inst_id":" ","inst_type_descr":"","inst_type_id":"","operating_unit":"Myanmar","operating_unit_id":"MMR","outputs":[{"award_id":"13946","budget":[1.0,1.0,0],"crs":"16064","crs_descr":"Social mitigation of HIV/AIDS","donor_budget":[2.0],"donor_country":["MULTI-LATERAL AGENCY"],"donor_country_id":["MULTI_AGY"],"donor_expend":[20027.600000000002],"donor_id":["12"],"donor_name":["UNITED NATIONS DEVELOPMENT PROGRAMME"],"donor_short":["UNDP"],"donor_type":["MULTI-LATERAL AGENCY"],"donor_type_id":["MULTI_AGY"],"expenditure":[-911.1,20938.7,911.1],"fiscal_year":["2012","2011","2010"],"focus_area":"1","focus_area_descr":"Poverty reduction & MDG achievement","gender_descr":"Significant Objective","gender_id":"GEN2","output_descr":"The project will help prevent the further spread of HIV/AIDS and reduce the impact of the epidemic on individuals, families and communities in Myanmar.","output_id":"13946","output_title":"HIV/AIDS Project"}],"project_descr":"Enhancing Capacity for HIV/AIDS Prevention and Care","project_id":"13946","project_title":"HIV/AIDS Project","region_id":"RBAP","region_name":"Reg Bureau for Asia & Pacific","start":"2002-05-01","subnational":[{"lat":"22","lon":"98","precision":"9","scope":"1","type":"2"}]}