{"document_name":[],"end":"2012-12-31","fiscal_year":["2011","2010","2012","2013"],"inst_descr":"","inst_id":" ","inst_type_descr":"","inst_type_id":"","operating_unit":"Myanmar","operating_unit_id":"MMR","outputs":[{"award_id":"13948","budget":[1.0,52500.0],"crs":"99810","crs_descr":"Sectors Not Specified","donor_budget":[52501.0],"donor_country":["MULTI-LATERAL AGENCY"],"donor_country_id":["MULTI_AGY"],"donor_expend":[36835.23],"donor_id":["12"],"donor_name":["UNITED NATIONS DEVELOPMENT PROGRAMME"],"donor_short":["UNDP"],"donor_type":["MULTI-LATERAL AGENCY"],"donor_type_id":["MULTI_AGY"],"expenditure":[145.65,36689.58],"fiscal_year":["2013","2012"],"focus_area":"-","focus_area_descr":"-","gender_descr":"Some Contribution","gender_id":"GEN1","output_descr":"Support on HDI projects and formuatlion of New Country Programme (2013-2015).","output_id":"81504","output_title":"Programme management"},{"award_id":"13948","budget":[0.0,1357108.0],"crs":"99810","crs_descr":"Sectors Not Specified","donor_budget":[248271.0,1108837.0],"donor_country":["MULTI-LATERAL AGENCY","Norway"],"donor_country_id":["MULTI_AGY","NOR"],"donor_expend":[154621.18,863409.69],"donor_id":["12","187"],"donor_name":["UNITED NATIONS DEVELOPMENT PROGRAMME","GOVERNMENT OF NORWAY"],"donor_short":["UNDP","NOR"],"donor_type":["MULTI-LATERAL AGENCY","NON_PROGRAMME COUNTRY"],"donor_type_id":["MULTI_AGY","NON_PROGCTY"],"expenditure":[-169.26,1018475.66],"fiscal_year":["2013","2012"],"focus_area":"-","focus_area_descr":"-","gender_descr":"Some Contribution","gender_id":"GEN1","output_descr":"Inle Lake Conservation and Rehabilitation Project.","output_id":"80560","output_title":"Inle Lake Project"},{"award_id":"13948","budget":[361243.0],"crs":"74010","crs_descr":"Disaster prevention and preparedness","donor_budget":[361243.0],"donor_country":["MULTI-LATERAL AGENCY"],"donor_country_id":["MULTI_AGY"],"donor_expend":[334088.86],"donor_id":["12"],"donor_name":["UNITED NATIONS DEVELOPMENT PROGRAMME"],"donor_short":["UNDP"],"donor_type":["MULTI-LATERAL AGENCY"],"donor_type_id":["MULTI_AGY"],"expenditure":[334088.86],"fiscal_year":["2011"],"focus_area":"3","focus_area_descr":"Crisis prevention & recovery","gender_descr":"Significant Objective","gender_id":"GEN2","output_descr":"Emergency Response for Earthquake in Shan State","output_id":"78504","output_title":"Emergency Response Earthquake"},{"award_id":"13948","budget":[1.0,9163.3,349125.25,0],"crs":"99810","crs_descr":"Sectors Not Specified","donor_budget":[358288.55,1.0],"donor_country":["MULTI-LATERAL AGENCY","MULTI-LATERAL AGENCY"],"donor_country_id":["MULTI_AGY","MULTI_AGY"],"donor_expend":[387281.3,0.0],"donor_id":["10159","12"],"donor_name":["EUROPEAN COMMISSION","UNITED NATIONS DEVELOPMENT PROGRAMME"],"donor_short":["EUCOMM","UNDP"],"donor_type":["MULTI-LATERAL AGENCY","MULTI-LATERAL AGENCY"],"donor_type_id":["MULTI_AGY","MULTI_AGY"],"expenditure":[0.0,47319.35,339961.95,107147.14],"fiscal_year":["2013","2012","2011","2010"],"focus_area":"-","focus_area_descr":"-","gender_descr":"Significant Objective","gender_id":"GEN2","output_descr":"Strengthening Disaster Risk Reduction Practice in Myanmar through research and enhanced inter-agency coordination","output_id":"76015","output_title":"DRR Research&Interagency coord"},{"award_id":"13948","budget":[0.0,50253.0,586086.94],"crs":"99810","crs_descr":"Sectors Not Specified","donor_budget":[447603.49,188736.45],"donor_country":["Norway","United Kingdom"],"donor_country_id":["NOR","GBR"],"donor_expend":[419152.88,183952.17],"donor_id":["187","551"],"donor_name":["GOVERNMENT OF NORWAY","DEPARTMENT FOR INT'L DEVELOPMENT (DFID)"],"donor_short":["NOR","DFID"],"donor_type":["NON_PROGRAMME COUNTRY","NON_PROGRAMME COUNTRY"],"donor_type_id":["NON_PROGCTY","NON_PROGCTY"],"expenditure":[990.0,69228.5,532886.55],"fiscal_year":["2013","2012","2011"],"focus_area":"-","focus_area_descr":"-","gender_descr":"Some Contribution","gender_id":"GEN1","output_descr":"Recovery Coordination","output_id":"73436","output_title":"Recovery Coordination"},{"award_id":"13948","budget":[19992.0,580978.72,139929.57,0],"crs":"99810","crs_descr":"Sectors Not Specified","donor_budget":[279680.14,12960.68,234552.77000000002,152850.4,7991.97,1.0,606.75,36948.0,266.0,15042.58],"donor_country":["MULTI-LATERAL AGENCY","Japan","Norway","United Kingdom","New Zealand","OTHERS","Australia","Switzerland","Sweden","MULTI-LATERAL AGENCY"],"donor_country_id":["MULTI_AGY","JPN","NOR","GBR","NZL","OTH","AUS","CHE","SWE","MULTI_AGY"],"donor_expend":[274129.82999999996,12195.21,129295.09999999999,516.21,7506.08,0.02,569.62,36948.0,266.0,16493.58],"donor_id":["12","141","187","551","10279","10361","11234","232","555","10159"],"donor_name":["UNITED NATIONS DEVELOPMENT PROGRAMME","GOVERNMENT OF JAPAN","GOVERNMENT OF NORWAY","DEPARTMENT FOR INT'L DEVELOPMENT (DFID)","NEW ZEALAND AGY FOR INT'L DEVELOPMENT","ZAYED FOUNDATION","Australian Agency for Int'l Development","GOVERNMENT OF SWITZERLAND","SWEDISH INTERNATIONAL DEVELOPMENT COOPER","EUCOMM"],"donor_short":["UNDP","JPN","NOR","DFID","NZAID","ZAYED FOUN","AusAID","SWI","SIDA","EUCOMM"],"donor_type":["MULTI-LATERAL AGENCY","NON_PROGRAMME COUNTRY","NON_PROGRAMME COUNTRY","NON_PROGRAMME COUNTRY","NON_PROGRAMME COUNTRY","PRIVATE SECTOR","NON_PROGRAMME COUNTRY","NON_PROGRAMME COUNTRY","NON_PROGRAMME COUNTRY","MULTI-LATERAL AGENCY"],"donor_type_id":["MULTI_AGY","NON_PROGCTY","NON_PROGCTY","NON_PROGCTY","NON_PROGCTY","PRIV","NON_PROGCTY","NON_PROGCTY","NON_PROGCTY","MULTI_AGY"],"expenditure":[5904.37,429136.29,42878.99,4643433.79],"fiscal_year":["2013","2012","2011","2010"],"focus_area":"-","focus_area_descr":"-","gender_descr":"Significant Objective","gender_id":"GEN2","output_descr":"Integrated Community Development Project (ICDP)- Integrated Community Early Recovery Component","output_id":"62308","output_title":"Nargis-Early Recovery"},{"award_id":"13948","budget":[0.0,5080302.89,8560781.85,0],"crs":"99810","crs_descr":"Sectors Not Specified","donor_budget":[6317409.6899999995,474015.04000000004,0.0,746970.8,2012511.01,1161846.79,736249.3500000001,258461.03999999998,156421.55,1777199.47],"donor_country":["MULTI-LATERAL AGENCY","Denmark","Italy","Norway","United Kingdom","Sweden","MULTI-LATERAL AGENCY","United States of America","Australia","OTHERS"],"donor_country_id":["MULTI_AGY","DNK","ITA","NOR","GBR","SWE","MULTI_AGY","USA","AUS","OTH"],"donor_expend":[5799265.13,474015.14,-0.52,749379.72,2020685.3900000001,929280.71,650715.8999999999,251466.84,156421.4,1776542.37],"donor_id":["12","95","137","187","551","555","10159","10480","11234","11613"],"donor_name":["UNITED NATIONS DEVELOPMENT PROGRAMME","GOVERNMENT OF DENMARK","GOVERNMENT OF ITALY","GOVERNMENT OF NORWAY","DEPARTMENT FOR INT'L DEVELOPMENT (DFID)","SWEDISH INT'L DEVELOPMENT COOPERATION","EUROPEAN COMMISSION","USAID","Australian Agency for Int'l Development","LIFT_Trust_Fund_Manager"],"donor_short":["UNDP","DEN","ITA","NOR","DFID","SIDA","EUCOMM","USAID","AusAID","LIFT_TFM"],"donor_type":["MULTI-LATERAL AGENCY","NON_PROGRAMME COUNTRY","NON_PROGRAMME COUNTRY","NON_PROGRAMME COUNTRY","NON_PROGRAMME COUNTRY","NON_PROGRAMME COUNTRY","MULTI-LATERAL AGENCY","NON_PROGRAMME COUNTRY","NON_PROGRAMME COUNTRY","PRIVATE SECTOR"],"donor_type_id":["MULTI_AGY","NON_PROGCTY","NON_PROGCTY","NON_PROGCTY","NON_PROGCTY","NON_PROGCTY","MULTI_AGY","NON_PROGCTY","NON_PROGCTY","PRIV"],"expenditure":[13910.21,4635950.28,8157911.59,4337020.76],"fiscal_year":["2013","2012","2011","2010"],"focus_area":"-","focus_area_descr":"-","gender_descr":"Significant Objective","gender_id":"GEN2","output_descr":"Integrated Community Development Project","output_id":"13948","output_title":"Integrated Comm. Dev. Project"}],"project_descr":"Integrated Community Development Project","project_id":"13948","project_title":"ICDP","region_id":"RBAP","region_name":"Reg Bureau for Asia & Pacific","start":"2004-01-01","subnational":[{"lat":"20.78919","lon":"97.03776","precision":"4","scope":"3","type":"2"},{"lat":"20.78919","lon":"97.03776","precision":"4","scope":"3","type":"2"},{"lat":"20.78919","lon":"97.03776","precision":"4","scope":"3","type":"2"},{"lat":"20.78919","lon":"97.03776","precision":"4","scope":"2","type":"2"},{"lat":"20.78919","lon":"97.03776","precision":"4","scope":"3","type":"2"},{"lat":"20.78919","lon":"97.03776","precision":"4","scope":"2","type":"2"},{"lat":"20.78919","lon":"97.03776","precision":"4","scope":"3","type":"2"}]}