{"document_name":[],"end":"2007-12-31","fiscal_year":["2011"],"inst_descr":"","inst_id":" ","inst_type_descr":"","inst_type_id":"","operating_unit":"Namibia","operating_unit_id":"NAM","outputs":[{"award_id":"13959","budget":[0.0],"crs":"41010","crs_descr":"Environmental policy and administrative management","donor_budget":[0.0],"donor_country":["MULTI-LATERAL AGENCY"],"donor_country_id":["MULTI_AGY"],"donor_expend":[-20.4],"donor_id":["10003"],"donor_name":["Global Environment Fund Trustee"],"donor_short":["GEFTrustee"],"donor_type":["MULTI-LATERAL AGENCY"],"donor_type_id":["MULTI_AGY"],"expenditure":[-20.4],"fiscal_year":["2011"],"focus_area":"4","focus_area_descr":"Environment & sustainable development","gender_descr":"-","gender_id":"-","output_descr":"Namibia's National Capacity Needs Self-Assessment (NCSA) for Global Environmental Management","output_id":"13959","output_title":"National Capacity Self Assessm"}],"project_descr":"Namibia's National Capacity Self-Assessment (NCSA) for global environmental management.","project_id":"13959","project_title":"National Capacity Self Assmt for Global Environ MGTNCSA","region_id":"RBA","region_name":"Reg Bureau for Africa","start":"2003-02-25","subnational":[{"lat":"-22","lon":"17","precision":"9","scope":"4","type":"1"}]}