{"document_name":[],"end":"2012-12-31","fiscal_year":["2011","2010","2012","2013"],"inst_descr":"","inst_id":" ","inst_type_descr":"","inst_type_id":"","operating_unit":"Namibia","operating_unit_id":"NAM","outputs":[{"award_id":"13955","budget":[50000.0,120000.0,160000.0,0],"crs":"25010","crs_descr":"Business support services and institutions","donor_budget":[330000.0],"donor_country":["OTHERS"],"donor_country_id":["OTH"],"donor_expend":[295701.5],"donor_id":["1501"],"donor_name":["NAM-NATIONAL INSTITUTE FOR EDU"],"donor_short":["NIED"],"donor_type":["PRIVATE SECTOR"],"donor_type_id":["PRIV"],"expenditure":[35028.56,105434.82,155238.12,272475.8],"fiscal_year":["2013","2012","2011","2010"],"focus_area":"1","focus_area_descr":"Poverty reduction & MDG achievement","gender_descr":"Some Contribution","gender_id":"GEN1","output_descr":"CURRICULUM DEVELOPMENT AND IN-SERVICE TEACHER EDUCATION  (01)  AND TECHNICAL SUPPORT  IN TRANSITION TO CCF 2 (09)","output_id":"13955","output_title":"CURRICULUM DEVELOPMENT"}],"project_descr":"CURRICULUM DEVELOPMENT AND IN-SERVICE TEACHER EDUCATION  (01)  AND TECHNICAL SUPPORT  IN TRANSITION TO CCF 2 (09)","project_id":"13955","project_title":"CURRICULUM DEVELOPMENT","region_id":"RBA","region_name":"Reg Bureau for Africa","start":"2002-01-01","subnational":[{"lat":"-22","lon":"17","precision":"9","scope":"4","type":"1"}]}