{"document_name":[],"end":"2012-12-31","fiscal_year":["2011","2010","2012","2013"],"inst_descr":"","inst_id":" ","inst_type_descr":"","inst_type_id":"","operating_unit":"Namibia","operating_unit_id":"NAM","outputs":[{"award_id":"13958","budget":[110000.0,167820.0,115423.0,0],"crs":"25010","crs_descr":"Business support services and institutions","donor_budget":[393243.0,0.0],"donor_country":["MULTI-LATERAL AGENCY","Spain"],"donor_country_id":["MULTI_AGY","ESP"],"donor_expend":[273287.31999999995,6299.06],"donor_id":["12","220"],"donor_name":["UNITED NATIONS DEVELOPMENT PROGRAMME","GOVERNMENT OF SPAIN"],"donor_short":["UNDP","SPA"],"donor_type":["MULTI-LATERAL AGENCY","NON_PROGRAMME COUNTRY"],"donor_type_id":["MULTI_AGY","NON_PROGCTY"],"expenditure":[8334.41,166631.33,104620.64,401335.48],"fiscal_year":["2013","2012","2011","2010"],"focus_area":"1","focus_area_descr":"Poverty reduction & MDG achievement","gender_descr":"Significant Objective","gender_id":"GEN2","output_descr":"REDUCTION OF HUMAN POVERTY\r\nThis project is aimed at supporting the Government especially the National Planning Commission Secretariat in the context of Vision 2030 and the MDG's","output_id":"13958","output_title":"REDUCTION OF HUMAN POVERTY"}],"project_descr":"SUPPORT TO POVERTY REDUCTION","project_id":"13958","project_title":"REDUCTION OF HUMAN POVERTY","region_id":"RBA","region_name":"Reg Bureau for Africa","start":"2002-07-01","subnational":[{"lat":"-22","lon":"17","precision":"9","scope":"4","type":"1"}]}