{"document_name":[],"end":"2012-12-31","fiscal_year":["2011","2010","2012","2013"],"inst_descr":"","inst_id":" ","inst_type_descr":"","inst_type_id":"","operating_unit":"Namibia","operating_unit_id":"NAM","outputs":[{"award_id":"13954","budget":[22669.0,31310.26,24653.81,0],"crs":"13040","crs_descr":"STD control including HIV/AIDS","donor_budget":[7006.17,71626.9],"donor_country":["Namibia","Namibia"],"donor_country_id":["NAM","NAM"],"donor_expend":[2444.74,41405.65],"donor_id":["176","10684"],"donor_name":["GOVERNMENT OF NAMIBIA","MINISTRY OF BASIC EDUCATION"],"donor_short":["NAM","MBE-NAMU"],"donor_type":["PROGRAMME COUNTRY","PROGRAMME COUNTRY"],"donor_type_id":["PROGCTY","PROGCTY"],"expenditure":[9214.01,17045.4,17590.98,20121.81],"fiscal_year":["2013","2012","2011","2010"],"focus_area":"1","focus_area_descr":"Poverty reduction & MDG achievement","gender_descr":"Significant Objective","gender_id":"GEN2","output_descr":"UNV Support to Capacity Building Initiatives in Namibia","output_id":"13954","output_title":"UNV Capacity Building Support"}],"project_descr":"UNV Support to Capacity Building Initiatives in Namibia","project_id":"13954","project_title":"UNV Capacity Building Support Programme","region_id":"RBA","region_name":"Reg Bureau for Africa","start":"2002-02-22","subnational":[{"lat":"-22","lon":"17","precision":"9","scope":"4","type":"1"}]}