{"document_name":[],"end":"2011-10-31","fiscal_year":["2011"],"inst_descr":"","inst_id":" ","inst_type_descr":"","inst_type_id":"","operating_unit":"Nepal","operating_unit_id":"NPL","outputs":[{"award_id":"13976","budget":[10.0],"crs":"99810","crs_descr":"Sectors Not Specified","donor_budget":[1.0,9.0],"donor_country":["MULTI-LATERAL AGENCY","United Kingdom"],"donor_country_id":["MULTI_AGY","GBR"],"donor_expend":[-8.69,8.69],"donor_id":["12","248"],"donor_name":["UNITED NATIONS DEVELOPMENT PROGRAMME","GOVERNMENT OF UNITED KINGDOM"],"donor_short":["UNDP","UKM"],"donor_type":["MULTI-LATERAL AGENCY","NON_PROGRAMME COUNTRY"],"donor_type_id":["MULTI_AGY","NON_PROGCTY"],"expenditure":[0.0],"fiscal_year":["2011"],"focus_area":"-","focus_area_descr":"-","gender_descr":"Some Contribution","gender_id":"GEN1","output_descr":"Assistance for an expanded rights-based response to the concentrated HIV/AIDS epidemic in Nepal (Nepal Initiative)","output_id":"13976","output_title":"Assistance for HIV/AIDS"}],"project_descr":"Assistance for an expanded rights-based response to the concentrated HIV/AIDS epidemic in Nepal (Nepal Initiative)","project_id":"13976","project_title":"Assistance to the concentrated HIV/AIDS","region_id":"RBAP","region_name":"Reg Bureau for Asia & Pacific","start":"2001-01-01","subnational":[{"lat":"28","lon":"84","precision":"9","scope":"4","type":"2"}]}