{"document_name":[],"end":"2012-08-31","fiscal_year":["2011","2012"],"inst_descr":"","inst_id":" ","inst_type_descr":"","inst_type_id":"","operating_unit":"Nepal","operating_unit_id":"NPL","outputs":[{"award_id":"13979","budget":[13.19,196.0],"crs":"99810","crs_descr":"Sectors Not Specified","donor_budget":[208.19,1.0],"donor_country":["MULTI-LATERAL AGENCY","MULTI-LATERAL AGENCY"],"donor_country_id":["MULTI_AGY","MULTI_AGY"],"donor_expend":[230.72,-12.19],"donor_id":["12","10003"],"donor_name":["UNITED NATIONS DEVELOPMENT PROGRAMME","GEFTrustee"],"donor_short":["UNDP","GEFTrustee"],"donor_type":["MULTI-LATERAL AGENCY","MULTI-LATERAL AGENCY"],"donor_type_id":["MULTI_AGY","MULTI_AGY"],"expenditure":[0.0,218.53],"fiscal_year":["2012","2011"],"focus_area":"4","focus_area_descr":"Environment & sustainable development","gender_descr":"No Contribution","gender_id":"GEN0","output_descr":"Landscape-scale conservation of endangered tiger and rhinoceros populations in and around Royal Chitwan National Park","output_id":"13979","output_title":"Tiger Rhinos Conservation-GEF"}],"project_descr":"Landscape-scale conservation of endangered tiger and rhinoceros populations in and around Royal Chitwan National Park","project_id":"13979","project_title":"Tiger Rhinos Conservation","region_id":"RBAP","region_name":"Reg Bureau for Asia & Pacific","start":"2001-07-01","subnational":[{"lat":"27.58333","lon":"84.33333","precision":"3","scope":"2","type":"2"}]}