{"document_name":[],"end":"2007-08-31","fiscal_year":["2012"],"inst_descr":"","inst_id":" ","inst_type_descr":"","inst_type_id":"","operating_unit":"Nepal","operating_unit_id":"NPL","outputs":[{"award_id":"13986","budget":[0.0,0],"crs":"13040","crs_descr":"STD control including HIV/AIDS","donor_budget":[0.0],"donor_country":["MULTI-LATERAL AGENCY"],"donor_country_id":["MULTI_AGY"],"donor_expend":[0.0],"donor_id":["12"],"donor_name":["UNITED NATIONS DEVELOPMENT PROGRAMME"],"donor_short":["UNDP"],"donor_type":["MULTI-LATERAL AGENCY"],"donor_type_id":["MULTI_AGY"],"expenditure":[0.0,641.39],"fiscal_year":["2012","2010"],"focus_area":"1","focus_area_descr":"Poverty reduction & MDG achievement","gender_descr":"-","gender_id":"-","output_descr":"Local people (poor, women, men, and Dalits) receive benefits from rural energy services, capacities developed and their livelihoods support system strengthened.","output_id":"39492","output_title":"Local livelihoods support-CPR"}],"project_descr":"Rural Energy Development Programme","project_id":"13986","project_title":"REDP-II","region_id":"RBAP","region_name":"Reg Bureau for Asia & Pacific","start":"2002-01-01","subnational":[]}