{"document_name":[],"end":"2010-03-31","fiscal_year":["2011","2010"],"inst_descr":"","inst_id":" ","inst_type_descr":"","inst_type_id":"","operating_unit":"Nepal","operating_unit_id":"NPL","outputs":[{"award_id":"13984","budget":[0.0,0],"crs":"15120","crs_descr":"Public sector financial management","donor_budget":[0.0],"donor_country":["MULTI-LATERAL AGENCY"],"donor_country_id":["MULTI_AGY"],"donor_expend":[6910.89],"donor_id":["12"],"donor_name":["UNITED NATIONS DEVELOPMENT PROGRAMME"],"donor_short":["UNDP"],"donor_type":["MULTI-LATERAL AGENCY"],"donor_type_id":["MULTI_AGY"],"expenditure":[6910.89,6910.89],"fiscal_year":["2011","2010"],"focus_area":"2","focus_area_descr":"Democratic governance","gender_descr":"-","gender_id":"-","output_descr":"Support for Peace and Development Initiatives in Nepal","output_id":"13984","output_title":"SPDI-Peace building in Nepal"}],"project_descr":"Support for Peace and Development Initiatives in Nepal","project_id":"13984","project_title":"Peace and Development Initiatives in Nepal","region_id":"RBAP","region_name":"Reg Bureau for Asia & Pacific","start":"2001-10-01","subnational":[]}