{"document_name":[],"end":"2012-12-31","fiscal_year":["2012"],"inst_descr":"","inst_id":" ","inst_type_descr":"","inst_type_id":"","operating_unit":"Nepal","operating_unit_id":"NPL","outputs":[{"award_id":"13994","budget":[267704.0],"crs":"99810","crs_descr":"Sectors Not Specified","donor_budget":[1.0,267549.0,154.0],"donor_country":["MULTI-LATERAL AGENCY","Norway","United Kingdom"],"donor_country_id":["MULTI_AGY","NOR","GBR"],"donor_expend":[-267702.44,275575.19,158.32],"donor_id":["12","187","248"],"donor_name":["UNITED NATIONS DEVELOPMENT PROGRAMME","GOVERNMENT OF NORWAY","GOVERNMENT OF UNITED KINGDOM"],"donor_short":["UNDP","NOR","UKM"],"donor_type":["MULTI-LATERAL AGENCY","NON_PROGRAMME COUNTRY","NON_PROGRAMME COUNTRY"],"donor_type_id":["MULTI_AGY","NON_PROGCTY","NON_PROGCTY"],"expenditure":[8031.07],"fiscal_year":["2012"],"focus_area":"-","focus_area_descr":"-","gender_descr":"No Contribution","gender_id":"GEN0","output_descr":"LGP/PDDP Bridging Phase Programme","output_id":"13994","output_title":"LGP/PDDP Bridging Phase Progra"}],"project_descr":"LGP/PDDP Bridging Phase Programme","project_id":"13994","project_title":"LGP/PDDP Bridging Phase Programme","region_id":"RBAP","region_name":"Reg Bureau for Asia & Pacific","start":"2003-01-01","subnational":[]}