{"document_name":[],"end":"2011-12-31","fiscal_year":["2011","2012"],"inst_descr":"","inst_id":" ","inst_type_descr":"","inst_type_id":"","operating_unit":"Niger","operating_unit_id":"NER","outputs":[{"award_id":"14005","budget":[1.0,1012.0],"crs":"99810","crs_descr":"Sectors Not Specified","donor_budget":[1013.0],"donor_country":["Denmark"],"donor_country_id":["DNK"],"donor_expend":[960.3000000000001],"donor_id":["95"],"donor_name":["GOVERNMENT OF DENMARK"],"donor_short":["DEN"],"donor_type":["NON_PROGRAMME COUNTRY"],"donor_type_id":["NON_PROGCTY"],"expenditure":[-31.03,991.33],"fiscal_year":["2012","2011"],"focus_area":"-","focus_area_descr":"-","gender_descr":"No Contribution","gender_id":"GEN0","output_descr":"DOCUMENT D'APPUI AU PROGRAMME CADRE DE LUTTE CONTRE LA PAUVRETE","output_id":"14005","output_title":"LUTTE CONTRE LA PAUVRETE"}],"project_descr":"DOCUMENT D'APPUI AU PROGRAMME CADRE DE LUTTE CONTRE LA PAUVRETE","project_id":"14005","project_title":"LUTTE CONTRE LA PAUVRETE","region_id":"RBA","region_name":"Reg Bureau for Africa","start":"1998-04-01","subnational":[{"lat":"18","lon":"9","precision":"9","scope":"4","type":"2"}]}