{"document_name":[],"end":"2011-12-31","fiscal_year":["2011","2010"],"inst_descr":"","inst_id":" ","inst_type_descr":"","inst_type_id":"","operating_unit":"Niger","operating_unit_id":"NER","outputs":[{"award_id":"14014","budget":[156228.0,0],"crs":"15150","crs_descr":"Strengthening civil society","donor_budget":[2632.0,153485.0,111.0],"donor_country":["MULTI-LATERAL AGENCY","Denmark","United States of America"],"donor_country_id":["MULTI_AGY","DNK","USA"],"donor_expend":[0.0,0.0,0.0],"donor_id":["12","95","253"],"donor_name":["UNITED NATIONS DEVELOPMENT PROGRAMME","GOVERNMENT OF DENMARK","GOVERNMENT OF UNITED STATES OF AMERICA"],"donor_short":["UNDP","DEN","USA"],"donor_type":["MULTI-LATERAL AGENCY","NON_PROGRAMME COUNTRY","NON_PROGRAMME COUNTRY"],"donor_type_id":["MULTI_AGY","NON_PROGCTY","NON_PROGCTY"],"expenditure":[0.0,40495.14],"fiscal_year":["2011","2010"],"focus_area":"2","focus_area_descr":"Democratic governance","gender_descr":"Some Contribution","gender_id":"GEN1","output_descr":"\"Renforcement des capacit\u00e9s de la CENI & appui \u00e0 l'organisation des \u00e9lections municipales, l\u00e9gislatives & pr\u00e9sidentielles\"","output_id":"14014","output_title":"ASSISTANCE TECHNIQUE A LA CENI"}],"project_descr":"Renforcement des capacit\u00e9s de la CENI & appui \u00e0 l'organisation des \u00e9lections municipales, l\u00e9gislatives & pr\u00e9sidentielles","project_id":"14014","project_title":"ASSISTANCE TECHNIQUE A LA CENI","region_id":"RBA","region_name":"Reg Bureau for Africa","start":"2003-12-01","subnational":[{"lat":"13.95532","lon":"7.67122","precision":"3","scope":"3","type":"2"}]}