{"document_name":[],"end":"2009-12-31","fiscal_year":["2011","2010"],"inst_descr":"","inst_id":" ","inst_type_descr":"","inst_type_id":"","operating_unit":"Niger","operating_unit_id":"NER","outputs":[{"award_id":"14010","budget":[0.0,0],"crs":"13040","crs_descr":"STD control including HIV/AIDS","donor_budget":[0.0],"donor_country":["MULTI-LATERAL AGENCY"],"donor_country_id":["MULTI_AGY"],"donor_expend":[-200.29],"donor_id":["297"],"donor_name":["UNAIDS"],"donor_short":["UNAIDS"],"donor_type":["MULTI-LATERAL AGENCY"],"donor_type_id":["MULTI_AGY"],"expenditure":[-200.29,1275.89],"fiscal_year":["2011","2010"],"focus_area":"1","focus_area_descr":"Poverty reduction & MDG achievement","gender_descr":"No Contribution","gender_id":"GEN0","output_descr":"Promotion des comportements \u00e0 moindres risques et du conseil d\u00e9pistage volontaire et confidentiel VIH aupr\u00e8s des jeunes","output_id":"14010","output_title":"COMPORTEMENTS A MOINDRES RISQU"}],"project_descr":"Promotion des comportements \u00e0 moindres risques et du conseil d\u00e9pistage volontaire et confidentiel VIH aupr\u00e8s des jeunes","project_id":"14010","project_title":"COMPORTEMENTS A MOINDRES RISQUES","region_id":"RBA","region_name":"Reg Bureau for Africa","start":"2004-01-01","subnational":[{"lat":"18","lon":"9","precision":"9","scope":"4","type":"2"}]}