{"document_name":[],"end":"2013-12-31","fiscal_year":["2011","2010","2012","2013"],"inst_descr":"PRESIDENCIA DE LA REPUBLICA","inst_id":"2299","inst_type_descr":"Gov Counterpart Institution","inst_type_id":"GOV","operating_unit":"Nicaragua","operating_unit_id":"NIC","outputs":[{"award_id":"14029","budget":[256800.0],"crs":"25010","crs_descr":"Business support services and institutions","donor_budget":[256800.0],"donor_country":["Nicaragua"],"donor_country_id":["NIC"],"donor_expend":[0.0],"donor_id":["184"],"donor_name":["GOVERNMENT OF NICARAGUA"],"donor_short":["NIC"],"donor_type":["PROGRAMME COUNTRY"],"donor_type_id":["PROGCTY"],"expenditure":[0.0],"fiscal_year":["2013"],"focus_area":"1","focus_area_descr":"Poverty reduction & MDG achievement","gender_descr":"No Contribution","gender_id":"GEN0","output_descr":"El proyecto  est\u00e1 enfocado en el apoyo al  fortalecimiento de  los esfuerzos de promoci\u00f3n de la inversi\u00f3n y las exportaciones de Nicaragua, a trav\u00e9s del desarrollo de las capacidades de PRONicaragua para coordinar estos esfuerzos en el pa\u00eds.","output_id":"86106","output_title":"Inversiones y Exportaciones BM"},{"award_id":"14029","budget":[12059.67,49216.9],"crs":"25010","crs_descr":"Business support services and institutions","donor_budget":[28459.67,32816.9],"donor_country":["Switzerland","MULTI-LATERAL AGENCY"],"donor_country_id":["CHE","MULTI_AGY"],"donor_expend":[21400.0,0.0],"donor_id":["232","313"],"donor_name":["GOVERNMENT OF SWITZERLAND","INCOME GENERATED FROM PROJECTS"],"donor_short":["SWI","IGP"],"donor_type":["NON_PROGRAMME COUNTRY","MULTI-LATERAL AGENCY"],"donor_type_id":["NON_PROGCTY","MULTI_AGY"],"expenditure":[12059.67,9340.33],"fiscal_year":["2012","2011"],"focus_area":"1","focus_area_descr":"Poverty reduction & MDG achievement","gender_descr":"Some Contribution","gender_id":"GEN1","output_descr":"Promover un desarrollo econ\u00f3mico integral, sostenible, equitativo y justo para los pa\u00edses de C.A. promoviendo el posicionamiento de la regi\u00f3n como destino para las inversiones.","output_id":"78896","output_title":"Coordinaci\u00f3n Regional Agencias"},{"award_id":"14029","budget":[1732689.0,1325484.0,994020.38,0],"crs":"25010","crs_descr":"Business support services and institutions","donor_budget":[296000.0,2087296.1600000001,864273.2,804624.02],"donor_country":["MULTI-LATERAL AGENCY","Nicaragua","Switzerland","MULTI-LATERAL AGENCY"],"donor_country_id":["MULTI_AGY","NIC","CHE","MULTI_AGY"],"donor_expend":[274044.84,1556446.5999999999,373579.42000000004,576277.84],"donor_id":["12","184","232","313"],"donor_name":["UNITED NATIONS DEVELOPMENT PROGRAMME","GOVERNMENT OF NICARAGUA","GOVERNMENT OF SWITZERLAND","INCOME GENERATED FROM PROJECTS"],"donor_short":["UNDP","NIC","SWI","IGP"],"donor_type":["MULTI-LATERAL AGENCY","PROGRAMME COUNTRY","NON_PROGRAMME COUNTRY","MULTI-LATERAL AGENCY"],"donor_type_id":["MULTI_AGY","PROGCTY","NON_PROGCTY","MULTI_AGY"],"expenditure":[749892.11,1165911.16,864545.43,2002817.04],"fiscal_year":["2013","2012","2011","2010"],"focus_area":"1","focus_area_descr":"Poverty reduction & MDG achievement","gender_descr":"Some Contribution","gender_id":"GEN1","output_descr":"Programa de Fortalecimiento e Institucionalizaci\u00f3n de la Agencia Nacional para la Promoci\u00f3n de Inversiones Privadas (ProNicaragua), para el Desarrollo Econ\u00f3mico Sostenible y la Generaci\u00f3n de Empleos Dignos.","output_id":"62736","output_title":"Promoci\u00f3n de Inversi\u00f3n Fase II"}],"project_descr":"Apoyo a la Agencia Nacional de Promoci\u00f3n de Inversiones de Nicaragua - PRONicaragua","project_id":"14029","project_title":"Agencia de Promoci\u00f3n de Inversiones PRONicaragua","region_id":"RBLAC","region_name":"Reg Bur Latin Amer & Carib","start":"2002-11-15","subnational":[{"lat":"13","lon":"-85","precision":"9","scope":"4","type":"1"},{"lat":"13","lon":"-85","precision":"9","scope":"4","type":"1"}]}