{"document_name":[],"end":"2012-12-31","fiscal_year":["2011","2010","2012","2013"],"inst_descr":"Secretaria de Desarrollo de la","inst_id":"135","inst_type_descr":"","inst_type_id":"","operating_unit":"Nicaragua","operating_unit_id":"NIC","outputs":[{"award_id":"14048","budget":[370141.95,340274.18,346037.62,0],"crs":"15140","crs_descr":"Government administration","donor_budget":[1022883.3899999999,33570.36],"donor_country":["MULTI-LATERAL AGENCY","OTHERS"],"donor_country_id":["MULTI_AGY","OTH"],"donor_expend":[840736.51,33554.71],"donor_id":["12","304"],"donor_name":["UNITED NATIONS DEVELOPMENT PROGRAMME","FORD FOUNDATION"],"donor_short":["UNDP","FF"],"donor_type":["MULTI-LATERAL AGENCY","PRIVATE SECTOR"],"donor_type_id":["MULTI_AGY","PRIV"],"expenditure":[192755.8,338455.83,343079.59,368720.35],"fiscal_year":["2013","2012","2011","2010"],"focus_area":"2","focus_area_descr":"Democratic governance","gender_descr":"Significant Objective","gender_id":"GEN2","output_descr":"Desarrollo de Capacidades para la promoci\u00f3n del Desarrollo Humano en la Costa Caribe de Nicaragua.","output_id":"14048","output_title":"Desarrollo Humano Costa Caribe"}],"project_descr":"Desarrollo de Capacidades para la Promoci\u00f3n del Desarrollo Humano en la Costa Caribe de Nicaragua","project_id":"14048","project_title":"Desarrollo Humano Costa Caribe de Nicaragua","region_id":"RBLAC","region_name":"Reg Bur Latin Amer & Carib","start":"2003-05-15","subnational":[{"lat":"13","lon":"-85","precision":"9","scope":"4","type":"1"}]}