{"document_name":[],"end":"2012-11-3","fiscal_year":["2011","2010","2012"],"inst_descr":"Ministerio de Energia y Minas","inst_id":"3682","inst_type_descr":"Gov Counterpart Institution","inst_type_id":"GOV","operating_unit":"Nicaragua","operating_unit_id":"NIC","outputs":[{"award_id":"14045","budget":[50149.0,975981.99,0],"crs":"41010","crs_descr":"Environmental policy and administrative management","donor_budget":[141662.05,880004.86,4464.08],"donor_country":["MULTI-LATERAL AGENCY","Switzerland","MULTI-LATERAL AGENCY"],"donor_country_id":["MULTI_AGY","CHE","MULTI_AGY"],"donor_expend":[116468.68000000001,871135.7,4456.97],"donor_id":["12","232","10003"],"donor_name":["UNITED NATIONS DEVELOPMENT PROGRAMME","GOVERNMENT OF SWITZERLAND","Global Environment Fund Trustee"],"donor_short":["UNDP","SWI","GEFTrustee"],"donor_type":["MULTI-LATERAL AGENCY","NON_PROGRAMME COUNTRY","MULTI-LATERAL AGENCY"],"donor_type_id":["MULTI_AGY","NON_PROGCTY","MULTI_AGY"],"expenditure":[50148.12,941913.23,558746.63],"fiscal_year":["2012","2011","2010"],"focus_area":"4","focus_area_descr":"Environment & sustainable development","gender_descr":"Significant Objective","gender_id":"GEN2","output_descr":"Reducci\u00f3n de las emisiones de Gases de Efecto Invernadero (GEI) removiendo las barreras y reduciendo el costo de implementaci\u00f3n y diseminaci\u00f3n de las Peque\u00f1as Centrales Hidroel\u00e9ctricas (PCH) en Nicaragua.","output_id":"14045","output_title":"Desarrollo Hidroelectricidad"}],"project_descr":"Desarrollo de la Hidroelectricidad a Peque\u00f1a Escala para Usos Productivos en Zonas Fuera de Red  Peque\u00f1as Centrales Hidroel\u00e9tricas (PCH).","project_id":"14045","project_title":"Desarrollo de la Hidroelectricidad a Peque\u00f1a Escala","region_id":"RBLAC","region_name":"Reg Bur Latin Amer & Carib","start":"2003-11-15","subnational":[{"lat":"13","lon":"-85","precision":"9","scope":"4","type":"1"}]}