{"document_name":[],"end":"2007-06-3","fiscal_year":["2011"],"inst_descr":"","inst_id":" ","inst_type_descr":"","inst_type_id":"","operating_unit":"Nigeria","operating_unit_id":"NGA","outputs":[{"award_id":"14060","budget":[29498.56],"crs":"15110","crs_descr":"Economic and development policy/planning","donor_budget":[0.0,29498.56],"donor_country":["Nigeria","Nigeria"],"donor_country_id":["NGA","NGA"],"donor_expend":[0.0,0.0],"donor_id":["185","1069"],"donor_name":["GOVERNMENT OF NIGERIA","NIR-GOVERNMENT OF NIGERIA"],"donor_short":["NIR","GOVT"],"donor_type":["PROGRAMME COUNTRY","PROGRAMME COUNTRY"],"donor_type_id":["PROGCTY","PROGCTY"],"expenditure":[0.0],"fiscal_year":["2011"],"focus_area":"1","focus_area_descr":"Poverty reduction & MDG achievement","gender_descr":"Some Contribution","gender_id":"GEN1","output_descr":"SUPPORT NATIONAL EFFORTS TO ENHANCE CAPACITY FOR NATIONAL MANAGEMENT OF DEVELOPMENT AND TO PROMOTE GOOD GOVERNANCE.","output_id":"14060","output_title":"NATIONALLY MANAGED PARTICIPATO"}],"project_descr":"SUPPORT NATIONAL EFFORTS TO ENHANCE CAPACITY FOR NATIONAL MANAGEMENT OF DEVELOPMENT AND TO PROMOTE GOOD GOVERNANCE.","project_id":"14060","project_title":"NATIONALLY MANAGED PARTICIPATORY DEVELOPMENT.","region_id":"RBA","region_name":"Reg Bureau for Africa","start":"1998-08-01","subnational":[{"lat":"10","lon":"8","precision":"9","scope":"4","type":"1"}]}