{"document_name":[],"end":"2012-12-31","fiscal_year":["2012"],"inst_descr":"","inst_id":" ","inst_type_descr":"","inst_type_id":"","operating_unit":"Nigeria","operating_unit_id":"NGA","outputs":[{"award_id":"14067","budget":[5.0],"crs":"99810","crs_descr":"Sectors Not Specified","donor_budget":[5.0],"donor_country":["MULTI-LATERAL AGENCY"],"donor_country_id":["MULTI_AGY"],"donor_expend":[-2915.96],"donor_id":["10003"],"donor_name":["GEFTrustee"],"donor_short":["GEFTrustee"],"donor_type":["MULTI-LATERAL AGENCY"],"donor_type_id":["MULTI_AGY"],"expenditure":[-2915.96],"fiscal_year":["2012"],"focus_area":"-","focus_area_descr":"-","gender_descr":"Some Contribution","gender_id":"GEN1","output_descr":"ENABLING NIGERIA TO PREPARE ITS FIRST NATIONAL COMMUNICATION TO THE UNFCCC.","output_id":"14067","output_title":"COMMUNICATION TO THE UNFCCC"}],"project_descr":"ENABLING NIGERIA TO PREPARE ITS FIRST NATIONAL COMMUNICATION TO THE UNFCCC.","project_id":"14067","project_title":"COMMUNICATION TO THE UNFCCC","region_id":"RBA","region_name":"Reg Bureau for Africa","start":"1997-10-01","subnational":[]}