{"document_name":[],"end":"2013-12-31","fiscal_year":["2012","2013"],"inst_descr":"","inst_id":" ","inst_type_descr":"","inst_type_id":"","operating_unit":"Nigeria","operating_unit_id":"NGA","outputs":[{"award_id":"14091","budget":[917429.0,0.0],"crs":"99810","crs_descr":"Sectors Not Specified","donor_budget":[917429.0,-240197.0,240197.0],"donor_country":["United Kingdom","MULTI-LATERAL AGENCY","Nigeria"],"donor_country_id":["GBR","MULTI_AGY","NGA"],"donor_expend":[0.0,0.0,0.0],"donor_id":["551","12","185"],"donor_name":["DEPARTMENT FOR INTERNATIONAL DEVELOPMENT","UNITED NATIONS DEVELOPMENT PROGRAMME","GOVERNMENT OF NIGERIA"],"donor_short":["DFID","UNDP","NIR"],"donor_type":["NON_PROGRAMME COUNTRY","MULTI-LATERAL AGENCY","PROGRAMME COUNTRY"],"donor_type_id":["NON_PROGCTY","MULTI_AGY","PROGCTY"],"expenditure":[0.0,0.0],"fiscal_year":["2013","2012"],"focus_area":"-","focus_area_descr":"-","gender_descr":"No Contribution","gender_id":"GEN0","output_descr":"NIGERIAN DIASPORA TRUST FUND","output_id":"14091","output_title":"NIGERIAN DIASPORA TRUST FUN"}],"project_descr":"NIGERIAN DIASPORA TRUST FUND","project_id":"14091","project_title":"NIGERIAN DIASPORA TRUST FUN","region_id":"RBA","region_name":"Reg Bureau for Africa","start":"2003-07-01","subnational":[]}