{"document_name":[],"end":"2012-12-31","fiscal_year":["2011","2010","2012","2013"],"inst_descr":"","inst_id":" ","inst_type_descr":"","inst_type_id":"","operating_unit":"Nigeria","operating_unit_id":"NGA","outputs":[{"award_id":"14090","budget":[0.0,243992.0,901266.41,0],"crs":"41010","crs_descr":"Environmental policy and administrative management","donor_budget":[1145258.4100000001],"donor_country":["MULTI-LATERAL AGENCY"],"donor_country_id":["MULTI_AGY"],"donor_expend":[1039386.08],"donor_id":["10009"],"donor_name":["MONTREAL PROTOCOL"],"donor_short":["MPU"],"donor_type":["MULTI-LATERAL AGENCY"],"donor_type_id":["MULTI_AGY"],"expenditure":[4.27,235514.11,803867.7,682818.19],"fiscal_year":["2013","2012","2011","2010"],"focus_area":"4","focus_area_descr":"Environment & sustainable development","gender_descr":"No Contribution","gender_id":"GEN0","output_descr":"Total phase out of the use of Chlorofluorocarbons (CFCs) in the Foam and Refrigeration and Air conditioning sectors of the Nigerian economy. This project aims to reduce the consumption of CFCs in Nigeria from 3 metric tonnes   in   2003 to (zero)","output_id":"14090","output_title":"Phase Out Plan For CFCs in Nig"}],"project_descr":"Project aims to reduce the consumption of CFCs in Nigeria to Zero. Using the promotion of good practices in refrigeration and air-conditioning system with recovery and recycling of substances the existing stock of CFCs in the country would be conserved.","project_id":"14090","project_title":"Phase-Out Plan For Elimination Of CFCs in Nigeria","region_id":"RBA","region_name":"Reg Bureau for Africa","start":"2003-08-01","subnational":[]}