{"document_name":[],"end":"2011-12-31","fiscal_year":["2011"],"inst_descr":"","inst_id":" ","inst_type_descr":"","inst_type_id":"","operating_unit":"Pakistan","operating_unit_id":"PAK","outputs":[{"award_id":"14110","budget":[1.0],"crs":"99810","crs_descr":"Sectors Not Specified","donor_budget":[1.0],"donor_country":["MULTI-LATERAL AGENCY"],"donor_country_id":["MULTI_AGY"],"donor_expend":[-119638.24],"donor_id":["10003"],"donor_name":["Global Environment Fund Trustee"],"donor_short":["GEFTrustee"],"donor_type":["MULTI-LATERAL AGENCY"],"donor_type_id":["MULTI_AGY"],"expenditure":[-119638.24],"fiscal_year":["2011"],"focus_area":"4","focus_area_descr":"Environment & sustainable development","gender_descr":"No Contribution","gender_id":"GEN0","output_descr":"MOUNTAIN AREAS CONSERVANCY PROJECT (MACP)","output_id":"14110","output_title":"MOUNTAIN AREAS CONSERVANCY"}],"project_descr":"MOUNTAIN AREAS CONSERVANCY PROJECT (MACP)","project_id":"14110","project_title":"Mountain Conservancy","region_id":"RBAP","region_name":"Reg Bureau for Asia & Pacific","start":"1999-04-01","subnational":[]}