{"document_name":[],"end":"2012-05-31","fiscal_year":["2011","2010","2012","2013"],"inst_descr":"","inst_id":" ","inst_type_descr":"","inst_type_id":"","operating_unit":"Pakistan","operating_unit_id":"PAK","outputs":[{"award_id":"14120","budget":[0.0,3701867.97,8130265.91,0],"crs":"99810","crs_descr":"Sectors Not Specified","donor_budget":[119114.7,1086383.6,157562.61,10457216.2,11856.77,0.0],"donor_country":["MULTI-LATERAL AGENCY","Norway","Switzerland","United Kingdom","OTHERS","MULTI-LATERAL AGENCY"],"donor_country_id":["MULTI_AGY","NOR","CHE","GBR","OTH","MULTI_AGY"],"donor_expend":[99481.3,583760.59,75772.88,11233603.48,11856.93,-2256.0],"donor_id":["12","187","232","248","311","10714"],"donor_name":["UNITED NATIONS DEVELOPMENT PROGRAMME","GOVERNMENT OF NORWAY","GOVERNMENT OF SWITZERLAND","GOVERNMENT OF UNITED KINGDOM","PRIVATE SECTOR","UNDP AS AA FOR JP PASS THROUGH"],"donor_short":["UNDP","NOR","SWI","UKM","PRIVSECT","UNDP(JPAA)"],"donor_type":["MULTI-LATERAL AGENCY","NON_PROGRAMME COUNTRY","NON_PROGRAMME COUNTRY","NON_PROGRAMME COUNTRY","PRIVATE SECTOR","MULTI-LATERAL AGENCY"],"donor_type_id":["MULTI_AGY","NON_PROGCTY","NON_PROGCTY","NON_PROGCTY","PRIV","MULTI_AGY"],"expenditure":[334.92,3692004.77,8309879.49,4614433.56],"fiscal_year":["2013","2012","2011","2010"],"focus_area":"-","focus_area_descr":"-","gender_descr":"Significant Objective","gender_id":"GEN2","output_descr":"Support to Devolution Trust for Community Empwerment","output_id":"14120","output_title":"Community Empowerment"}],"project_descr":"Support to Devolution Trust for Community Empowerment","project_id":"14120","project_title":"Support to Devolution Trust for Community Empowerment","region_id":"RBAP","region_name":"Reg Bureau for Asia & Pacific","start":"2003-03-15","subnational":[{"lat":"30","lon":"70","precision":"9","scope":"4","type":"1"}]}