{"document_name":[],"end":"2012-05-31","fiscal_year":["2012"],"inst_descr":"","inst_id":" ","inst_type_descr":"","inst_type_id":"","operating_unit":"Pakistan","operating_unit_id":"PAK","outputs":[{"award_id":"14125","budget":[1001.0],"crs":"99810","crs_descr":"Sectors Not Specified","donor_budget":[1000.0,1.0],"donor_country":["MULTI-LATERAL AGENCY","MULTI-LATERAL AGENCY"],"donor_country_id":["MULTI_AGY","MULTI_AGY"],"donor_expend":[942.0,-942.0],"donor_id":["12","10003"],"donor_name":["UNITED NATIONS DEVELOPMENT PROGRAMME","GEFTrustee"],"donor_short":["UNDP","GEFTrustee"],"donor_type":["MULTI-LATERAL AGENCY","MULTI-LATERAL AGENCY"],"donor_type_id":["MULTI_AGY","MULTI_AGY"],"expenditure":[0.0],"fiscal_year":["2012"],"focus_area":"4","focus_area_descr":"Environment & sustainable development","gender_descr":"No Contribution","gender_id":"GEN0","output_descr":"Pakistan-POPs Enabling Activity: Preparation of the POPs National Implementation Plan under the Stockholm Convention","output_id":"14125","output_title":"ECC-Global Convention - POPs"}],"project_descr":"Pakistan-POPs Enabling Activity: Preparation of the POPs National Implementation Plan under the Stockholm Convention","project_id":"14125","project_title":"POPS - Enabling Activities","region_id":"RBAP","region_name":"Reg Bureau for Asia & Pacific","start":"2002-10-01","subnational":[]}