{"document_name":[],"end":"2012-12-31","fiscal_year":["2011","2010","2012","2013"],"inst_descr":"","inst_id":" ","inst_type_descr":"","inst_type_id":"","operating_unit":"Pakistan","operating_unit_id":"PAK","outputs":[{"award_id":"14127","budget":[140828.0],"crs":"99810","crs_descr":"Sectors Not Specified","donor_budget":[140828.0],"donor_country":["MULTI-LATERAL AGENCY"],"donor_country_id":["MULTI_AGY"],"donor_expend":[0.0],"donor_id":["10714"],"donor_name":["UNDP AS ADMINISTRATIVE AGENT FOR A JOINT PROGRAMME PASS THROUGH ARRANGEMENT"],"donor_short":["UNDP(JPAA)"],"donor_type":["MULTI-LATERAL AGENCY"],"donor_type_id":["MULTI_AGY"],"expenditure":[0.0],"fiscal_year":["2012"],"focus_area":"-","focus_area_descr":"-","gender_descr":"Significant Objective","gender_id":"GEN2","output_descr":"Empower & capacitate current & potential duty bearers particularly women to own and promote devolved gender based goverannce; strengthen civil service training institutions contributing to civil service reforms and gender based governance","output_id":"84624","output_title":"Gender Support Proramme-MDTF"},{"award_id":"14127","budget":[1236409.0],"crs":"99810","crs_descr":"Sectors Not Specified","donor_budget":[1236409.0],"donor_country":["MULTI-LATERAL AGENCY"],"donor_country_id":["MULTI_AGY"],"donor_expend":[1246982.67],"donor_id":["10714"],"donor_name":["UNDP AS ADMINISTRATIVE AGENT FOR A JOINT PROGRAMME PASS THROUGH ARRANGEMENT"],"donor_short":["UNDP(JPAA)"],"donor_type":["MULTI-LATERAL AGENCY"],"donor_type_id":["MULTI_AGY"],"expenditure":[1246982.67],"fiscal_year":["2012"],"focus_area":"-","focus_area_descr":"-","gender_descr":"Significant Objective","gender_id":"GEN2","output_descr":"GJTMA for UN1 Expenditures","output_id":"84538","output_title":"(GEN) Gender Justice-2 (GJTMA)"},{"award_id":"14127","budget":[20000.0,425376.02,0],"crs":"15110","crs_descr":"Economic and development policy/planning","donor_budget":[0.0,445376.02,0.0,0.0],"donor_country":["MULTI-LATERAL AGENCY","Switzerland","United Kingdom","MULTI-LATERAL AGENCY"],"donor_country_id":["MULTI_AGY","CHE","GBR","MULTI_AGY"],"donor_expend":[0.08,288369.47000000003,-995.1500000000001,-4801.780000000001],"donor_id":["12","232","551","10714"],"donor_name":["UNITED NATIONS DEVELOPMENT PROGRAMME","GOVERNMENT OF SWITZERLAND","DEPARTMENT FOR INT'L DEVELOPMENT (DFID)","UNDP AS AA FOR JP PASS THROUGH"],"donor_short":["UNDP","SWI","DFID","UNDP(JPAA)"],"donor_type":["MULTI-LATERAL AGENCY","NON_PROGRAMME COUNTRY","NON_PROGRAMME COUNTRY","MULTI-LATERAL AGENCY"],"donor_type_id":["MULTI_AGY","NON_PROGCTY","NON_PROGCTY","MULTI_AGY"],"expenditure":[15811.98,266760.64,1213070.05],"fiscal_year":["2012","2011","2010"],"focus_area":"1","focus_area_descr":"Poverty reduction & MDG achievement","gender_descr":"Principal Objective","gender_id":"GEN3","output_descr":"Empower & capacitate current & potential duty bearers particularly women to own and promote devolved gender based goverannce; strengthen civil service training institutions contributing to civil service reforms and gender based governance","output_id":"59538","output_title":"Gender Based Govt System"},{"award_id":"14127","budget":[692682.89,1522522.53,0],"crs":"15110","crs_descr":"Economic and development policy/planning","donor_budget":[2215205.42],"donor_country":["United Kingdom"],"donor_country_id":["GBR"],"donor_expend":[1710545.2999999998],"donor_id":["551"],"donor_name":["DEPARTMENT FOR INT'L DEVELOPMENT (DFID)"],"donor_short":["DFID"],"donor_type":["NON_PROGRAMME COUNTRY"],"donor_type_id":["NON_PROGCTY"],"expenditure":[414141.89,1296403.41,1109147.98],"fiscal_year":["2012","2011","2010"],"focus_area":"1","focus_area_descr":"Poverty reduction & MDG achievement","gender_descr":"Principal Objective","gender_id":"GEN3","output_descr":"Gender Justice & Protection (GJP) to create and support mechanism to support and sustainable reduction in Violence Against Women (VAW) in Pakistan","output_id":"56077","output_title":"Gender Justice & Protect"},{"award_id":"14127","budget":[0.0,210000.0,640564.18,0],"crs":"99810","crs_descr":"Sectors Not Specified","donor_budget":[5000.0,2421.64,434.91,842707.63],"donor_country":["MULTI-LATERAL AGENCY","Norway","Switzerland","MULTI-LATERAL AGENCY"],"donor_country_id":["MULTI_AGY","NOR","CHE","MULTI_AGY"],"donor_expend":[1407.29,-618.37,1988.09,813761.2000000001],"donor_id":["12","187","232","10714"],"donor_name":["UNITED NATIONS DEVELOPMENT PROGRAMME","GOVERNMENT OF NORWAY","GOVERNMENT OF SWITZERLAND","UNDP AS AA FOR JP PASS THROUGH"],"donor_short":["UNDP","NOR","SWI","UNDP(JPAA)"],"donor_type":["MULTI-LATERAL AGENCY","NON_PROGRAMME COUNTRY","NON_PROGRAMME COUNTRY","MULTI-LATERAL AGENCY"],"donor_type_id":["MULTI_AGY","NON_PROGCTY","NON_PROGCTY","MULTI_AGY"],"expenditure":[-2764.47,214943.35,604359.33,684142.07],"fiscal_year":["2013","2012","2011","2010"],"focus_area":"-","focus_area_descr":"-","gender_descr":"Principal Objective","gender_id":"GEN3","output_descr":"Gender Promotion and Skill Enhancements in Garment Sector Project \r\n\r\nGEN PROM","output_id":"53174","output_title":"Gender Promotion in Garment"},{"award_id":"14127","budget":[0.0,633854.61,2234782.22,0],"crs":"99810","crs_descr":"Sectors Not Specified","donor_budget":[516699.84,2053.82,1302601.6600000001,201055.88,0.0,0.0,786225.63,60000.0],"donor_country":["MULTI-LATERAL AGENCY","Norway","Pakistan","Switzerland","Pakistan","Pakistan","MULTI-LATERAL AGENCY","Pakistan"],"donor_country_id":["MULTI_AGY","NOR","PAK","CHE","PAK","PAK","MULTI_AGY","PAK"],"donor_expend":[134812.89,1874.42,937494.33,29936.09,-5118.0,-7636.62,-516292.99,19038.11],"donor_id":["12","187","190","232","10547","10550","10714","11258"],"donor_name":["UNITED NATIONS DEVELOPMENT PROGRAMME","GOVERNMENT OF NORWAY","GOVERNMENT OF PAKISTAN","GOVERNMENT OF SWITZERLAND","GOVERNMENT OF BALOCHISTAN","GOVERNMENT OF NWFP","UNDP AS AA FOR JP PASS THROUGH","Government of Sindh"],"donor_short":["UNDP","NOR","PAK","SWI","BALOCH","GONWFP","UNDP(JPAA)","GoSindh"],"donor_type":["MULTI-LATERAL AGENCY","NON_PROGRAMME COUNTRY","PROGRAMME COUNTRY","NON_PROGRAMME COUNTRY","PROGRAMME COUNTRY","PROGRAMME COUNTRY","MULTI-LATERAL AGENCY","PROGRAMME COUNTRY"],"donor_type_id":["MULTI_AGY","NON_PROGCTY","PROGCTY","NON_PROGCTY","PROGCTY","PROGCTY","MULTI_AGY","PROGCTY"],"expenditure":[2770.74,-827396.89,1418734.38,1670959.53],"fiscal_year":["2013","2012","2011","2010"],"focus_area":"-","focus_area_descr":"-","gender_descr":"Significant Objective","gender_id":"GEN2","output_descr":"Gender Justice through Musalihat AnjumanLegal/Judicial Reforms introduced and implementation strategy developed - Alternate Dispute Resolution (CPAP Output: Governance 1.3)","output_id":"40337","output_title":"PRU-Gender Justice (GJTMA)"},{"award_id":"14127","budget":[0.0,1.0,0],"crs":"15110","crs_descr":"Economic and development policy/planning","donor_budget":[0.0,1.0,0.0,0.0],"donor_country":["MULTI-LATERAL AGENCY","Norway","Switzerland","United Kingdom"],"donor_country_id":["MULTI_AGY","NOR","CHE","GBR"],"donor_expend":[-367.24,108.28,406.45,-292.84],"donor_id":["12","187","232","551"],"donor_name":["UNITED NATIONS DEVELOPMENT PROGRAMME","GOVERNMENT OF NORWAY","GOVERNMENT OF SWITZERLAND","DEPARTMENT FOR INT'L DEVELOPMENT (DFID)"],"donor_short":["UNDP","NOR","SWI","DFID"],"donor_type":["MULTI-LATERAL AGENCY","NON_PROGRAMME COUNTRY","NON_PROGRAMME COUNTRY","NON_PROGRAMME COUNTRY"],"donor_type_id":["MULTI_AGY","NON_PROGCTY","NON_PROGCTY","NON_PROGCTY"],"expenditure":[-245.38,100.03,86.33],"fiscal_year":["2012","2011","2010"],"focus_area":"1","focus_area_descr":"Poverty reduction & MDG achievement","gender_descr":"Principal Objective","gender_id":"GEN3","output_descr":"Political Participation (CPAP output GEN 1.2)-Women's Political School","output_id":"39724","output_title":"Women's Political School"}],"project_descr":"Gender Support Programme","project_id":"14127","project_title":"Gender Support Programme","region_id":"RBAP","region_name":"Reg Bureau for Asia & Pacific","start":"2003-07-01","subnational":[{"lat":"30","lon":"70","precision":"9","scope":"3","type":"2"},{"lat":"30","lon":"70","precision":"9","scope":"3","type":"2"},{"lat":"30","lon":"70","precision":"9","scope":"3","type":"2"},{"lat":"30","lon":"70","precision":"9","scope":"4","type":"2"},{"lat":"30","lon":"70","precision":"9","scope":"4","type":"2"},{"lat":"30","lon":"70","precision":"9","scope":"4","type":"1"},{"lat":"30","lon":"70","precision":"9","scope":"4","type":"1"}]}