{"document_name":[],"end":"2009-06-3","fiscal_year":["2011","2012"],"inst_descr":"","inst_id":" ","inst_type_descr":"","inst_type_id":"","operating_unit":"Pakistan","operating_unit_id":"PAK","outputs":[{"award_id":"14124","budget":[0.0,0.0],"crs":"99810","crs_descr":"Sectors Not Specified","donor_budget":[0.0],"donor_country":["MULTI-LATERAL AGENCY"],"donor_country_id":["MULTI_AGY"],"donor_expend":[-43.61],"donor_id":["12"],"donor_name":["UNITED NATIONS DEVELOPMENT PROGRAMME"],"donor_short":["UNDP"],"donor_type":["MULTI-LATERAL AGENCY"],"donor_type_id":["MULTI_AGY"],"expenditure":[0.0,-43.61],"fiscal_year":["2012","2011"],"focus_area":"2","focus_area_descr":"Democratic governance","gender_descr":"-","gender_id":"-","output_descr":"National Capacity Building Project for Programme Development and Implementation","output_id":"14124","output_title":"National Capacity Building"}],"project_descr":"National Capacity Building Project for Programme Development and Implementation","project_id":"14124","project_title":"National Capacity Building","region_id":"RBAP","region_name":"Reg Bureau for Asia & Pacific","start":"2003-05-01","subnational":[{"lat":"33.72148","lon":"73.04329","precision":"3","scope":"1","type":"2"}]}