{"document_name":[],"end":"2012-12-31","fiscal_year":["2011","2010","2012"],"inst_descr":"UN Office for Project Services","inst_id":"2389","inst_type_descr":"UN Agency","inst_type_id":"ACY","operating_unit":"Prog for Palestinian People","operating_unit_id":"PAL","outputs":[{"award_id":"14146","budget":[15226.92,14063.23,0],"crs":"99810","crs_descr":"Sectors Not Specified","donor_budget":[29290.15],"donor_country":["Italy"],"donor_country_id":["ITA"],"donor_expend":[28505.75],"donor_id":["137"],"donor_name":["GOVERNMENT OF ITALY"],"donor_short":["ITA"],"donor_type":["NON_PROGRAMME COUNTRY"],"donor_type_id":["NON_PROGCTY"],"expenditure":[14442.52,14063.23,505670.09],"fiscal_year":["2012","2011","2010"],"focus_area":"1","focus_area_descr":"Poverty reduction & MDG achievement","gender_descr":"Significant Objective","gender_id":"GEN2","output_descr":"Water systems upgrading and telecontrol system implementation.","output_id":"14146","output_title":"JERICHO & HEBRON WATER"}],"project_descr":"UPGRADING OF WATER SYSTEMS IN JERICHO & HEBRON CITIES","project_id":"14146","project_title":"JERICHO & HEBRON WATER","region_id":"PAPP","region_name":"Prog for Palestinian People","start":"1998-10-16","subnational":[{"lat":"31.86667","lon":"35.45","precision":"3","scope":"2","type":"2"},{"lat":"31.86667","lon":"35.45","precision":"3","scope":"2","type":"2"}]}