{"document_name":[],"end":"2009-12-31","fiscal_year":["2012"],"inst_descr":"","inst_id":" ","inst_type_descr":"","inst_type_id":"","operating_unit":"Prog for Palestinian People","operating_unit_id":"PAL","outputs":[{"award_id":"14145","budget":[0.0],"crs":"99810","crs_descr":"Sectors Not Specified","donor_budget":[0.0],"donor_country":["Japan"],"donor_country_id":["JPN"],"donor_expend":[0.0],"donor_id":["141"],"donor_name":["GOVERNMENT OF JAPAN"],"donor_short":["JPN"],"donor_type":["NON_PROGRAMME COUNTRY"],"donor_type_id":["NON_PROGCTY"],"expenditure":[0.0],"fiscal_year":["2012"],"focus_area":"-","focus_area_descr":"-","gender_descr":"Some Contribution","gender_id":"GEN1","output_descr":"JAPANESE ENDOWMENT FUND FOR TRAINING IN MAINTENANCE & SUSTAINABILITY","output_id":"14145","output_title":"JAPANESE ENDOWMENT FUND"}],"project_descr":"JAPANESE ENDOWMENT FUND FOR TRAINING IN MAINTENANCE & SUSTAINABILITY","project_id":"14145","project_title":"JAPANESE ENDOWMENT FUND","region_id":"PAPP","region_name":"Prog for Palestinian People","start":"1998-10-01","subnational":[]}