{"document_name":[],"end":"2011-12-31","fiscal_year":["2011"],"inst_descr":"UN Office for Project Services","inst_id":"2389","inst_type_descr":"UN Agency","inst_type_id":"ACY","operating_unit":"Prog for Palestinian People","operating_unit_id":"PAL","outputs":[{"award_id":"14162","budget":[403336.0],"crs":"15140","crs_descr":"Government administration","donor_budget":[403336.0],"donor_country":["Japan"],"donor_country_id":["JPN"],"donor_expend":[403336.0],"donor_id":["141"],"donor_name":["GOVERNMENT OF JAPAN"],"donor_short":["JPN"],"donor_type":["NON_PROGRAMME COUNTRY"],"donor_type_id":["NON_PROGCTY"],"expenditure":[403336.0],"fiscal_year":["2011"],"focus_area":"2","focus_area_descr":"Democratic governance","gender_descr":"Some Contribution","gender_id":"GEN1","output_descr":"Technical Assistance and Equipment for the GAZA International Airport","output_id":"14162","output_title":"TECHNICAL ASSITANCE &EQUIPMENT"}],"project_descr":"Technical Assistance and Equipment for the GAZA International Airport","project_id":"14162","project_title":"TECHNICAL ASSITANCE & EQUIPMENT- GAZA AIR PORT","region_id":"PAPP","region_name":"Prog for Palestinian People","start":"1999-05-17","subnational":[]}