{"document_name":[],"end":"2012-12-31","fiscal_year":["2011","2010","2012","2013"],"inst_descr":"UNDP - PAPP","inst_id":"2388","inst_type_descr":"UNDP","inst_type_id":"UND","operating_unit":"Prog for Palestinian People","operating_unit_id":"PAL","outputs":[{"award_id":"14163","budget":[186943.35,7687.98,386125.0,0],"crs":"99810","crs_descr":"Sectors Not Specified","donor_budget":[580756.33],"donor_country":["Italy"],"donor_country_id":["ITA"],"donor_expend":[561852.24],"donor_id":["137"],"donor_name":["GOVERNMENT OF ITALY"],"donor_short":["ITA"],"donor_type":["NON_PROGRAMME COUNTRY"],"donor_type_id":["NON_PROGCTY"],"expenditure":[186943.35,328.27,374580.62,394805.88],"fiscal_year":["2013","2012","2011","2010"],"focus_area":"-","focus_area_descr":"-","gender_descr":"Some Contribution","gender_id":"GEN1","output_descr":"Development of the Northern Wing at Princes Alia Hospital in Hebron District","output_id":"14163","output_title":"Dev. of Alia Hos. North Wing"}],"project_descr":"This project aims at assisting the Palestinian Authority to carry out its National Health Plan through the construction of the first and second stages of the Northern Wing at Princess Alia Hospital in Hebron.","project_id":"14163","project_title":"Development of the Northern Wing at Alia Hospital","region_id":"PAPP","region_name":"Prog for Palestinian People","start":"1999-10-31","subnational":[{"lat":"31.52935","lon":"35.0938","precision":"1","scope":"1","type":"2"}]}