{"document_name":[],"end":"2011-12-31","fiscal_year":["2011","2010"],"inst_descr":"UN Office for Project Services","inst_id":"2389","inst_type_descr":"UN Agency","inst_type_id":"ACY","operating_unit":"Prog for Palestinian People","operating_unit_id":"PAL","outputs":[{"award_id":"14161","budget":[354902.0,0],"crs":"99810","crs_descr":"Sectors Not Specified","donor_budget":[354902.0],"donor_country":["Japan"],"donor_country_id":["JPN"],"donor_expend":[354902.0],"donor_id":["141"],"donor_name":["GOVERNMENT OF JAPAN"],"donor_short":["JPN"],"donor_type":["NON_PROGRAMME COUNTRY"],"donor_type_id":["NON_PROGCTY"],"expenditure":[354902.0,6515.25],"fiscal_year":["2011","2010"],"focus_area":"1","focus_area_descr":"Poverty reduction & MDG achievement","gender_descr":"Some Contribution","gender_id":"GEN1","output_descr":"Construction and Equipment of Gaza International Airport","output_id":"14161","output_title":"CONSTRUCTION OF GAZA AIRPORT"}],"project_descr":"Construction and Equipment of Gaza International Airport","project_id":"14161","project_title":"CONS. EQUIP. GAZA - INTERN. AIRPORT","region_id":"PAPP","region_name":"Prog for Palestinian People","start":"1999-04-3","subnational":[]}