{"document_name":[],"end":"2011-12-31","fiscal_year":["2011"],"inst_descr":"UN Office for Project Services","inst_id":"2389","inst_type_descr":"UN Agency","inst_type_id":"ACY","operating_unit":"Prog for Palestinian People","operating_unit_id":"PAL","outputs":[{"award_id":"14169","budget":[5899812.26],"crs":"99810","crs_descr":"Sectors Not Specified","donor_budget":[2.0,1.0,1.0,5899808.26],"donor_country":["MULTI-LATERAL AGENCY","Canada","Japan","MULTI-LATERAL AGENCY"],"donor_country_id":["MULTI_AGY","CAN","JPN","MULTI_AGY"],"donor_expend":[-5898006.16,-7272.3,-11464.32,5899717.8],"donor_id":["12","78","141","280"],"donor_name":["UNITED NATIONS DEVELOPMENT PROGRAMME","GOVERNMENT OF CANADA","GOVERNMENT OF JAPAN","EUROPEAN UNION"],"donor_short":["UNDP","CAN","JPN","EU"],"donor_type":["MULTI-LATERAL AGENCY","NON_PROGRAMME COUNTRY","NON_PROGRAMME COUNTRY","MULTI-LATERAL AGENCY"],"donor_type_id":["MULTI_AGY","NON_PROGCTY","NON_PROGCTY","MULTI_AGY"],"expenditure":[-17024.98],"fiscal_year":["2011"],"focus_area":"-","focus_area_descr":"-","gender_descr":"Some Contribution","gender_id":"GEN1","output_descr":"Local Rural Development phase - III in the West bank and Gaza","output_id":"14169","output_title":"LOCAL RURAL DEVELOPMENT PHASE"}],"project_descr":"Local Rural Development phase - III in the WEst bank and Gaza","project_id":"14169","project_title":"LOCAL RURAL DEVELOPMENT PHASE III","region_id":"PAPP","region_name":"Prog for Palestinian People","start":"2000-01-17","subnational":[]}