{"document_name":[],"end":"2011-12-31","fiscal_year":["2011"],"inst_descr":"UN Office for Project Services","inst_id":"2389","inst_type_descr":"UN Agency","inst_type_id":"ACY","operating_unit":"Prog for Palestinian People","operating_unit_id":"PAL","outputs":[{"award_id":"14172","budget":[19091.0],"crs":"99810","crs_descr":"Sectors Not Specified","donor_budget":[1.0,19090.0],"donor_country":["MULTI-LATERAL AGENCY","Japan"],"donor_country_id":["MULTI_AGY","JPN"],"donor_expend":[-19090.0,19090.0],"donor_id":["12","141"],"donor_name":["UNITED NATIONS DEVELOPMENT PROGRAMME","GOVERNMENT OF JAPAN"],"donor_short":["UNDP","JPN"],"donor_type":["MULTI-LATERAL AGENCY","NON_PROGRAMME COUNTRY"],"donor_type_id":["MULTI_AGY","NON_PROGCTY"],"expenditure":[0.0],"fiscal_year":["2011"],"focus_area":"-","focus_area_descr":"-","gender_descr":"Some Contribution","gender_id":"GEN1","output_descr":"Urgent Water Supply to UN-served Areas of the West Bank","output_id":"14172","output_title":"URGENT WATER SUPPLY TO UN-SERV"}],"project_descr":"Urgent Water Supply to UN-served Areas of the West Bank","project_id":"14172","project_title":"URGENT WATER SUPPLY TO UN-SERVED AREAS OF- WB","region_id":"PAPP","region_name":"Prog for Palestinian People","start":"2000-03-08","subnational":[]}