{"document_name":[],"end":"2010-12-31","fiscal_year":["2011"],"inst_descr":"UN Office for Project Services","inst_id":"2389","inst_type_descr":"UN Agency","inst_type_id":"ACY","operating_unit":"Prog for Palestinian People","operating_unit_id":"PAL","outputs":[{"award_id":"14179","budget":[14304.0],"crs":"99810","crs_descr":"Sectors Not Specified","donor_budget":[14304.0],"donor_country":["Japan"],"donor_country_id":["JPN"],"donor_expend":[14277.7],"donor_id":["141"],"donor_name":["GOVERNMENT OF JAPAN"],"donor_short":["JPN"],"donor_type":["NON_PROGRAMME COUNTRY"],"donor_type_id":["NON_PROGCTY"],"expenditure":[14277.7],"fiscal_year":["2011"],"focus_area":"1","focus_area_descr":"Poverty reduction & MDG achievement","gender_descr":"Some Contribution","gender_id":"GEN1","output_descr":"Construction of an additional floor for the new  Tulkarem Hosptial and rehabilitation of the old wing. (Phase III)","output_id":"14179","output_title":"Contruction of Tulkarem Hosp."}],"project_descr":"This is the third phase of the Construction of a new modern hospital in the Palestinian city of Tulkarem. An additional floor was contructed on top of two previously constructed floors and the original hospital was rehabilitated.","project_id":"14179","project_title":"Construction of the Tulkarem Gov. Hospital - Phase III","region_id":"PAPP","region_name":"Prog for Palestinian People","start":"2000-08-01","subnational":[]}