{"document_name":[],"end":"2012-12-31","fiscal_year":["2011","2010","2012","2013"],"inst_descr":"UN Office for Project Services","inst_id":"2389","inst_type_descr":"UN Agency","inst_type_id":"ACY","operating_unit":"Prog for Palestinian People","operating_unit_id":"PAL","outputs":[{"award_id":"14183","budget":[6438.24,11320.72,86962.0,0],"crs":"99810","crs_descr":"Sectors Not Specified","donor_budget":[104720.96],"donor_country":["MULTI-LATERAL AGENCY"],"donor_country_id":["MULTI_AGY"],"donor_expend":[48743.780000000006],"donor_id":["12"],"donor_name":["UNITED NATIONS DEVELOPMENT PROGRAMME"],"donor_short":["UNDP"],"donor_type":["MULTI-LATERAL AGENCY"],"donor_type_id":["MULTI_AGY"],"expenditure":[2587.57,10635.27,35520.94,0.0],"fiscal_year":["2013","2012","2011","2010"],"focus_area":"1","focus_area_descr":"Poverty reduction & MDG achievement","gender_descr":"Some Contribution","gender_id":"GEN1","output_descr":"Participatory Natural Resources Management Programme (PNRMP)","output_id":"14183","output_title":"PARTICIPATORY NATURAL RESOURCE"}],"project_descr":"Participatory Natural Resources Management Programme (PNRMP)","project_id":"14183","project_title":"Participatory Natural Resources Management","region_id":"PAPP","region_name":"Prog for Palestinian People","start":"2000-07-27","subnational":[{"lat":"31.92157","lon":"35.20329","precision":"9","scope":"4","type":"2"}]}