{"document_name":[],"end":"2011-12-31","fiscal_year":["2011"],"inst_descr":"UN Office for Project Services","inst_id":"2389","inst_type_descr":"UN Agency","inst_type_id":"ACY","operating_unit":"Prog for Palestinian People","operating_unit_id":"PAL","outputs":[{"award_id":"14193","budget":[33478.0],"crs":"99810","crs_descr":"Sectors Not Specified","donor_budget":[33478.0,0.0],"donor_country":["MULTI-LATERAL AGENCY","MULTI-LATERAL AGENCY"],"donor_country_id":["MULTI_AGY","MULTI_AGY"],"donor_expend":[-33643.56,33476.18],"donor_id":["12","20"],"donor_name":["UNITED NATIONS DEVELOPMENT PROGRAMME","ISLAMIC DEVELOPMENT BANK"],"donor_short":["UNDP","ISDB"],"donor_type":["MULTI-LATERAL AGENCY","MULTI-LATERAL AGENCY"],"donor_type_id":["MULTI_AGY","MULTI_AGY"],"expenditure":[-167.38],"fiscal_year":["2011"],"focus_area":"-","focus_area_descr":"-","gender_descr":"Some Contribution","gender_id":"GEN1","output_descr":"\"The Rehabilitation of Health, Education, and Municipal Facilities  in the West Bank & Gaza Strip ( IDB )\"","output_id":"14193","output_title":"\"Rehabilitation of HEALTH, EDU"}],"project_descr":"The Rehabilitation of Health, Education, and Municipal Facilities  in the West Bank & Gaza Strip ( IDB )","project_id":"14193","project_title":"Rehabilitation of HEALTH, EDUC  - IDB","region_id":"PAPP","region_name":"Prog for Palestinian People","start":"2001-05-17","subnational":[]}