{"document_name":[],"end":"2012-12-31","fiscal_year":["2011","2012"],"inst_descr":"UNDP - PAPP","inst_id":"2388","inst_type_descr":"UNDP","inst_type_id":"UND","operating_unit":"Prog for Palestinian People","operating_unit_id":"PAL","outputs":[{"award_id":"14201","budget":[1967.0,24759.0],"crs":"99810","crs_descr":"Sectors Not Specified","donor_budget":[26726.0],"donor_country":["Japan"],"donor_country_id":["JPN"],"donor_expend":[24044.23],"donor_id":["141"],"donor_name":["GOVERNMENT OF JAPAN"],"donor_short":["JPN"],"donor_type":["NON_PROGRAMME COUNTRY"],"donor_type_id":["NON_PROGCTY"],"expenditure":[1274.11,22770.12],"fiscal_year":["2012","2011"],"focus_area":"1","focus_area_descr":"Poverty reduction & MDG achievement","gender_descr":"Some Contribution","gender_id":"GEN1","output_descr":"This project was for the construction of a hospital in the Salfeet District in the West Bank.","output_id":"14201","output_title":"Construction of Salfeet Hosp."}],"project_descr":"The construction of a new Government Hospital in the Salfeet District of the West Bank was an important priorty of the Palestinian Authority to meet the general health needs of the public of the district.","project_id":"14201","project_title":"Construction of the Salfeet Government Hospital","region_id":"PAPP","region_name":"Prog for Palestinian People","start":"2001-09-07","subnational":[{"lat":"32.11819","lon":"35.09028","precision":"1","scope":"1","type":"2"}]}