{"document_name":[],"end":"2012-12-31","fiscal_year":["2011","2010","2012","2013"],"inst_descr":"UNDP - PAPP","inst_id":"2388","inst_type_descr":"UNDP","inst_type_id":"UND","operating_unit":"Prog for Palestinian People","operating_unit_id":"PAL","outputs":[{"award_id":"14205","budget":[22078.84,24586.1,95103.0,0],"crs":"99810","crs_descr":"Sectors Not Specified","donor_budget":[141767.94],"donor_country":["MULTI-LATERAL AGENCY"],"donor_country_id":["MULTI_AGY"],"donor_expend":[120174.86],"donor_id":["3"],"donor_name":["INTERNATIONAL LABOUR ORGANIZATION"],"donor_short":["ILO"],"donor_type":["MULTI-LATERAL AGENCY"],"donor_type_id":["MULTI_AGY"],"expenditure":[17974.64,18402.38,83797.84,150248.62],"fiscal_year":["2013","2012","2011","2010"],"focus_area":"-","focus_area_descr":"-","gender_descr":"No Contribution","gender_id":"GEN0","output_descr":"This project aims at enhancing an improved livelihood of people with disabilities and youth with special needs, by providing them with social and vocational skills necessary for promoting their socio-economic integration opportunities.","output_id":"14205","output_title":"ILO Vocational Rehb Cntr"}],"project_descr":"Vocational Rehabilitation Center - Hebron- ILO","project_id":"14205","project_title":"Vocational Rehabilitation Center - ILO","region_id":"PAPP","region_name":"Prog for Palestinian People","start":"2001-11-05","subnational":[{"lat":"31.62329","lon":"35.10446","precision":"1","scope":"1","type":"2"}]}