{"document_name":[],"end":"2012-12-31","fiscal_year":["2011","2010","2012"],"inst_descr":"UN Office for Project Services","inst_id":"2389","inst_type_descr":"UN Agency","inst_type_id":"ACY","operating_unit":"Prog for Palestinian People","operating_unit_id":"PAL","outputs":[{"award_id":"14202","budget":[280684.0,172041.0,0],"crs":"99810","crs_descr":"Sectors Not Specified","donor_budget":[452725.0],"donor_country":["Japan"],"donor_country_id":["JPN"],"donor_expend":[357655.2],"donor_id":["141"],"donor_name":["GOVERNMENT OF JAPAN"],"donor_short":["JPN"],"donor_type":["NON_PROGRAMME COUNTRY"],"donor_type_id":["NON_PROGCTY"],"expenditure":[198796.94,158858.26,14621.35],"fiscal_year":["2012","2011","2010"],"focus_area":"1","focus_area_descr":"Poverty reduction & MDG achievement","gender_descr":"Some Contribution","gender_id":"GEN1","output_descr":"Finishing works for the Palestinian Authority Ministry of Interior Information Technology and Civilian Affairs units.","output_id":"14202","output_title":"Finish Works Ministry Interior"}],"project_descr":"Finishing works for two floors of  the  Palestinian Authority Ministry of Interior  Information Technology and Civilian Affairs Unit in Ramallah including the purchase of furniture and equipment.","project_id":"14202","project_title":"Finishing Ministry of Interior -  IT & Civilian Unit","region_id":"PAPP","region_name":"Prog for Palestinian People","start":"2001-01-01","subnational":[{"lat":"31.90256","lon":"35.19555","precision":"1","scope":"1","type":"2"},{"lat":"31.90256","lon":"35.19555","precision":"1","scope":"1","type":"2"}]}