{"document_name":[],"end":"2011-12-31","fiscal_year":["2011"],"inst_descr":"UNDP - PAPP","inst_id":"2388","inst_type_descr":"UNDP","inst_type_id":"UND","operating_unit":"Prog for Palestinian People","operating_unit_id":"PAL","outputs":[{"award_id":"14231","budget":[350150.0],"crs":"99810","crs_descr":"Sectors Not Specified","donor_budget":[350150.0],"donor_country":["MULTI-LATERAL AGENCY"],"donor_country_id":["MULTI_AGY"],"donor_expend":[107013.29],"donor_id":["12"],"donor_name":["UNITED NATIONS DEVELOPMENT PROGRAMME"],"donor_short":["UNDP"],"donor_type":["MULTI-LATERAL AGENCY"],"donor_type_id":["MULTI_AGY"],"expenditure":[107013.29],"fiscal_year":["2011"],"focus_area":"1","focus_area_descr":"Poverty reduction & MDG achievement","gender_descr":"Some Contribution","gender_id":"GEN1","output_descr":"Support for Implementation of -KFW & USAID Programmes","output_id":"14231","output_title":"Support for Implementation of"}],"project_descr":"Support for Implementation of the KfW Programmes","project_id":"14231","project_title":"Support for Implementation of KFW Programme","region_id":"PAPP","region_name":"Prog for Palestinian People","start":"2002-01-01","subnational":[]}