{"document_name":[],"end":"2006-12-31","fiscal_year":["2011"],"inst_descr":"MINISTERIO DE DESARROLLO AGROP","inst_id":"2404","inst_type_descr":"Gov Counterpart Institution","inst_type_id":"GOV","operating_unit":"Panama","operating_unit_id":"PAN","outputs":[{"award_id":"14255","budget":[678.64],"crs":"99810","crs_descr":"Sectors Not Specified","donor_budget":[678.64],"donor_country":["Panama"],"donor_country_id":["PAN"],"donor_expend":[339.32],"donor_id":["1070"],"donor_name":["PAN-GOVT"],"donor_short":["GOVT"],"donor_type":["PROGRAMME COUNTRY"],"donor_type_id":["PROGCTY"],"expenditure":[339.32],"fiscal_year":["2011"],"focus_area":"-","focus_area_descr":"-","gender_descr":"Some Contribution","gender_id":"GEN1","output_descr":"Coadyuvar con el mejoramiento sostenible de las condiciones productivas, economicas y sociales de las comunidades pobres del pa\u00eds.","output_id":"14255","output_title":"Desarrollo Sostenible Darien"}],"project_descr":"Coadyuvar con el mejoramiento sostenible de las condiciones productivas, economicas y sociales de las comunidades rurales pobres del pa\u00eds.","project_id":"14255","project_title":"Desarrollo Rural Sostenible Darien","region_id":"RBLAC","region_name":"Reg Bur Latin Amer & Carib","start":"1996-03-3","subnational":[{"lat":"8.9936","lon":"-79.51973","precision":"9","scope":"4","type":"1"}]}