{"document_name":[],"end":"2011-12-31","fiscal_year":["2011","2010"],"inst_descr":"MINISTERIO DE SALUD","inst_id":"2408","inst_type_descr":"Gov Counterpart Institution","inst_type_id":"GOV","operating_unit":"Panama","operating_unit_id":"PAN","outputs":[{"award_id":"14267","budget":[601.0,0],"crs":"15110","crs_descr":"Economic and development policy/planning","donor_budget":[601.0],"donor_country":["Panama"],"donor_country_id":["PAN"],"donor_expend":[-2039.62],"donor_id":["1070"],"donor_name":["PAN-GOVT"],"donor_short":["GOVT"],"donor_type":["PROGRAMME COUNTRY"],"donor_type_id":["PROGCTY"],"expenditure":[-2039.62,3302.3],"fiscal_year":["2011","2010"],"focus_area":"1","focus_area_descr":"Poverty reduction & MDG achievement","gender_descr":"No Contribution","gender_id":"GEN0","output_descr":"Fomento de la salud integral rural: nutrici\u00f3n, atenciones b\u00e1sicas, y provisi\u00f3n de agua potable y saneamiento.","output_id":"14267","output_title":"Salud Rural"}],"project_descr":"Fomento de la salud integral en zonas rurales: nutrici\u00f3n, atenciones b\u00e1sicas, y provisi\u00f3n de agua potable y saneamiento.","project_id":"14267","project_title":"Proyecto de Salud Rural","region_id":"RBLAC","region_name":"Reg Bur Latin Amer & Carib","start":"2000-11-13","subnational":[{"lat":"8.9936","lon":"-79.51973","precision":"9","scope":"4","type":"1"}]}