{"document_name":[],"end":"2012-12-31","fiscal_year":["2011","2010","2012","2013"],"inst_descr":"MINISTERIO DE COMERCIO E INDUS","inst_id":"2403","inst_type_descr":"Gov Counterpart Institution","inst_type_id":"GOV","operating_unit":"Panama","operating_unit_id":"PAN","outputs":[{"award_id":"14269","budget":[10350.0,3539431.37,5075781.0,0],"crs":"15161","crs_descr":"Elections","donor_budget":[8625562.370000001],"donor_country":["Panama"],"donor_country_id":["PAN"],"donor_expend":[4524086.59],"donor_id":["1070"],"donor_name":["PAN-GOVT"],"donor_short":["GOVT"],"donor_type":["PROGRAMME COUNTRY"],"donor_type_id":["PROGCTY"],"expenditure":[5773.72,2992313.24,1525999.63,1552819.71],"fiscal_year":["2013","2012","2011","2010"],"focus_area":"2","focus_area_descr":"Democratic governance","gender_descr":"No Contribution","gender_id":"GEN0","output_descr":"Apoyo a la funci\u00f3n de Comercio Exterior que desempe\u00f1a el Ministerio de Comercio e Industrias.","output_id":"14269","output_title":"Apoyo a Ministerio de Comercio"}],"project_descr":"Apoyo a la Funcion de Comercio Exterior que Desempe\u00f1a el Ministerio de Comercio e Industrias","project_id":"14269","project_title":"Apoyo a Ministerio de Comercio e Industrias","region_id":"RBLAC","region_name":"Reg Bur Latin Amer & Carib","start":"2001-01-01","subnational":[{"lat":"8.9936","lon":"-79.51973","precision":"9","scope":"4","type":"1"}]}