{"document_name":[],"end":"2012-12-31","fiscal_year":["2011","2010","2012","2013"],"inst_descr":"GOVT","inst_id":"2396","inst_type_descr":"Gov Counterpart Institution","inst_type_id":"GOV","operating_unit":"Panama","operating_unit_id":"PAN","outputs":[{"award_id":"14273","budget":[334606.0,2388755.68,2665200.0,0],"crs":"15161","crs_descr":"Elections","donor_budget":[5388561.68],"donor_country":["Panama"],"donor_country_id":["PAN"],"donor_expend":[4499811.2],"donor_id":["1070"],"donor_name":["PAN-GOVT"],"donor_short":["GOVT"],"donor_type":["PROGRAMME COUNTRY"],"donor_type_id":["PROGCTY"],"expenditure":[223718.49,2064499.39,2211593.32,2764864.65],"fiscal_year":["2013","2012","2011","2010"],"focus_area":"2","focus_area_descr":"Democratic governance","gender_descr":"Some Contribution","gender_id":"GEN1","output_descr":"Mejorado los servicios y \u00e0reas del Casco Antiguo de Panam\u00e0.","output_id":"14273","output_title":"Casco Antiguo"}],"project_descr":"Apoyo  a la oficinna para la restauraci\u00f3n y puesta en valor del Casco Antiguo de la Ciudad de Panam\u00e1 para la ejecuci\u00f3n del Plan Maestro","project_id":"14273","project_title":"Apoyo a la oficina del Casco Antiguo","region_id":"RBLAC","region_name":"Reg Bur Latin Amer & Carib","start":"2001-03-01","subnational":[{"lat":"8.9936","lon":"-79.51973","precision":"3","scope":"1","type":"1"}]}