{"document_name":[],"end":"2011-12-31","fiscal_year":["2011","2010"],"inst_descr":"MINISTERIO DE SALUD","inst_id":"2408","inst_type_descr":"Gov Counterpart Institution","inst_type_id":"GOV","operating_unit":"Panama","operating_unit_id":"PAN","outputs":[{"award_id":"14271","budget":[119.43,0],"crs":"15140","crs_descr":"Government administration","donor_budget":[119.43],"donor_country":["Panama"],"donor_country_id":["PAN"],"donor_expend":[-238.86],"donor_id":["1070"],"donor_name":["PAN-GOVT"],"donor_short":["GOVT"],"donor_type":["PROGRAMME COUNTRY"],"donor_type_id":["PROGCTY"],"expenditure":[-238.86,38756.36],"fiscal_year":["2011","2010"],"focus_area":"2","focus_area_descr":"Democratic governance","gender_descr":"No Contribution","gender_id":"GEN0","output_descr":"Proyecto Piloto Reforma Sector Salud","output_id":"14271","output_title":"Reforma de Salud"}],"project_descr":"Proyecto Piloto de Reforma al Sector Salud en Panam\u00e1.","project_id":"14271","project_title":"Reforma al Sector Salud","region_id":"RBLAC","region_name":"Reg Bur Latin Amer & Carib","start":"2001-03-19","subnational":[{"lat":"9.03333","lon":"-79.5","precision":"3","scope":"1","type":"2"}]}