{"document_name":[],"end":"2011-12-31","fiscal_year":["2011","2010"],"inst_descr":"MINISTERIO DE SALUD","inst_id":"2408","inst_type_descr":"Gov Counterpart Institution","inst_type_id":"GOV","operating_unit":"Panama","operating_unit_id":"PAN","outputs":[{"award_id":"14281","budget":[1000.0,0],"crs":"15140","crs_descr":"Government administration","donor_budget":[1000.0],"donor_country":["Panama"],"donor_country_id":["PAN"],"donor_expend":[-3422.19],"donor_id":["1070"],"donor_name":["PAN-GOVT"],"donor_short":["GOVT"],"donor_type":["PROGRAMME COUNTRY"],"donor_type_id":["PROGCTY"],"expenditure":[-3422.19,39935.15],"fiscal_year":["2011","2010"],"focus_area":"2","focus_area_descr":"Democratic governance","gender_descr":"No Contribution","gender_id":"GEN0","output_descr":"Contribuir al mejoramiento de la salud a trav\u00e9s de transformaciones institucionales que mejoren la eficiencia, eficacia, calidad, sostenibilidad y equidad en la organizaci\u00f3n, producci\u00f3n, financiaci\u00f3n y regulaci\u00f3n de los servicios de salud.","output_id":"14281","output_title":"Transformacion Sector Salud"}],"project_descr":"Programa Multifase de Transformaci\u00f3n Institucional del sector salud - fase 1","project_id":"14281","project_title":"Transformacion Institucional del Sector Salud","region_id":"RBLAC","region_name":"Reg Bur Latin Amer & Carib","start":"2002-01-01","subnational":[{"lat":"8.9936","lon":"-79.51973","precision":"9","scope":"4","type":"1"}]}