{"document_name":[],"end":"2013-12-31","fiscal_year":["2011","2010","2012","2013"],"inst_descr":"MINISTERIO DE ECONOMIA Y FINAN","inst_id":"2402","inst_type_descr":"Gov Counterpart Institution","inst_type_id":"GOV","operating_unit":"Panama","operating_unit_id":"PAN","outputs":[{"award_id":"14285","budget":[11025528.78,2890715.26,7163725.43,0],"crs":"15110","crs_descr":"Economic and development policy/planning","donor_budget":[21058569.47,21400.0],"donor_country":["Panama","Peru"],"donor_country_id":["PAN","PER"],"donor_expend":[15566943.509999998,0.0],"donor_id":["1070","1071"],"donor_name":["PAN-GOVT","PER-GOVERNMENT"],"donor_short":["GOVT","GOVT"],"donor_type":["PROGRAMME COUNTRY","PROGRAMME COUNTRY"],"donor_type_id":["PROGCTY","PROGCTY"],"expenditure":[7144268.06,1854727.13,6567948.32,6382421.72],"fiscal_year":["2013","2012","2011","2010"],"focus_area":"1","focus_area_descr":"Poverty reduction & MDG achievement","gender_descr":"Some Contribution","gender_id":"GEN1","output_descr":"Contribuir al desarrollo social y productivo sostenible de la provinciadel Dari\u00e9n a trav\u00e9s de un mejor ordenamiento territorial, manejo ambiental y fortalecimiento de la institucionalidad local.","output_id":"49200","output_title":"Programa Desarrollo Darien"}],"project_descr":"Apoyo al desarrollo sostenible de la provincia del Dari\u00e9n a trav\u00e9s del ordenamiento territorial, manejo ambiental y fortalecimiento de la institucionalidad local.","project_id":"14285","project_title":"Programa de Desarrollo Sostenible de Darien","region_id":"RBLAC","region_name":"Reg Bur Latin Amer & Carib","start":"1995-01-02","subnational":[{"lat":"8.08333","lon":"-77.88333","precision":"4","scope":"2","type":"2"}]}