{"document_name":[],"end":"2010-12-31","fiscal_year":["2011","2010"],"inst_descr":"MINISTERIO DE ECONOMIA Y FINAN","inst_id":"2402","inst_type_descr":"Gov Counterpart Institution","inst_type_id":"GOV","operating_unit":"Panama","operating_unit_id":"PAN","outputs":[{"award_id":"14294","budget":[211.0,0],"crs":"41010","crs_descr":"Environmental policy and administrative management","donor_budget":[211.0],"donor_country":["Panama"],"donor_country_id":["PAN"],"donor_expend":[-211.0],"donor_id":["1070"],"donor_name":["PAN-GOVT"],"donor_short":["GOVT"],"donor_type":["PROGRAMME COUNTRY"],"donor_type_id":["PROGCTY"],"expenditure":[-211.0,2600.0],"fiscal_year":["2011","2010"],"focus_area":"4","focus_area_descr":"Environment & sustainable development","gender_descr":"No Contribution","gender_id":"GEN0","output_descr":"Apoyo al Programa Nacional de Administraci\u00f3n de Tierras con financiamiento del Banco Interamericano de Desarrollo","output_id":"14294","output_title":"Apoyo al Programa de Tierras"}],"project_descr":"Apoyo al Programa Nacional de Administraci\u00f3n de Tierras con apoyo del Banco Interamericano de Desarrollo","project_id":"14294","project_title":"Apoyo al Programa Nacional de Administraci\u00f3n de Tierras","region_id":"RBLAC","region_name":"Reg Bur Latin Amer & Carib","start":"2003-01-01","subnational":[{"lat":"8.56667","lon":"-80.41667","precision":"4","scope":"3","type":"2"},{"lat":"8.56667","lon":"-80.41667","precision":"4","scope":"1","type":"2"},{"lat":"8.56667","lon":"-80.41667","precision":"4","scope":"2","type":"2"},{"lat":"8.56667","lon":"-80.41667","precision":"4","scope":"3","type":"2"},{"lat":"8.56667","lon":"-80.41667","precision":"4","scope":"3","type":"2"}]}