{"document_name":[],"end":"2011-12-31","fiscal_year":["2011","2010"],"inst_descr":"GOVT","inst_id":"2396","inst_type_descr":"Gov Counterpart Institution","inst_type_id":"GOV","operating_unit":"Panama","operating_unit_id":"PAN","outputs":[{"award_id":"14292","budget":[11009.2,0],"crs":"15140","crs_descr":"Government administration","donor_budget":[11009.2],"donor_country":["Panama"],"donor_country_id":["PAN"],"donor_expend":[-8126.0],"donor_id":["1070"],"donor_name":["PAN-GOVT"],"donor_short":["GOVT"],"donor_type":["PROGRAMME COUNTRY"],"donor_type_id":["PROGCTY"],"expenditure":[-8126.0,16034.66],"fiscal_year":["2011","2010"],"focus_area":"2","focus_area_descr":"Democratic governance","gender_descr":"No Contribution","gender_id":"GEN0","output_descr":"Asistencia T\u00e9cnica a la Gesti\u00f3n de la Autoridad Nacional de los Servicios P\u00fablicos","output_id":"14292","output_title":"Ente Regulador Fase II"}],"project_descr":"ASISTENCIA TECNICA A LA GESTION DE LA AUTORIDAD NACIONAL DE LOS SERVICIOS PUBLICOS","project_id":"14292","project_title":"Apoyo a la Autoridad de los Servicios Publicos Fase II","region_id":"RBLAC","region_name":"Reg Bur Latin Amer & Carib","start":"2003-01-01","subnational":[{"lat":"8.9936","lon":"-79.51973","precision":"9","scope":"4","type":"1"}]}