{"document_name":[],"end":"2012-12-31","fiscal_year":["2011","2010","2012","2013"],"inst_descr":"MINISTERIO DE ECONOMIA Y FINAN","inst_id":"2402","inst_type_descr":"Gov Counterpart Institution","inst_type_id":"GOV","operating_unit":"Panama","operating_unit_id":"PAN","outputs":[{"award_id":"14295","budget":[10854.0,688285.68,1593539.23,0],"crs":"99810","crs_descr":"Sectors Not Specified","donor_budget":[5266.0,2287412.91],"donor_country":["MULTI-LATERAL AGENCY","Panama"],"donor_country_id":["MULTI_AGY","PAN"],"donor_expend":[0.0,1047090.04],"donor_id":["12","1070"],"donor_name":["UNITED NATIONS DEVELOPMENT PROGRAMME","PAN-GOVT"],"donor_short":["UNDP","GOVT"],"donor_type":["MULTI-LATERAL AGENCY","PROGRAMME COUNTRY"],"donor_type_id":["MULTI_AGY","PROGCTY"],"expenditure":[10486.22,506125.42,530478.4,414624.21],"fiscal_year":["2013","2012","2011","2010"],"focus_area":"-","focus_area_descr":"-","gender_descr":"No Contribution","gender_id":"GEN0","output_descr":"Apoyo al fortalecimiento institucional del Ministerio de Econom\u00eda y Finanzas, con el fin de lograr eficiencia y eficacia de la gesti\u00f3n fiscal y financiera.","output_id":"14295","output_title":"Gestion Basada en Resultados"}],"project_descr":"Apoyo al fortalecimiento del Ministerio de Econom\u00eda y Finanzas, para mejorar la eficiencia, eficacia y equidad de la recaudaci\u00f3n de impuestos internos a trav\u00e9s de gesti\u00f3n basada en resultados.","project_id":"14295","project_title":"Apoyo a la Gestion Basada en Resultados","region_id":"RBLAC","region_name":"Reg Bur Latin Amer & Carib","start":"2003-05-01","subnational":[{"lat":"8.9936","lon":"-79.51973","precision":"9","scope":"4","type":"1"}]}