{"document_name":[],"end":"2013-12-31","fiscal_year":["2011","2010","2012","2013"],"inst_descr":"MINISTERIO DE ECONOMIA Y FINAN","inst_id":"2402","inst_type_descr":"Gov Counterpart Institution","inst_type_id":"GOV","operating_unit":"Panama","operating_unit_id":"PAN","outputs":[{"award_id":"14300","budget":[7322181.72,7070551.33,8808337.0,0],"crs":"15110","crs_descr":"Economic and development policy/planning","donor_budget":[23201070.05],"donor_country":["Panama"],"donor_country_id":["PAN"],"donor_expend":[14396523.100000001],"donor_id":["1070"],"donor_name":["PAN-GOVT"],"donor_short":["GOVT"],"donor_type":["PROGRAMME COUNTRY"],"donor_type_id":["PROGCTY"],"expenditure":[1264317.55,6425643.07,6706562.48,3707675.15],"fiscal_year":["2013","2012","2011","2010"],"focus_area":"1","focus_area_descr":"Poverty reduction & MDG achievement","gender_descr":"No Contribution","gender_id":"GEN0","output_descr":"Fortalecimiento interinstitucional para el desarrollo de la Estrategia de Desarrollo Sostenible de la provincia de Bocas del Toro, Segunda Fase.","output_id":"62869","output_title":"Programa Bocas Fase II"}],"project_descr":"Fortalecimiento interinstitucional para el desarrollo de la Estrategia de Desarrollo Sostenible de la provincia de Bocas del Toro","project_id":"14300","project_title":"Programa de Desarrollo Sostenible Bocas del Toro","region_id":"RBLAC","region_name":"Reg Bur Latin Amer & Carib","start":"2003-06-16","subnational":[{"lat":"8.9936","lon":"-79.51973","precision":"9","scope":"4","type":"1"}]}