{"document_name":[],"end":"2012-06-29","fiscal_year":["2011","2013"],"inst_descr":"","inst_id":" ","inst_type_descr":"","inst_type_id":"","operating_unit":"Paraguay","operating_unit_id":"PRY","outputs":[{"award_id":"14307","budget":[283089.33,85000.0],"crs":"15140","crs_descr":"Government administration","donor_budget":[368089.33],"donor_country":["Paraguay"],"donor_country_id":["PRY"],"donor_expend":[75948.08],"donor_id":["1040"],"donor_name":["PAR-GOBIERNO DEL PARAGUAY"],"donor_short":["GOBIERNO"],"donor_type":["PROGRAMME COUNTRY"],"donor_type_id":["PROGCTY"],"expenditure":[0.0,75948.08],"fiscal_year":["2013","2011"],"focus_area":"2","focus_area_descr":"Democratic governance","gender_descr":"No Contribution","gender_id":"GEN0","output_descr":"ESTRUCTURACION Y DESARROLLO DE LA CAPACIDAD COMO ORGANO REGULADOR DE LA COMISION NACIONAL DE TELECOMUNICACION (CONATEL)","output_id":"14307","output_title":"CONATEL"}],"project_descr":"ESTRUCTURACION Y DESARROLLO DE LA CAPACIDAD COMO ORGANO REGULADOR DE LA COMISION NACIONAL DE TELECOMUNICAC (CONATEL)","project_id":"14307","project_title":"Apoyo a Comisi\u00f3n Nacional de Telecomunicaciones","region_id":"RBLAC","region_name":"Reg Bur Latin Amer & Carib","start":"1996-11-01","subnational":[{"lat":"-22.99333","lon":"-57.99639","precision":"9","scope":"4","type":"1"}]}