{"document_name":[],"end":"2013-12-31","fiscal_year":["2011","2010","2012","2013"],"inst_descr":"","inst_id":" ","inst_type_descr":"","inst_type_id":"","operating_unit":"Paraguay","operating_unit_id":"PRY","outputs":[{"award_id":"14311","budget":[20000000.0,16000000.0,11323753.08,0],"crs":"15140","crs_descr":"Government administration","donor_budget":[47323753.08],"donor_country":["Paraguay"],"donor_country_id":["PRY"],"donor_expend":[26792595.500000004],"donor_id":["1040"],"donor_name":["PAR-GOBIERNO DEL PARAGUAY"],"donor_short":["GOBIERNO"],"donor_type":["PROGRAMME COUNTRY"],"donor_type_id":["PROGCTY"],"expenditure":[3328686.44,13736227.56,9727681.5,3726066.54],"fiscal_year":["2013","2012","2011","2010"],"focus_area":"2","focus_area_descr":"Democratic governance","gender_descr":"Some Contribution","gender_id":"GEN1","output_descr":"Proyecto de Insfraestructura y Desarrollo de los Centros de Justicia, de la Corte Suprema de Justicia","output_id":"14311","output_title":"Desarrollo Centros de Justicia"}],"project_descr":"Proyecto de Insfraestructura y Desarrollo de los Centros de Justicia, de la Corte Suprema de Justicia.","project_id":"14311","project_title":"DESARROLLO DE LOS CENTROS DE JUSTICIA","region_id":"RBLAC","region_name":"Reg Bur Latin Amer & Carib","start":"1997-06-01","subnational":[{"lat":"-25.30066","lon":"-57.63591","precision":"1","scope":"4","type":"1"}]}