{"document_name":[],"end":"2012-08-31","fiscal_year":["2011","2010","2012"],"inst_descr":"","inst_id":" ","inst_type_descr":"","inst_type_id":"","operating_unit":"Paraguay","operating_unit_id":"PRY","outputs":[{"award_id":"14325","budget":[8601.52,75424.6,0],"crs":"41010","crs_descr":"Environmental policy and administrative management","donor_budget":[81.1,83945.02],"donor_country":["MULTI-LATERAL AGENCY","MULTI-LATERAL AGENCY"],"donor_country_id":["MULTI_AGY","MULTI_AGY"],"donor_expend":[-21.73,77815.70999999999],"donor_id":["12","10003"],"donor_name":["UNITED NATIONS DEVELOPMENT PROGRAMME","Global Environment Fund Trustee"],"donor_short":["UNDP","GEFTrustee"],"donor_type":["MULTI-LATERAL AGENCY","MULTI-LATERAL AGENCY"],"donor_type_id":["MULTI_AGY","MULTI_AGY"],"expenditure":[7424.4,70369.58,271583.59],"fiscal_year":["2012","2011","2010"],"focus_area":"4","focus_area_descr":"Environment & sustainable development","gender_descr":"Some Contribution","gender_id":"GEN1","output_descr":"Iniciativa para la Protecci\u00f3n de Areas Silvestres Protegidas.","output_id":"14325","output_title":"Paraguay Silvestre"}],"project_descr":"Iniciativa para la Proteccion de Areas Silvestres del Paraguay","project_id":"14325","project_title":"Paraguay Silvestre","region_id":"RBLAC","region_name":"Reg Bur Latin Amer & Carib","start":"2000-06-01","subnational":[{"lat":"-22.99333","lon":"-57.99639","precision":"9","scope":"4","type":"1"}]}