{"document_name":[],"end":"2012-12-31","fiscal_year":["2011","2010","2012","2013"],"inst_descr":"","inst_id":" ","inst_type_descr":"","inst_type_id":"","operating_unit":"Paraguay","operating_unit_id":"PRY","outputs":[{"award_id":"14335","budget":[3699.0,275382.16,273408.61,0],"crs":"15110","crs_descr":"Economic and development policy/planning","donor_budget":[552489.77],"donor_country":["Paraguay"],"donor_country_id":["PRY"],"donor_expend":[543872.9500000001],"donor_id":["1040"],"donor_name":["PAR-GOBIERNO DEL PARAGUAY"],"donor_short":["GOBIERNO"],"donor_type":["PROGRAMME COUNTRY"],"donor_type_id":["PROGCTY"],"expenditure":[1598.39,268855.81,273418.75,237862.18],"fiscal_year":["2013","2012","2011","2010"],"focus_area":"1","focus_area_descr":"Poverty reduction & MDG achievement","gender_descr":"Some Contribution","gender_id":"GEN1","output_descr":"Promoci\u00f3n del R\u00e9gimen de Maquila por medio de actividades de promoci\u00f3n conforme la identificaci\u00f3n de rubros y estrategias.","output_id":"14335","output_title":"PROGRAMA MAQUILA"}],"project_descr":"El Programa de Maquila fue extendido por los a\u00f1os 2011-2012 con el objetivo de proseguir con la promoci\u00f3n del desarrollo socioecon\u00f3mico del Paraguay a trav\u00e9s del fortalecimiento y consolidaci\u00f3n del Programa Maquila.","project_id":"14335","project_title":"PROGRAMA MAQUILA","region_id":"RBLAC","region_name":"Reg Bur Latin Amer & Carib","start":"2002-01-01","subnational":[{"lat":"-22.99333","lon":"-57.99639","precision":"9","scope":"4","type":"1"}]}