{"document_name":[],"end":"2011-12-31","fiscal_year":["2011","2012"],"inst_descr":"","inst_id":" ","inst_type_descr":"","inst_type_id":"","operating_unit":"Paraguay","operating_unit_id":"PRY","outputs":[{"award_id":"14330","budget":[4.0,431698.15],"crs":"99810","crs_descr":"Sectors Not Specified","donor_budget":[0.29,185.0,158119.78,273397.08],"donor_country":["MULTI-LATERAL AGENCY","MULTI-LATERAL AGENCY","MULTI-LATERAL AGENCY","Paraguay"],"donor_country_id":["MULTI_AGY","MULTI_AGY","MULTI_AGY","PRY"],"donor_expend":[-1560.09,0.0,0.0,-7351.43],"donor_id":["12","15","296","1040"],"donor_name":["UNITED NATIONS DEVELOPMENT PROGRAMME","WORLD BANK (INT'L. BANK FOR RECONSTRUCTI","UNITED NATIONS","PAR-GOBIERNO DEL PARAGUAY"],"donor_short":["UNDP","IBRD","UN","GOBIERNO"],"donor_type":["MULTI-LATERAL AGENCY","MULTI-LATERAL AGENCY","MULTI-LATERAL AGENCY","PROGRAMME COUNTRY"],"donor_type_id":["MULTI_AGY","MULTI_AGY","MULTI_AGY","PROGCTY"],"expenditure":[-129988.21,121076.69],"fiscal_year":["2012","2011"],"focus_area":"-","focus_area_descr":"-","gender_descr":"No Contribution","gender_id":"GEN0","output_descr":"Promoci\u00f3n del Di\u00e1logo Nacional para el Desarrollo Humano Sostenible","output_id":"14330","output_title":"Promocion del Di\u00e1logo Nacional"}],"project_descr":"Promoci\u00f3n del Di\u00e1logo Nacional para el Desarrollo Humano Sostenible","project_id":"14330","project_title":"Promocion del Di\u00e1logo Nacional","region_id":"RBLAC","region_name":"Reg Bur Latin Amer & Carib","start":"2001-05-01","subnational":[{"lat":"-22.99333","lon":"-57.99639","precision":"9","scope":"4","type":"1"}]}