{"document_name":[],"end":"2010-12-31","fiscal_year":["2011","2010"],"inst_descr":"","inst_id":" ","inst_type_descr":"","inst_type_id":"","operating_unit":"Paraguay","operating_unit_id":"PRY","outputs":[{"award_id":"14344","budget":[4851.39,0],"crs":"15110","crs_descr":"Economic and development policy/planning","donor_budget":[4851.39],"donor_country":["Paraguay"],"donor_country_id":["PRY"],"donor_expend":[0.0],"donor_id":["1040"],"donor_name":["PAR-GOBIERNO DEL PARAGUAY"],"donor_short":["GOBIERNO"],"donor_type":["PROGRAMME COUNTRY"],"donor_type_id":["PROGCTY"],"expenditure":[0.0,32916.31],"fiscal_year":["2011","2010"],"focus_area":"1","focus_area_descr":"Poverty reduction & MDG achievement","gender_descr":"Some Contribution","gender_id":"GEN1","output_descr":"Proyecto Piloto de Desarrollo Comunitario desrrollado con fuentes del Gobierno y del Banco Mundial.","output_id":"14344","output_title":"DESARROLLO COMUNITARIO"}],"project_descr":"Proyecto de Desarrollo Comunitario en apoyo a la Secretaria de Acci\u00f3n Social","project_id":"14344","project_title":"Programa de Desarrollo Comunitario","region_id":"RBLAC","region_name":"Reg Bur Latin Amer & Carib","start":"2002-08-01","subnational":[{"lat":"-27.33056","lon":"-55.86667","precision":"3","scope":"1","type":"2"},{"lat":"-27.33056","lon":"-55.86667","precision":"3","scope":"1","type":"2"},{"lat":"-27.33056","lon":"-55.86667","precision":"3","scope":"1","type":"2"}]}