{"document_name":[],"end":"2012-12-31","fiscal_year":["2011","2010","2012"],"inst_descr":"","inst_id":" ","inst_type_descr":"","inst_type_id":"","operating_unit":"Paraguay","operating_unit_id":"PRY","outputs":[{"award_id":"14343","budget":[786295.73,929965.33,0],"crs":"15140","crs_descr":"Government administration","donor_budget":[1716261.06],"donor_country":["Paraguay"],"donor_country_id":["PRY"],"donor_expend":[1713868.05],"donor_id":["1040"],"donor_name":["PAR-GOBIERNO DEL PARAGUAY"],"donor_short":["GOBIERNO"],"donor_type":["PROGRAMME COUNTRY"],"donor_type_id":["PROGCTY"],"expenditure":[786294.74,927573.31,377818.57],"fiscal_year":["2012","2011","2010"],"focus_area":"2","focus_area_descr":"Democratic governance","gender_descr":"Some Contribution","gender_id":"GEN1","output_descr":"El objetivo del presente proyecto  apoyar al Prestatario en la elaboraci\u00f3n de estudios generales y espec\u00edficos de preinversi\u00f3n para disponer de un n\u00famero razonable de proyectos.. Dichos estudios deber\u00e1n asegurar la viabilidad de los proyectos.","output_id":"14343","output_title":"Programa de Pre inversi\u00f3n"}],"project_descr":"Apoyo a la Ejecuci\u00f3n del Programa de Preinversi\u00f3n del Ministerio de Hacienda","project_id":"14343","project_title":"Programa de Pre inversi\u00f3n","region_id":"RBLAC","region_name":"Reg Bur Latin Amer & Carib","start":"2002-07-01","subnational":[{"lat":"-22.99333","lon":"-57.99639","precision":"9","scope":"4","type":"1"}]}