{"document_name":[],"end":"2012-06-29","fiscal_year":["2011","2010","2012"],"inst_descr":"","inst_id":" ","inst_type_descr":"","inst_type_id":"","operating_unit":"Paraguay","operating_unit_id":"PRY","outputs":[{"award_id":"14351","budget":[1316.0,240600.0,0],"crs":"15110","crs_descr":"Economic and development policy/planning","donor_budget":[241916.0],"donor_country":["Paraguay"],"donor_country_id":["PRY"],"donor_expend":[199931.2],"donor_id":["1040"],"donor_name":["PAR-GOBIERNO DEL PARAGUAY"],"donor_short":["GOBIERNO"],"donor_type":["PROGRAMME COUNTRY"],"donor_type_id":["PROGCTY"],"expenditure":[1283.94,198647.26,223298.82],"fiscal_year":["2012","2011","2010"],"focus_area":"1","focus_area_descr":"Poverty reduction & MDG achievement","gender_descr":"Some Contribution","gender_id":"GEN1","output_descr":"Apoyo a la Ejecuci\u00f3n del Programa de Desarrollo Empresarial para las PyMEs Pr\u00e9stamo  1349/PC-PR - Aporte Local.-","output_id":"14351","output_title":"Programa DesarrolloEmpresarial"}],"project_descr":"Apoyo a la Ejecuci\u00f3n del Programa de Desarrollo Empresarial para Apoyo a Peque\u00f1as y Medianas Empresas - Pr\u00e9stamo 1349/PC-PR","project_id":"14351","project_title":"Apoyo a Peque\u00f1as y Medianas Empresas","region_id":"RBLAC","region_name":"Reg Bur Latin Amer & Carib","start":"2002-11-29","subnational":[{"lat":"-22.99333","lon":"-57.99639","precision":"9","scope":"4","type":"1"}]}