{"document_name":[],"end":"2012-03-3","fiscal_year":["2011","2010","2012"],"inst_descr":"","inst_id":" ","inst_type_descr":"","inst_type_id":"","operating_unit":"Paraguay","operating_unit_id":"PRY","outputs":[{"award_id":"14353","budget":[1000.0,156500.0,0],"crs":"15110","crs_descr":"Economic and development policy/planning","donor_budget":[157500.0],"donor_country":["Paraguay"],"donor_country_id":["PRY"],"donor_expend":[84462.72],"donor_id":["1040"],"donor_name":["PAR-GOBIERNO DEL PARAGUAY"],"donor_short":["GOBIERNO"],"donor_type":["PROGRAMME COUNTRY"],"donor_type_id":["PROGCTY"],"expenditure":[0.0,84462.72,53496.5],"fiscal_year":["2012","2011","2010"],"focus_area":"1","focus_area_descr":"Poverty reduction & MDG achievement","gender_descr":"Some Contribution","gender_id":"GEN1","output_descr":"Apoyo a la Ejecuci\u00f3n del Programa de Desarrollo Empresarial para las PyMEs  Pr\u00e9stamo 1349/OC-PR del BID","output_id":"14353","output_title":"DESARROLLO EMPRESARIAL"}],"project_descr":"Apoyo a la ejecuci\u00f3n del Programa de Desarrollo Empresarial para las Peque\u00f1as y Medianas Empresas","project_id":"14353","project_title":"Programa de Desarrollo Empresarial","region_id":"RBLAC","region_name":"Reg Bur Latin Amer & Carib","start":"2003-02-01","subnational":[{"lat":"-22.99333","lon":"-57.99639","precision":"9","scope":"4","type":"1"}]}