{"document_name":[],"end":"2012-12-31","fiscal_year":["2011","2010","2012","2013"],"inst_descr":"","inst_id":" ","inst_type_descr":"","inst_type_id":"","operating_unit":"Paraguay","operating_unit_id":"PRY","outputs":[{"award_id":"14362","budget":[5310.0,225398.29,366216.16,0],"crs":"15110","crs_descr":"Economic and development policy/planning","donor_budget":[596924.45],"donor_country":["Paraguay"],"donor_country_id":["PRY"],"donor_expend":[539037.23],"donor_id":["1040"],"donor_name":["PAR-GOBIERNO DEL PARAGUAY"],"donor_short":["GOBIERNO"],"donor_type":["PROGRAMME COUNTRY"],"donor_type_id":["PROGCTY"],"expenditure":[1804.7,219280.41,317952.12,265610.34],"fiscal_year":["2013","2012","2011","2010"],"focus_area":"1","focus_area_descr":"Poverty reduction & MDG achievement","gender_descr":"Some Contribution","gender_id":"GEN1","output_descr":"Apoyo a la Ejecuci\u00f3n del Programa de Simplificaci\u00f3n de Tr\u00e1mites de Exportaci\u00f3n,","output_id":"14362","output_title":"TRAMITES DE EXPORTACION"}],"project_descr":"Apoyo a la Ejecuci\u00f3n del Programa de Simplificaci\u00f3n de Tr\u00e1mites de Exportaci\u00f3n del Ministerio de Industria y Comercio de Paraguay","project_id":"14362","project_title":"Simplificaci\u00f3n Tr\u00e1mites de Exportaci\u00f3n","region_id":"RBLAC","region_name":"Reg Bur Latin Amer & Carib","start":"2003-04-15","subnational":[{"lat":"-22.99333","lon":"-57.99639","precision":"9","scope":"4","type":"1"}]}