{"document_name":[],"end":"2012-06-3","fiscal_year":["2012"],"inst_descr":"","inst_id":" ","inst_type_descr":"","inst_type_id":"","operating_unit":"Paraguay","operating_unit_id":"PRY","outputs":[{"award_id":"14368","budget":[141.79,0],"crs":"15140","crs_descr":"Government administration","donor_budget":[1.0,140.79],"donor_country":["MULTI-LATERAL AGENCY","Paraguay"],"donor_country_id":["MULTI_AGY","PRY"],"donor_expend":[-140.79,140.79],"donor_id":["12","1040"],"donor_name":["UNITED NATIONS DEVELOPMENT PROGRAMME","PAR-GOBIERNO DEL PARAGUAY"],"donor_short":["UNDP","GOBIERNO"],"donor_type":["MULTI-LATERAL AGENCY","PROGRAMME COUNTRY"],"donor_type_id":["MULTI_AGY","PROGCTY"],"expenditure":[0.0,4738.81],"fiscal_year":["2012","2010"],"focus_area":"2","focus_area_descr":"Democratic governance","gender_descr":"No Contribution","gender_id":"GEN0","output_descr":"APOYO A LA DIRECCION NACIONAL DE AERONAUTICA CIVIL","output_id":"14368","output_title":"Apoyo a la DINAC"}],"project_descr":"APOYO A LA DIRECCION NACIONAL DE AERONAUTICA CIVIL","project_id":"14368","project_title":"Apoyo a la Direcci\u00f3n de Aeron\u00e1utica Civil","region_id":"RBLAC","region_name":"Reg Bur Latin Amer & Carib","start":"2003-11-01","subnational":[]}