{"document_name":[],"end":"2012-12-31","fiscal_year":["2011","2010","2012","2013"],"inst_descr":"","inst_id":" ","inst_type_descr":"","inst_type_id":"","operating_unit":"Peru","operating_unit_id":"PER","outputs":[{"award_id":"14386","budget":[106197.06,133976.14,105334.22,0],"crs":"15110","crs_descr":"Economic and development policy/planning","donor_budget":[325507.42,20000.0],"donor_country":["Peru","MULTI-LATERAL AGENCY"],"donor_country_id":["PER","MULTI_AGY"],"donor_expend":[272611.8,19088.46],"donor_id":["194","32"],"donor_name":["GOVERNMENT OF PERU","UNITED NATIONS DEVELOPMENT FUND FOR WOME"],"donor_short":["PER","UN Women"],"donor_type":["PROGRAMME COUNTRY","MULTI-LATERAL AGENCY"],"donor_type_id":["PROGCTY","MULTI_AGY"],"expenditure":[52900.04,133466.0,105334.22,232796.14],"fiscal_year":["2013","2012","2011","2010"],"focus_area":"1","focus_area_descr":"Poverty reduction & MDG achievement","gender_descr":"Some Contribution","gender_id":"GEN1","output_descr":"Asistencia t\u00e9cnica para la identificaci\u00f3n e implementaci\u00f3n de nuevas propuestas de desarrollo.","output_id":"14386","output_title":"Apoyo institucional, Umbrella"}],"project_descr":"Asistencia t\u00e9cnica para la identificaci\u00f3n e implementaci\u00f3n de nuevas propuestas de desarrollo en diferentes sectores.","project_id":"14386","project_title":"Asistencia t\u00e9cnica implementaci\u00f3n, Desarrollo","region_id":"RBLAC","region_name":"Reg Bur Latin Amer & Carib","start":"1999-04-01","subnational":[{"lat":"-12.04318","lon":"-77.02824","precision":"9","scope":"4","type":"2"}]}