{"document_name":[],"end":"2011-12-16","fiscal_year":["2012"],"inst_descr":"","inst_id":" ","inst_type_descr":"","inst_type_id":"","operating_unit":"Peru","operating_unit_id":"PER","outputs":[{"award_id":"14412","budget":[0.0,0],"crs":"99810","crs_descr":"Sectors Not Specified","donor_budget":[0.0],"donor_country":["Peru"],"donor_country_id":["PER"],"donor_expend":[0.01],"donor_id":["1573"],"donor_name":["PER-PRESIDENCIA DEL CONSEJO DE"],"donor_short":["PCM"],"donor_type":["PROGRAMME COUNTRY"],"donor_type_id":["PROGCTY"],"expenditure":[0.01,229884.35],"fiscal_year":["2012","2010"],"focus_area":"-","focus_area_descr":"-","gender_descr":"Some Contribution","gender_id":"GEN1","output_descr":"Apoyo a la Mesa de Concertaci\u00f3n para la Lucha contra la Pobreza","output_id":"14412","output_title":"Apoyo a la Mesa de Concertac"}],"project_descr":"APOYO A LA MESA DE CONCERTACION PARA LA LUCHA CONTRA LA POBREZA","project_id":"14412","project_title":"Apoyo a la Mesa de Concertaci\u00f3n","region_id":"RBLAC","region_name":"Reg Bur Latin Amer & Carib","start":"2002-06-01","subnational":[]}