{"document_name":[],"end":"2011-03-31","fiscal_year":["2011","2010"],"inst_descr":"","inst_id":" ","inst_type_descr":"","inst_type_id":"","operating_unit":"Peru","operating_unit_id":"PER","outputs":[{"award_id":"14427","budget":[6048.67,0],"crs":"99810","crs_descr":"Sectors Not Specified","donor_budget":[6048.67],"donor_country":["Peru"],"donor_country_id":["PER"],"donor_expend":[6018.43],"donor_id":["1165"],"donor_name":["PER-INSTITUTO NACIONAL DE DEFE"],"donor_short":["INDECI"],"donor_type":["PROGRAMME COUNTRY"],"donor_type_id":["PROGCTY"],"expenditure":[6018.43,9408.62],"fiscal_year":["2011","2010"],"focus_area":"3","focus_area_descr":"Crisis prevention & recovery","gender_descr":"No Contribution","gender_id":"GEN0","output_descr":"Capacitacion para prevencion de desastres.","output_id":"14427","output_title":"Prevenci\u00f3n de desastres"}],"project_descr":"Se realizar\u00e1n actividades de capacitacion para prevencion de desastres y para el aumento de la resiliencia en zonas afectadas por crisis naturales.","project_id":"14427","project_title":"Capacitacion para Prevencion de Desastres","region_id":"RBLAC","region_name":"Reg Bur Latin Amer & Carib","start":"2003-01-01","subnational":[{"lat":"-12.04318","lon":"-77.02824","precision":"9","scope":"4","type":"2"}]}