{"document_name":[],"end":"2012-03-31","fiscal_year":["2011","2010","2012"],"inst_descr":"","inst_id":" ","inst_type_descr":"","inst_type_id":"","operating_unit":"Peru","operating_unit_id":"PER","outputs":[{"award_id":"14426","budget":[21389.23,404473.64,0],"crs":"74010","crs_descr":"Disaster prevention and preparedness","donor_budget":[57015.88,368846.99],"donor_country":["MULTI-LATERAL AGENCY","Peru"],"donor_country_id":["MULTI_AGY","PER"],"donor_expend":[57015.88,367711.19],"donor_id":["12","1165"],"donor_name":["UNITED NATIONS DEVELOPMENT PROGRAMME","PER-INSTITUTO NACIONAL DE DEFE"],"donor_short":["UNDP","INDECI"],"donor_type":["MULTI-LATERAL AGENCY","PROGRAMME COUNTRY"],"donor_type_id":["MULTI_AGY","PROGCTY"],"expenditure":[21395.63,403331.44,338724.89],"fiscal_year":["2012","2011","2010"],"focus_area":"3","focus_area_descr":"Crisis prevention & recovery","gender_descr":"Some Contribution","gender_id":"GEN1","output_descr":"El Programa Ciudades Sostenibles busca incorporar la gesti\u00f3n de riesgo de desastres en la planificaci\u00f3n municipal y regional.","output_id":"14426","output_title":"Ciudades Sostenibles"}],"project_descr":"El Programa Ciudades Sostenibles busca incorporar la gesti\u00f3n de riesgo de desastres en la planificaci\u00f3n municipal y regional.","project_id":"14426","project_title":"Ciudades Sostenibles","region_id":"RBLAC","region_name":"Reg Bur Latin Amer & Carib","start":"2003-01-01","subnational":[{"lat":"-12.04318","lon":"-77.02824","precision":"9","scope":"4","type":"2"}]}