{"document_name":[],"end":"2011-12-24","fiscal_year":["2011","2010"],"inst_descr":"","inst_id":" ","inst_type_descr":"","inst_type_id":"","operating_unit":"Peru","operating_unit_id":"PER","outputs":[{"award_id":"14428","budget":[565161.87,0],"crs":"99810","crs_descr":"Sectors Not Specified","donor_budget":[37142.87,22770.0,505249.0],"donor_country":["MULTI-LATERAL AGENCY","Peru","Peru"],"donor_country_id":["MULTI_AGY","PER","PER"],"donor_expend":[35085.41,22770.0,505000.15],"donor_id":["12","194","1165"],"donor_name":["UNITED NATIONS DEVELOPMENT PROGRAMME","GOVERNMENT OF PERU","PER-INSTITUTO NACIONAL DE DEFE"],"donor_short":["UNDP","PER","INDECI"],"donor_type":["MULTI-LATERAL AGENCY","PROGRAMME COUNTRY","PROGRAMME COUNTRY"],"donor_type_id":["MULTI_AGY","PROGCTY","PROGCTY"],"expenditure":[562855.56,4149380.96],"fiscal_year":["2011","2010"],"focus_area":"3","focus_area_descr":"Crisis prevention & recovery","gender_descr":"No Contribution","gender_id":"GEN0","output_descr":"Mejoramiento de la Gesti\u00f3n del Instituto Nacional de Defensa Civil (INDECI).","output_id":"14428","output_title":"Apoyo a Defensa Civil"}],"project_descr":"Mejoramiento de la Gesti\u00f3n del Instituto Nacional de Defensa Civil (INDECI).","project_id":"14428","project_title":"Mejoramiento Gestion Instituto Defensa Civil","region_id":"RBLAC","region_name":"Reg Bur Latin Amer & Carib","start":"2003-01-01","subnational":[{"lat":"-12.04318","lon":"-77.02824","precision":"1","scope":"1","type":"1"}]}