{"document_name":[],"end":"2011-12-31","fiscal_year":["2011","2010"],"inst_descr":"","inst_id":" ","inst_type_descr":"","inst_type_id":"","operating_unit":"Peru","operating_unit_id":"PER","outputs":[{"award_id":"14435","budget":[39822.51,0],"crs":"15110","crs_descr":"Economic and development policy/planning","donor_budget":[39822.51],"donor_country":["Peru"],"donor_country_id":["PER"],"donor_expend":[5553.09],"donor_id":["1443"],"donor_name":["PER-MINISTERIO TRANSPORTES Y C"],"donor_short":["MTC"],"donor_type":["PROGRAMME COUNTRY"],"donor_type_id":["PROGCTY"],"expenditure":[5553.09,16135.04],"fiscal_year":["2011","2010"],"focus_area":"1","focus_area_descr":"Poverty reduction & MDG achievement","gender_descr":"No Contribution","gender_id":"GEN0","output_descr":"Impulsar politicas, acciones y proyectos orientados a disminuir la brecha digital en el pais y la inequidad en el acceso a las tecnologias de informacion y comunicacion","output_id":"14435","output_title":"Sociedad de la Informaci\u00f3n"}],"project_descr":"Impulsar politicas, acciones y proyectos orientados a disminuir la brecha digital en el pais y la inequidad en el acceso a las tecnologias de informacion y comunicacion","project_id":"14435","project_title":"Desarrollo Sociedad de la Informaci\u00f3n en el pais","region_id":"RBLAC","region_name":"Reg Bur Latin Amer & Carib","start":"2003-01-01","subnational":[{"lat":"-12.04318","lon":"-77.02824","precision":"9","scope":"4","type":"2"}]}