{"document_name":[],"end":"2011-12-31","fiscal_year":["2011","2010"],"inst_descr":"","inst_id":" ","inst_type_descr":"","inst_type_id":"","operating_unit":"Peru","operating_unit_id":"PER","outputs":[{"award_id":"14433","budget":[546346.35,0],"crs":"15110","crs_descr":"Economic and development policy/planning","donor_budget":[546346.35],"donor_country":["Peru"],"donor_country_id":["PER"],"donor_expend":[36580.01],"donor_id":["1289"],"donor_name":["PER-MINISTERIO DE EDUCACION"],"donor_short":["MED"],"donor_type":["PROGRAMME COUNTRY"],"donor_type_id":["PROGCTY"],"expenditure":[36580.01,183117.93],"fiscal_year":["2011","2010"],"focus_area":"1","focus_area_descr":"Poverty reduction & MDG achievement","gender_descr":"No Contribution","gender_id":"GEN0","output_descr":"Apoyo a las telecomunicaciones y soporte a portal y software educativo del Proyecto Huascar\u00e1n.","output_id":"14433","output_title":"Apoyo a telecomunicaciones"}],"project_descr":"APOYO A LAS TELECOMUNICACIONES, PORTAL Y SOFTWARE EDUCACTIVO DEL PROYECTO HUASCARAN","project_id":"14433","project_title":"Portal telecomunicaciones, Huascar\u00e1n","region_id":"RBLAC","region_name":"Reg Bur Latin Amer & Carib","start":"2003-01-28","subnational":[{"lat":"-9.12208","lon":"-77.60477","precision":"3","scope":"1","type":"2"}]}