{"document_name":[],"end":"2011-12-31","fiscal_year":["2011","2010"],"inst_descr":"","inst_id":" ","inst_type_descr":"","inst_type_id":"","operating_unit":"Peru","operating_unit_id":"PER","outputs":[{"award_id":"14449","budget":[18964.0,0],"crs":"15140","crs_descr":"Government administration","donor_budget":[18964.0],"donor_country":["Peru"],"donor_country_id":["PER"],"donor_expend":[18941.23],"donor_id":["1443"],"donor_name":["PER-MINISTERIO TRANSPORTES Y C"],"donor_short":["MTC"],"donor_type":["PROGRAMME COUNTRY"],"donor_type_id":["PROGCTY"],"expenditure":[18941.23,44863.53],"fiscal_year":["2011","2010"],"focus_area":"2","focus_area_descr":"Democratic governance","gender_descr":"No Contribution","gender_id":"GEN0","output_descr":"Apoyo a la Modernizacion del Ministerio de Transportes y Comunicaciones","output_id":"14449","output_title":"Apoyo comunicacion transportes"}],"project_descr":"Se realizar\u00e1n actividades para mejorar la calidad de la gesti\u00f3n y de los servicios prestados por el Ministerio de Transportes y de Comunicaciones.","project_id":"14449","project_title":"Apoyo modernizacion transportes y comunicaciones","region_id":"RBLAC","region_name":"Reg Bur Latin Amer & Carib","start":"2003-05-21","subnational":[{"lat":"-12.04318","lon":"-77.02824","precision":"1","scope":"1","type":"1"}]}