{"document_name":[],"end":"2012-12-31","fiscal_year":["2012"],"inst_descr":"","inst_id":" ","inst_type_descr":"","inst_type_id":"","operating_unit":"Philippines","operating_unit_id":"PHL","outputs":[{"award_id":"14464","budget":[1.0],"crs":"99810","crs_descr":"Sectors Not Specified","donor_budget":[1.0],"donor_country":["MULTI-LATERAL AGENCY"],"donor_country_id":["MULTI_AGY"],"donor_expend":[-1485.45],"donor_id":["12"],"donor_name":["UNITED NATIONS DEVELOPMENT PROGRAMME"],"donor_short":["UNDP"],"donor_type":["MULTI-LATERAL AGENCY"],"donor_type_id":["MULTI_AGY"],"expenditure":[-1485.45],"fiscal_year":["2012"],"focus_area":"-","focus_area_descr":"-","gender_descr":"Some Contribution","gender_id":"GEN1","output_descr":"ENABLING THE PHILIPPINES TO PREPARE ITS FIRST NATIONAL COMMUNICATION PROGRAMME IN RESPONSE TO ITS COMMITMENTS TO UNFCCC","output_id":"14464","output_title":"ENABLING ACTIVITY ON CLIMATE C"}],"project_descr":"ENABLING THE PHILIPPINES TO PREPARE ITS FIRST NATIONAL COMMUNICATION PROGRAMME IN RESPONSE TO ITS COMMITMENTS TO UNFCCC","project_id":"14464","project_title":"ENABLING ACTIVITY ON CLIMATE CHANGE","region_id":"RBAP","region_name":"Reg Bureau for Asia & Pacific","start":"1997-11-01","subnational":[]}