{"document_name":[],"end":"2012-12-31","fiscal_year":["2011","2010","2012","2013"],"inst_descr":"","inst_id":" ","inst_type_descr":"","inst_type_id":"","operating_unit":"Philippines","operating_unit_id":"PHL","outputs":[{"award_id":"14467","budget":[40693.0,175995.99,677609.15,0],"crs":"41010","crs_descr":"Environmental policy and administrative management","donor_budget":[894298.14,0.0],"donor_country":["MULTI-LATERAL AGENCY","MULTI-LATERAL AGENCY"],"donor_country_id":["MULTI_AGY","MULTI_AGY"],"donor_expend":[720800.82,0.0],"donor_id":["10003","12"],"donor_name":["Global Environment Fund Trustee","UNITED NATIONS DEVELOPMENT PROGRAMME"],"donor_short":["GEFTrustee","UNDP"],"donor_type":["MULTI-LATERAL AGENCY","MULTI-LATERAL AGENCY"],"donor_type_id":["MULTI_AGY","MULTI_AGY"],"expenditure":[8141.67,175995.96,536663.19,287452.19],"fiscal_year":["2013","2012","2011","2010"],"focus_area":"4","focus_area_descr":"Environment & sustainable development","gender_descr":"Some Contribution","gender_id":"GEN1","output_descr":"Establishment of Samar Island National Park to help protect biodivesity in Samar","output_id":"14467","output_title":"Samar Island Biodiversity Proj"}],"project_descr":"PIMS 877  FSP BD Samar Island Biodiversity Conservation (PHI/99/014)","project_id":"14467","project_title":"Samar Island Biodiversity Conservation","region_id":"RBAP","region_name":"Reg Bureau for Asia & Pacific","start":"2000-05-01","subnational":[]}