{"document_name":[],"end":"2008-12-31","fiscal_year":["2012"],"inst_descr":"","inst_id":" ","inst_type_descr":"","inst_type_id":"","operating_unit":"Philippines","operating_unit_id":"PHL","outputs":[{"award_id":"14470","budget":[1.0,0],"crs":"99810","crs_descr":"Sectors Not Specified","donor_budget":[1.0],"donor_country":["MULTI-LATERAL AGENCY"],"donor_country_id":["MULTI_AGY"],"donor_expend":[-11399.12],"donor_id":["10003"],"donor_name":["GEFTrustee"],"donor_short":["GEFTrustee"],"donor_type":["MULTI-LATERAL AGENCY"],"donor_type_id":["MULTI_AGY"],"expenditure":[-11399.12,-0.01],"fiscal_year":["2012","2010"],"focus_area":"-","focus_area_descr":"-","gender_descr":"Some Contribution","gender_id":"GEN1","output_descr":"Conservation of the Tubbataha Reef National Marine Park and World Heritage Site","output_id":"14470","output_title":"Tubbataha Reef"}],"project_descr":"Conservation of the Tubbataha Reef National Marine Park and World Heritage Site","project_id":"14470","project_title":"Tubbataha Reef","region_id":"RBAP","region_name":"Reg Bureau for Asia & Pacific","start":"2000-09-01","subnational":[]}