{"document_name":[],"end":"2012-12-31","fiscal_year":["2012"],"inst_descr":"","inst_id":" ","inst_type_descr":"","inst_type_id":"","operating_unit":"Philippines","operating_unit_id":"PHL","outputs":[{"award_id":"14474","budget":[1.0],"crs":"99810","crs_descr":"Sectors Not Specified","donor_budget":[1.0],"donor_country":["MULTI-LATERAL AGENCY"],"donor_country_id":["MULTI_AGY"],"donor_expend":[-46.55],"donor_id":["10003"],"donor_name":["GEFTrustee"],"donor_short":["GEFTrustee"],"donor_type":["MULTI-LATERAL AGENCY"],"donor_type_id":["MULTI_AGY"],"expenditure":[-46.55],"fiscal_year":["2012"],"focus_area":"-","focus_area_descr":"-","gender_descr":"Some Contribution","gender_id":"GEN1","output_descr":"Philippine Efficient Lighting Market Transformation Project (PDF-B)","output_id":"14474","output_title":"Phil Lighting Transformation"}],"project_descr":"Philippine Efficient Lighting Market Transformation Project (PDF-B)","project_id":"14474","project_title":"Philippine Efficient Lighting Market Transformation Proj","region_id":"RBAP","region_name":"Reg Bureau for Asia & Pacific","start":"2001-03-01","subnational":[]}