{"document_name":[],"end":"2012-12-31","fiscal_year":["2011","2010","2012","2013"],"inst_descr":"","inst_id":" ","inst_type_descr":"","inst_type_id":"","operating_unit":"Philippines","operating_unit_id":"PHL","outputs":[{"award_id":"14499","budget":[102507.1,40700.0,282384.63,0],"crs":"41010","crs_descr":"Environmental policy and administrative management","donor_budget":[425591.73,0.0],"donor_country":["MULTI-LATERAL AGENCY","MULTI-LATERAL AGENCY"],"donor_country_id":["MULTI_AGY","MULTI_AGY"],"donor_expend":[290367.65,0.0],"donor_id":["10003","12"],"donor_name":["Global Environment Fund Trustee","UNITED NATIONS DEVELOPMENT PROGRAMME"],"donor_short":["GEFTrustee","UNDP"],"donor_type":["MULTI-LATERAL AGENCY","MULTI-LATERAL AGENCY"],"donor_type_id":["MULTI_AGY","MULTI_AGY"],"expenditure":[0.0,40664.86,249702.79,212101.04],"fiscal_year":["2013","2012","2011","2010"],"focus_area":"4","focus_area_descr":"Environment & sustainable development","gender_descr":"Some Contribution","gender_id":"GEN1","output_descr":"The Capacity Building to Remove Barriers to Renewable Energy Development in the Philippines Projects designed is to reduce the growth rate of greenhouse gas emissions by fossil fuel use and the cost of development of renewable energy in the philippines.","output_id":"14499","output_title":"Capacity-bldg Renewable Energy"}],"project_descr":"Philippines: Capacity Building to Remove Barriers to Renewable Energy Development","project_id":"14499","project_title":"Capacity Building to Remove Barriers to Renewable Energy","region_id":"RBAP","region_name":"Reg Bureau for Asia & Pacific","start":"2002-11-01","subnational":[{"lat":"13","lon":"122","precision":"9","scope":"4","type":"2"}]}