{"document_name":[],"end":"2012-12-31","fiscal_year":["2012"],"inst_descr":"","inst_id":" ","inst_type_descr":"","inst_type_id":"","operating_unit":"Philippines","operating_unit_id":"PHL","outputs":[{"award_id":"14501","budget":[1.0],"crs":"99810","crs_descr":"Sectors Not Specified","donor_budget":[1.0],"donor_country":["MULTI-LATERAL AGENCY"],"donor_country_id":["MULTI_AGY"],"donor_expend":[-780.48],"donor_id":["10003"],"donor_name":["GEFTrustee"],"donor_short":["GEFTrustee"],"donor_type":["MULTI-LATERAL AGENCY"],"donor_type_id":["MULTI_AGY"],"expenditure":[-780.48],"fiscal_year":["2012"],"focus_area":"-","focus_area_descr":"-","gender_descr":"No Contribution","gender_id":"GEN0","output_descr":"Sustainable conservation and utilization of Philippine indigenous crops and wild relatives","output_id":"14501","output_title":"Agrobiodiversity Project"}],"project_descr":"Sustainable conservation and utilization of Philippine indigenous crops and wild relatives","project_id":"14501","project_title":"Agrobiodiversity Project PDF A","region_id":"RBAP","region_name":"Reg Bureau for Asia & Pacific","start":"2003-05-01","subnational":[]}