{"document_name":[],"end":"2012-12-31","fiscal_year":["2011"],"inst_descr":"","inst_id":" ","inst_type_descr":"","inst_type_id":"","operating_unit":"Philippines","operating_unit_id":"PHL","outputs":[{"award_id":"14502","budget":[1.0],"crs":"41010","crs_descr":"Environmental policy and administrative management","donor_budget":[1.0],"donor_country":["MULTI-LATERAL AGENCY"],"donor_country_id":["MULTI_AGY"],"donor_expend":[-10985.86],"donor_id":["10003"],"donor_name":["Global Environment Fund Trustee"],"donor_short":["GEFTrustee"],"donor_type":["MULTI-LATERAL AGENCY"],"donor_type_id":["MULTI_AGY"],"expenditure":[-10985.86],"fiscal_year":["2011"],"focus_area":"4","focus_area_descr":"Environment & sustainable development","gender_descr":"No Contribution","gender_id":"GEN0","output_descr":"National Capacity Needs Self - Assessment for Global Environmental Management in the Philippines","output_id":"14502","output_title":"National Capacity Self Assessm"}],"project_descr":"National Capacity Needs Self - Assessment for Global Environmental Management in the Philippines","project_id":"14502","project_title":"National Capacity Self Assessment","region_id":"RBAP","region_name":"Reg Bureau for Asia & Pacific","start":"2003-08-01","subnational":[{"lat":"14.10594","lon":"120.93372","precision":"3","scope":"2","type":"1"},{"lat":"14.10594","lon":"120.93372","precision":"3","scope":"2","type":"1"},{"lat":"14.10594","lon":"120.93372","precision":"3","scope":"2","type":"1"},{"lat":"14.10594","lon":"120.93372","precision":"3","scope":"2","type":"1"},{"lat":"14.10594","lon":"120.93372","precision":"3","scope":"2","type":"1"},{"lat":"14.10594","lon":"120.93372","precision":"3","scope":"2","type":"1"}]}