{"document_name":[],"end":"2007-12-31","fiscal_year":["2013"],"inst_descr":"","inst_id":" ","inst_type_descr":"","inst_type_id":"","operating_unit":"Papua New Guinea","operating_unit_id":"PNG","outputs":[{"award_id":"14505","budget":[0.0,0],"crs":"99810","crs_descr":"Sectors Not Specified","donor_budget":[0.0],"donor_country":["Australia"],"donor_country_id":["AUS"],"donor_expend":[0.0],"donor_id":["55"],"donor_name":["GOVERNMENT OF AUSTRALIA"],"donor_short":["AUL"],"donor_type":["NON_PROGRAMME COUNTRY"],"donor_type_id":["NON_PROGCTY"],"expenditure":[0.0,12279.38],"fiscal_year":["2013","2010"],"focus_area":"-","focus_area_descr":"-","gender_descr":"-","gender_id":"-","output_descr":"Rapid Advisory Services (RAS)","output_id":"14505","output_title":"Rapid Advisory Services (RAS)"}],"project_descr":"Rapid Advisory Services","project_id":"14505","project_title":"Rapid Advisory Services (RAS)","region_id":"RBAP","region_name":"Reg Bureau for Asia & Pacific","start":"2001-05-02","subnational":[]}