{"document_name":[],"end":"2013-12-31","fiscal_year":["2012","2013"],"inst_descr":"","inst_id":" ","inst_type_descr":"","inst_type_id":"","operating_unit":"Congo","operating_unit_id":"COG","outputs":[{"award_id":"14518","budget":[0.0,23094.0],"crs":"99810","crs_descr":"Sectors Not Specified","donor_budget":[1209.0,3846.0,18039.0],"donor_country":["MULTI-LATERAL AGENCY","MULTI-LATERAL AGENCY","MULTI-LATERAL AGENCY"],"donor_country_id":["MULTI_AGY","MULTI_AGY","MULTI_AGY"],"donor_expend":[0.0,3846.64,17976.0],"donor_id":["15","31","38"],"donor_name":["WORLD BANK (INT'L. BANK FOR RECONSTRUCTI","UNITED NATIONS POPULATION FUND","UNOCHA (Formerly UNDRO)"],"donor_short":["IBRD","UNFPA","UNOCHA"],"donor_type":["MULTI-LATERAL AGENCY","MULTI-LATERAL AGENCY","MULTI-LATERAL AGENCY"],"donor_type_id":["MULTI_AGY","MULTI_AGY","MULTI_AGY"],"expenditure":[0.0,21822.64],"fiscal_year":["2013","2012"],"focus_area":"-","focus_area_descr":"-","gender_descr":"Some Contribution","gender_id":"GEN1","output_descr":"ACTION COMMUNAUTAIRE POUR LE RETABLISSEMENT POST-CONFLIT","output_id":"14518","output_title":"ACTION COMMUNAUTAIRE"}],"project_descr":"ACTION COMMUNAUTAIRE POUR LE RETABLISSEMENT POST-CONFLIT","project_id":"14518","project_title":"ACTION COMMUNAUTAIRE","region_id":"RBA","region_name":"Reg Bureau for Africa","start":"2000-02-14","subnational":[]}