{"document_name":[],"end":"2011-12-31","fiscal_year":["2011"],"inst_descr":"","inst_id":" ","inst_type_descr":"","inst_type_id":"","operating_unit":"Congo","operating_unit_id":"COG","outputs":[{"award_id":"14522","budget":[4828.85],"crs":"99810","crs_descr":"Sectors Not Specified","donor_budget":[0.0,4828.85],"donor_country":["MULTI-LATERAL AGENCY","Italy"],"donor_country_id":["MULTI_AGY","ITA"],"donor_expend":[-0.24,4824.37],"donor_id":["12","137"],"donor_name":["UNITED NATIONS DEVELOPMENT PROGRAMME","GOVERNMENT OF ITALY"],"donor_short":["UNDP","ITA"],"donor_type":["MULTI-LATERAL AGENCY","NON_PROGRAMME COUNTRY"],"donor_type_id":["MULTI_AGY","NON_PROGCTY"],"expenditure":[4824.13],"fiscal_year":["2011"],"focus_area":"-","focus_area_descr":"-","gender_descr":"Significant Objective","gender_id":"GEN2","output_descr":"APPUI AUX INSTITUTIONS PARLEMENTAIRES EN REPUBLIQUE DU CONGO","output_id":"14522","output_title":"APPUI AUX INSTITUTIONS PARLEME"}],"project_descr":"APPUI AUX INSTITUTIONS PARLEMENTAIRES EN REPUBLIQUE DU CONGO","project_id":"14522","project_title":"APPUI AUX INSTITUTIONS PARLEMENTAIRES","region_id":"RBA","region_name":"Reg Bureau for Africa","start":"2004-03-01","subnational":[{"lat":"-1","lon":"15","precision":"9","scope":"4","type":"1"}]}