{"document_name":[],"end":"2012-12-31","fiscal_year":["2011","2010","2012","2013"],"inst_descr":"UNITED NATIONS OFFICE FOR PROJ","inst_id":"515","inst_type_descr":"UN Agency","inst_type_id":"ACY","operating_unit":"Reg Bur for Arab States","operating_unit_id":"H05","outputs":[{"award_id":"14538","budget":[2.2,3292.0,25691.0,0],"crs":"99810","crs_descr":"Sectors Not Specified","donor_budget":[10000.0,15646.0,3339.2],"donor_country":["MULTI-LATERAL AGENCY","Tunisia","MULTI-LATERAL AGENCY"],"donor_country_id":["MULTI_AGY","TUN","MULTI_AGY"],"donor_expend":[8349.92,15436.13,250.12000000000006],"donor_id":["12","243","264"],"donor_name":["UNITED NATIONS DEVELOPMENT PROGRAMME","GOVERNMENT OF TUNISIA","ARAB GULF PROGRAMME FOR UN DEV. ORG."],"donor_short":["UNDP","TUN","AGFUND"],"donor_type":["MULTI-LATERAL AGENCY","PROGRAMME COUNTRY","MULTI-LATERAL AGENCY"],"donor_type_id":["MULTI_AGY","PROGCTY","MULTI_AGY"],"expenditure":[0.0,3285.76,20750.41,59050.98],"fiscal_year":["2013","2012","2011","2010"],"focus_area":"2","focus_area_descr":"Democratic governance","gender_descr":"Principal Objective","gender_id":"GEN3","output_descr":"Support to the Centre for Arab Women's Training and Research - Phase III","output_id":"14538","output_title":"CAWTAR  III"}],"project_descr":"Support to the Centre for Arab Women's Training and Research - Phase III","project_id":"14538","project_title":"CAWTAR  III","region_id":"RBAS","region_name":"Reg Bur for Arab States","start":"2002-01-01","subnational":[]}