{"document_name":[],"end":"2012-06-3","fiscal_year":["2011","2012"],"inst_descr":"","inst_id":" ","inst_type_descr":"","inst_type_id":"","operating_unit":"Reg Bur for Arab States","operating_unit_id":"H05","outputs":[{"award_id":"14537","budget":[1.0,3915.0],"crs":"99810","crs_descr":"Sectors Not Specified","donor_budget":[524.0,3392.0],"donor_country":["MULTI-LATERAL AGENCY","MULTI-LATERAL AGENCY"],"donor_country_id":["MULTI_AGY","MULTI_AGY"],"donor_expend":[523.74,3162.74],"donor_id":["12","559"],"donor_name":["UNITED NATIONS DEVELOPMENT PROGRAMME","OFFICE OF THE HIGH COMMISSIONER FOR HR"],"donor_short":["UNDP","OHCHR"],"donor_type":["MULTI-LATERAL AGENCY","MULTI-LATERAL AGENCY"],"donor_type_id":["MULTI_AGY","MULTI_AGY"],"expenditure":[-26.19,3712.67],"fiscal_year":["2012","2011"],"focus_area":"-","focus_area_descr":"-","gender_descr":"-","gender_id":"-","output_descr":"HUMAN DEVELOPMENT AND HUMAN RIGHTS IN THE REGION OF ARAB STATES","output_id":"14537","output_title":"HUMAN DEVELOPMENT AND HUMAN RI"}],"project_descr":"HUMAN DEVELOPMENT AND HUMAN RIGHTS IN THE REGION OF ARAB STATES","project_id":"14537","project_title":"HUMAN DEVELOPMENT AND HUMAN RIGHTS","region_id":"RBAS","region_name":"Reg Bur for Arab States","start":"2002-09-01","subnational":[]}