{"document_name":[],"end":"2012-12-31","fiscal_year":["2011","2012"],"inst_descr":"","inst_id":" ","inst_type_descr":"","inst_type_id":"","operating_unit":"Congo","operating_unit_id":"COG","outputs":[{"award_id":"14535","budget":[1182.0,1291.79],"crs":"99810","crs_descr":"Sectors Not Specified","donor_budget":[2365.4,93.8,14.59],"donor_country":["MULTI-LATERAL AGENCY","MULTI-LATERAL AGENCY","Congo"],"donor_country_id":["MULTI_AGY","MULTI_AGY","COG"],"donor_expend":[1190.42,0.0,0.0],"donor_id":["12","15","200"],"donor_name":["UNITED NATIONS DEVELOPMENT PROGRAMME","WORLD BANK (INT'L. BANK FOR RECONSTRUCTI","GOVERNMENT OF CONGO"],"donor_short":["UNDP","IBRD","PRC"],"donor_type":["MULTI-LATERAL AGENCY","MULTI-LATERAL AGENCY","PROGRAMME COUNTRY"],"donor_type_id":["MULTI_AGY","MULTI_AGY","PROGCTY"],"expenditure":[1190.42,0.0],"fiscal_year":["2012","2011"],"focus_area":"-","focus_area_descr":"-","gender_descr":"Some Contribution","gender_id":"GEN1","output_descr":"Projet d'Appui aux Organisations Communautaires/Composante B du Projet d'Urgence d'Appui aux Communaut\u00e9s (P.U.R.A.C)","output_id":"14535","output_title":"PURAC"}],"project_descr":"Projet d'Appui aux Organisations Communautaires/Composante B du Projet d'Urgence d'Appui aux Communaut\u00e9s (P.U.R.A.C)","project_id":"14535","project_title":"PURAC","region_id":"RBA","region_name":"Reg Bureau for Africa","start":"2003-10-01","subnational":[{"lat":"-1","lon":"15","precision":"9","scope":"4","type":"1"}]}