{"document_name":[],"end":"2012-12-31","fiscal_year":["2011","2012"],"inst_descr":"","inst_id":" ","inst_type_descr":"","inst_type_id":"","operating_unit":"Congo","operating_unit_id":"COG","outputs":[{"award_id":"14530","budget":[1016.0,1034.69],"crs":"99810","crs_descr":"Sectors Not Specified","donor_budget":[2050.34,0.35],"donor_country":["MULTI-LATERAL AGENCY","Congo"],"donor_country_id":["MULTI_AGY","COG"],"donor_expend":[1016.0,0.0],"donor_id":["15","200"],"donor_name":["WORLD BANK (INT'L. BANK FOR RECONSTRUCTI","GOVERNMENT OF CONGO"],"donor_short":["IBRD","PRC"],"donor_type":["MULTI-LATERAL AGENCY","PROGRAMME COUNTRY"],"donor_type_id":["MULTI_AGY","PROGCTY"],"expenditure":[1016.0,0.0],"fiscal_year":["2012","2011"],"focus_area":"-","focus_area_descr":"-","gender_descr":"Significant Objective","gender_id":"GEN2","output_descr":"PREPARATION DU DOCUMENT DE STRATEGIE DE REDUCTION DE LA PAUVRETE ET RENFORCEMENT DES CAPACITES DE PRODUCTION DE STAT SOC","output_id":"14530","output_title":"LUTTE CONTRE PAUVRETE"}],"project_descr":"PREPARATION DU DOCUMENT DE STRATEGIE DE REDUCTION DE LA PAUVRETE ET RENFORCEMENT DES CAPACITES DE PRODUCTION DE STAT SOC","project_id":"14530","project_title":"LUTTE CONTRE PAUVRETE","region_id":"RBA","region_name":"Reg Bureau for Africa","start":"2001-01-01","subnational":[{"lat":"-1","lon":"15","precision":"9","scope":"4","type":"1"}]}