{"document_name":[],"end":"2012-12-31","fiscal_year":["2011","2010","2012"],"inst_descr":"UNITED NATIONS OFFICE FOR PROJ","inst_id":"515","inst_type_descr":"UN Agency","inst_type_id":"ACY","operating_unit":"Reg Bur for Arab States","operating_unit_id":"H05","outputs":[{"award_id":"14539","budget":[1.0,36307.0,0],"crs":"99810","crs_descr":"Sectors Not Specified","donor_budget":[36307.0,1.0],"donor_country":["MULTI-LATERAL AGENCY","MULTI-LATERAL AGENCY"],"donor_country_id":["MULTI_AGY","MULTI_AGY"],"donor_expend":[35248.62,-3993.79],"donor_id":["12","280"],"donor_name":["UNITED NATIONS DEVELOPMENT PROGRAMME","EUROPEAN UNION"],"donor_short":["UNDP","EU"],"donor_type":["MULTI-LATERAL AGENCY","MULTI-LATERAL AGENCY"],"donor_type_id":["MULTI_AGY","MULTI_AGY"],"expenditure":[0.0,31254.83,29319.79],"fiscal_year":["2012","2011","2010"],"focus_area":"-","focus_area_descr":"-","gender_descr":"-","gender_id":"-","output_descr":"Information Communications Technology for Development in Arab States","output_id":"14539","output_title":"ICTD in Arab States"}],"project_descr":"Information Communications Technology for Development in Arab States","project_id":"14539","project_title":"ICTD in Arab States","region_id":"RBAS","region_name":"Reg Bur for Arab States","start":"2002-05-01","subnational":[]}