{"document_name":[],"end":"2011-12-31","fiscal_year":["2011"],"inst_descr":"UNITED NATIONS OFFICE FOR PROJ","inst_id":"515","inst_type_descr":"UN Agency","inst_type_id":"ACY","operating_unit":"Reg Bur for Arab States","operating_unit_id":"H05","outputs":[{"award_id":"14540","budget":[235.0],"crs":"99810","crs_descr":"Sectors Not Specified","donor_budget":[235.0],"donor_country":["MULTI-LATERAL AGENCY"],"donor_country_id":["MULTI_AGY"],"donor_expend":[234.16],"donor_id":["12"],"donor_name":["UNITED NATIONS DEVELOPMENT PROGRAMME"],"donor_short":["UNDP"],"donor_type":["MULTI-LATERAL AGENCY"],"donor_type_id":["MULTI_AGY"],"expenditure":[234.16],"fiscal_year":["2011"],"focus_area":"-","focus_area_descr":"-","gender_descr":"-","gender_id":"-","output_descr":"Strengthening Advisory Capacities for Promoting Arab Economic Growth under Globalization","output_id":"14540","output_title":"Arab Economic Growth under Glo"}],"project_descr":"KAGUAR (Former Strengthening Advisory Capacities for Promoting Arab Economic Growth under Globalization)","project_id":"14540","project_title":"KAGUAR (Former Arab Economic Growth under Globalization)","region_id":"RBAS","region_name":"Reg Bur for Arab States","start":"2002-08-01","subnational":[]}