{"document_name":[],"end":"2011-12-31","fiscal_year":["2011","2010"],"inst_descr":"","inst_id":" ","inst_type_descr":"","inst_type_id":"","operating_unit":"Reg Bureau for Africa","operating_unit_id":"H01","outputs":[{"award_id":"14546","budget":[1130.0,0],"crs":"99810","crs_descr":"Sectors Not Specified","donor_budget":[1130.0],"donor_country":["MULTI-LATERAL AGENCY"],"donor_country_id":["MULTI_AGY"],"donor_expend":[1129.21],"donor_id":["12"],"donor_name":["UNITED NATIONS DEVELOPMENT PROGRAMME"],"donor_short":["UNDP"],"donor_type":["MULTI-LATERAL AGENCY"],"donor_type_id":["MULTI_AGY"],"expenditure":[1129.21,1129.21],"fiscal_year":["2011","2010"],"focus_area":"-","focus_area_descr":"-","gender_descr":"No Contribution","gender_id":"GEN0","output_descr":"Building Capacity for Reducing HIV Spread and Consequences on Development","output_id":"14546","output_title":"RAF/99/022 - Reg HIV/AIDS"}],"project_descr":"Building Capacity for Reducing HIV Spread and Consequences on Development","project_id":"14546","project_title":"HIV/AIDS and Development","region_id":"RBA","region_name":"Reg Bureau for Africa","start":"2000-03-01","subnational":[]}