{"document_name":[],"end":"2011-06-3","fiscal_year":["2011","2012"],"inst_descr":"","inst_id":" ","inst_type_descr":"","inst_type_id":"","operating_unit":"Reg Bureau for Africa","operating_unit_id":"H01","outputs":[{"award_id":"14558","budget":[1.0,2979.0],"crs":"25010","crs_descr":"Business support services and institutions","donor_budget":[979.0,2001.0],"donor_country":["MULTI-LATERAL AGENCY","Japan"],"donor_country_id":["MULTI_AGY","JPN"],"donor_expend":[978.88,-572.869999999999],"donor_id":["14","141"],"donor_name":["UNIVERSAL POSTAL UNION","GOVERNMENT OF JAPAN"],"donor_short":["UPU","JPN"],"donor_type":["MULTI-LATERAL AGENCY","NON_PROGRAMME COUNTRY"],"donor_type_id":["MULTI_AGY","NON_PROGCTY"],"expenditure":[-12020.4,12426.41],"fiscal_year":["2012","2011"],"focus_area":"1","focus_area_descr":"Poverty reduction & MDG achievement","gender_descr":"Some Contribution","gender_id":"GEN1","output_descr":"Assistance to the Asia/Africa Chamber of Commerce","output_id":"14558","output_title":"RAF/03/004 - Asia/Afr Chamber"}],"project_descr":"Assistance to the Asia/Africa Chamber of Commerce","project_id":"14558","project_title":"Asia/Africa Chamber of Commerce","region_id":"RBA","region_name":"Reg Bureau for Africa","start":"2003-04-01","subnational":[]}