{"document_name":[],"end":"2012-12-31","fiscal_year":["2011","2010","2012","2013"],"inst_descr":"","inst_id":" ","inst_type_descr":"","inst_type_id":"","operating_unit":"Reg Bureau for Africa","operating_unit_id":"H01","outputs":[{"award_id":"14560","budget":[1006468.0,1252000.58,1077476.0,0],"crs":"41010","crs_descr":"Environmental policy and administrative management","donor_budget":[3335944.58],"donor_country":["OTHERS"],"donor_country_id":["OTH"],"donor_expend":[1632602.4600000002],"donor_id":["10012"],"donor_name":["BILL AND MELINDA GATES FOUNDATION"],"donor_short":["GATESFOUND"],"donor_type":["PRIVATE SECTOR"],"donor_type_id":["PRIV"],"expenditure":[149626.3,1210742.35,272233.81,1683245.7],"fiscal_year":["2013","2012","2011","2010"],"focus_area":"4","focus_area_descr":"Environment & sustainable development","gender_descr":"Some Contribution","gender_id":"GEN1","output_descr":"Expansion of Successful Poverty Reduction and Women Empowerment Model in West Africa. To enable small holders women farmers to increase and diversify their income by developing 600 multifunctional platform based agro-enterprises in Burkina Fas, Mali & Se","output_id":"63029","output_title":"RAF03013-Energy-Gates Foundat."},{"award_id":"14560","budget":[52285.0,0],"crs":"41010","crs_descr":"Environmental policy and administrative management","donor_budget":[52285.0],"donor_country":["France"],"donor_country_id":["FRA"],"donor_expend":[52284.71],"donor_id":["112"],"donor_name":["GOVERNMENT OF France"],"donor_short":["FRA"],"donor_type":["NON_PROGRAMME COUNTRY"],"donor_type_id":["NON_PROGCTY"],"expenditure":[52284.71,8108.65],"fiscal_year":["2011","2010"],"focus_area":"4","focus_area_descr":"Environment & sustainable development","gender_descr":"Some Contribution","gender_id":"GEN1","output_descr":"French Contribution to the Multifunctional Platform Project. Cost sharing agreement signed 12 July 2005 for 300,000 Euros.","output_id":"46850","output_title":"RAF/03/013 - MFP France"},{"award_id":"14560","budget":[141957.0,0],"crs":"41010","crs_descr":"Environmental policy and administrative management","donor_budget":[1.0,141956.0,0.0],"donor_country":["MULTI-LATERAL AGENCY","Austria","MULTI-LATERAL AGENCY"],"donor_country_id":["MULTI_AGY","AUT","MULTI_AGY"],"donor_expend":[-5000.0,97081.05,-85181.51],"donor_id":["12","56","296"],"donor_name":["UNITED NATIONS DEVELOPMENT PROGRAMME","GOVERNMENT OF AUSTRIA","UNITED NATIONS"],"donor_short":["UNDP","AUS","UN"],"donor_type":["MULTI-LATERAL AGENCY","NON_PROGRAMME COUNTRY","MULTI-LATERAL AGENCY"],"donor_type_id":["MULTI_AGY","NON_PROGCTY","MULTI_AGY"],"expenditure":[6899.54,56250.36],"fiscal_year":["2011","2010"],"focus_area":"4","focus_area_descr":"Environment & sustainable development","gender_descr":"Some Contribution","gender_id":"GEN1","output_descr":"l'Energie pour la lutte contre la pauvret\u00e9 en Afrique Subsaharienne : dynamiser le d\u00e9veloppement rural","output_id":"14560","output_title":"RAF03013-Energy Poverty Reduct"}],"project_descr":"l'Energie pour la lutte contre la pauvret\u00e9 en Afrique Subsaharienne : dynamiser le d\u00e9veloppement rural \u00e0 travers la plate forme multifunctionelle","project_id":"14560","project_title":"RAF/03/013- Multifunctional Platform- Energy Poverty Red","region_id":"RBA","region_name":"Reg Bureau for Africa","start":"2003-10-01","subnational":[]}