{"document_name":[],"end":"2012-12-31","fiscal_year":["2011","2010"],"inst_descr":"","inst_id":" ","inst_type_descr":"","inst_type_id":"","operating_unit":"Reg Bur Latin Amer & Carib","operating_unit_id":"H03","outputs":[{"award_id":"14565","budget":[33000.0,0],"crs":"15110","crs_descr":"Economic and development policy/planning","donor_budget":[33000.0],"donor_country":["Sweden"],"donor_country_id":["SWE"],"donor_expend":[33000.0],"donor_id":["555"],"donor_name":["SWEDISH INT'L DEVELOPMENT COOPERATION"],"donor_short":["SIDA"],"donor_type":["NON_PROGRAMME COUNTRY"],"donor_type_id":["NON_PROGCTY"],"expenditure":[33000.0,33000.0],"fiscal_year":["2011","2010"],"focus_area":"1","focus_area_descr":"Poverty reduction & MDG achievement","gender_descr":"-","gender_id":"-","output_descr":"\"POBREZA, EQUIDAD Y POLITICA MACROECONOMICA\"","output_id":"14565","output_title":"\"POBREZA, EQUIDAD Y POLITICA M"}],"project_descr":"POBREZA, EQUIDAD Y POLITICA MACROECONOMICA","project_id":"14565","project_title":"POBREZA, EQUIDAD Y POLITICA MACROECONOMICA","region_id":"RBLAC","region_name":"Reg Bur Latin Amer & Carib","start":"1998-01-01","subnational":[]}