{"document_name":[],"end":"2004-03-15","fiscal_year":["2012"],"inst_descr":"","inst_id":" ","inst_type_descr":"","inst_type_id":"","operating_unit":"Reg Bur Latin Amer & Carib","operating_unit_id":"H03","outputs":[{"award_id":"14577","budget":[1.0],"crs":"99810","crs_descr":"Sectors Not Specified","donor_budget":[1.0],"donor_country":["MULTI-LATERAL AGENCY"],"donor_country_id":["MULTI_AGY"],"donor_expend":[-1107.64],"donor_id":["302"],"donor_name":["UNFIP TURNER FOUNDATION"],"donor_short":["UNFIP"],"donor_type":["MULTI-LATERAL AGENCY"],"donor_type_id":["MULTI_AGY"],"expenditure":[-1107.64],"fiscal_year":["2012"],"focus_area":"-","focus_area_descr":"-","gender_descr":"No Contribution","gender_id":"GEN0","output_descr":"Protecting Migrant Populations in Central America from HIV/AIDS -  UNFIP/UNF: COT-RLA/01-212","output_id":"14577","output_title":"Migrant Populations in CA"}],"project_descr":"Protecting Migrant Populations in Central America from HIV/AIDS -  UNFIP/UNF: COT-RLA/01-212","project_id":"14577","project_title":"Migrant Populations in CA","region_id":"RBLAC","region_name":"Reg Bur Latin Amer & Carib","start":"2002-09-15","subnational":[]}