{"document_name":[],"end":"2012-12-31","fiscal_year":["2011","2010","2012","2013"],"inst_descr":"GOVERNMENT","inst_id":"2631","inst_type_descr":"Gov Counterpart Institution","inst_type_id":"GOV","operating_unit":"Romania","operating_unit_id":"ROU","outputs":[{"award_id":"14599","budget":[0.0,50865.58,126117.05,0],"crs":"41010","crs_descr":"Environmental policy and administrative management","donor_budget":[0.0,115157.31,60566.86,0.0,0.0,1258.46],"donor_country":["MULTI-LATERAL AGENCY","Romania","OTHERS","Greece","Romania","OTHERS"],"donor_country_id":["MULTI_AGY","ROM","OTH","GRC","ROM","OTH"],"donor_expend":[-749.62,42772.39,12753.85,840.08,4681.83,0.0],"donor_id":["12","587","1256","10998","11093","11096"],"donor_name":["UNITED NATIONS DEVELOPMENT PROGRAMME","ROM-ALBA IULIA MUNICIPALITY","ROM-OTHER LOCAL AUTHORITIES","AMBASADA GRECIA","MINISTERUL MDLP","MUZEUL ETNOGRAFIE BV"],"donor_short":["UNDP","AIM","LOCA","AMB GRECIA","MIN MDLP","MZM ETNOBV"],"donor_type":["MULTI-LATERAL AGENCY","PROGRAMME COUNTRY","PRIVATE SECTOR","NON_PROGRAMME COUNTRY","PROGRAMME COUNTRY","PRIVATE SECTOR"],"donor_type_id":["MULTI_AGY","PROGCTY","PRIV","NON_PROGCTY","PROGCTY","PRIV"],"expenditure":[10.8,37756.82,22530.91,17213.3],"fiscal_year":["2013","2012","2011","2010"],"focus_area":"4","focus_area_descr":"Environment & sustainable development","gender_descr":"No Contribution","gender_id":"GEN0","output_descr":"Employment created for youth and PIYA through public works, vocational training and job counseling.","output_id":"14599","output_title":"Beautiful Romania"}],"project_descr":"Generate an economic sustainable development through a process of urban revitalization of neglected or degraded historical city centres while initiating employment, social inclusion and job creation for vulnerable groups or youth unemployed","project_id":"14599","project_title":"Beautiful Romania","region_id":"RBEC","region_name":"Reg Bur for Europe & CIS","start":"2001-06-01","subnational":[{"lat":"46.06667","lon":"23.58333","precision":"3","scope":"3","type":"2"},{"lat":"46.06667","lon":"23.58333","precision":"3","scope":"3","type":"2"},{"lat":"46.06667","lon":"23.58333","precision":"3","scope":"3","type":"2"},{"lat":"46.06667","lon":"23.58333","precision":"3","scope":"3","type":"2"},{"lat":"46.06667","lon":"23.58333","precision":"3","scope":"3","type":"2"},{"lat":"46.06667","lon":"23.58333","precision":"3","scope":"3","type":"2"},{"lat":"46.06667","lon":"23.58333","precision":"3","scope":"3","type":"2"},{"lat":"46.06667","lon":"23.58333","precision":"3","scope":"3","type":"2"},{"lat":"46.06667","lon":"23.58333","precision":"3","scope":"3","type":"2"},{"lat":"46.06667","lon":"23.58333","precision":"3","scope":"3","type":"2"},{"lat":"46.06667","lon":"23.58333","precision":"3","scope":"3","type":"2"},{"lat":"46.06667","lon":"23.58333","precision":"3","scope":"1","type":"2"}]}