{"document_name":[],"end":"2013-12-31","fiscal_year":["2013"],"inst_descr":"","inst_id":" ","inst_type_descr":"","inst_type_id":"","operating_unit":"Romania","operating_unit_id":"ROU","outputs":[{"award_id":"14597","budget":[1.0],"crs":"99810","crs_descr":"Sectors Not Specified","donor_budget":[1.0],"donor_country":["MULTI-LATERAL AGENCY"],"donor_country_id":["MULTI_AGY"],"donor_expend":[-56.05],"donor_id":["10003"],"donor_name":["GEFTrustee"],"donor_short":["GEFTrustee"],"donor_type":["MULTI-LATERAL AGENCY"],"donor_type_id":["MULTI_AGY"],"expenditure":[-56.05],"fiscal_year":["2013"],"focus_area":"-","focus_area_descr":"-","gender_descr":"No Contribution","gender_id":"GEN0","output_descr":"Capacity Building for GHG Emission Reduction through Energy Efficiency Improvement in Romania","output_id":"14597","output_title":"Energy Efficiency"}],"project_descr":"Capacity Building for GHG Emission Reduction through Energy Efficiency Improvement in Romania","project_id":"14597","project_title":"PIMS 98 CC Energy Efficiency","region_id":"RBEC","region_name":"Reg Bur for Europe & CIS","start":"2000-09-27","subnational":[]}