{"document_name":[],"end":"2012-12-31","fiscal_year":["2012"],"inst_descr":"","inst_id":" ","inst_type_descr":"","inst_type_id":"","operating_unit":"Russian Federation","operating_unit_id":"RUS","outputs":[{"award_id":"14612","budget":[107.56],"crs":"15140","crs_descr":"Government administration","donor_budget":[107.56],"donor_country":["OTHERS"],"donor_country_id":["OTH"],"donor_expend":[0.0],"donor_id":["1644"],"donor_name":["RUS-REZO-GARANTIA"],"donor_short":["REZO-G"],"donor_type":["PRIVATE SECTOR"],"donor_type_id":["PRIV"],"expenditure":[2.35],"fiscal_year":["2012"],"focus_area":"2","focus_area_descr":"Democratic governance","gender_descr":"No Contribution","gender_id":"GEN0","output_descr":"Development of a Programme for the Improvement of Social Conditions for the Imprisoned","output_id":"14612","output_title":"Support to Penitentiary System"}],"project_descr":"Development of a Programme for the Improvement of Social Conditions for the Imprisoned.","project_id":"14612","project_title":"Support to Penitentiary System","region_id":"RBEC","region_name":"Reg Bur for Europe & CIS","start":"2001-08-15","subnational":[]}