{"document_name":[],"end":"2014-12-31","fiscal_year":["2011","2010","2012","2013"],"inst_descr":"","inst_id":" ","inst_type_descr":"","inst_type_id":"","operating_unit":"Russian Federation","operating_unit_id":"RUS","outputs":[{"award_id":"14611","budget":[560911.87,403493.76,312847.82,0],"crs":"15140","crs_descr":"Government administration","donor_budget":[206.14,3.64,39245.41,301528.74,1573.9,807805.25,522.56,126178.55,189.26],"donor_country":["MULTI-LATERAL AGENCY","MULTI-LATERAL AGENCY","MULTI-LATERAL AGENCY","Russian Federation","OTHERS","Russian Federation","MULTI-LATERAL AGENCY","OTHERS","OTHERS"],"donor_country_id":["MULTI_AGY","MULTI_AGY","MULTI_AGY","RUS","OTH","RUS","MULTI_AGY","OTH","OTH"],"donor_expend":[206.14,3.64,18295.13,0.0,1573.9,377104.08999999997,522.59,54252.72,189.26],"donor_id":["5","6","31","206","1491","1655","1865","10836","11092"],"donor_name":["UNESCO","WORLD HEALTH ORGANIZATION","UNITED NATIONS POPULATION FUND","GOVERNMENT OF RUSSIAN FEDERATION","RUS-NATIONAL NGO","RUS-RUSSIAN GOVERNMENT","United Nations Information Centre","MSU","CSPR AS RB"],"donor_short":["UNESCO","WHO","UNFPA","RUS","NGO","RUSSIA","UNIC","MSU","CSPR AS RB"],"donor_type":["MULTI-LATERAL AGENCY","MULTI-LATERAL AGENCY","MULTI-LATERAL AGENCY","PROGRAMME COUNTRY","PRIVATE SECTOR","PROGRAMME COUNTRY","MULTI-LATERAL AGENCY","PRIVATE SECTOR","PRIVATE SECTOR"],"donor_type_id":["MULTI_AGY","MULTI_AGY","MULTI_AGY","PROGCTY","PRIV","PROGCTY","MULTI_AGY","PRIV","PRIV"],"expenditure":[88921.39,198739.49,164486.59,337087.93],"fiscal_year":["2013","2012","2011","2010"],"focus_area":"2","focus_area_descr":"Democratic governance","gender_descr":"Some Contribution","gender_id":"GEN1","output_descr":"NHDR","output_id":"14611","output_title":"NHDR"}],"project_descr":"National Human Development Report","project_id":"14611","project_title":"NHDR","region_id":"RBEC","region_name":"Reg Bur for Europe & CIS","start":"2001-07-01","subnational":[]}