{"document_name":[],"end":"2012-12-31","fiscal_year":["2012"],"inst_descr":"","inst_id":" ","inst_type_descr":"","inst_type_id":"","operating_unit":"Russian Federation","operating_unit_id":"RUS","outputs":[{"award_id":"14627","budget":[2269.21],"crs":"15140","crs_descr":"Government administration","donor_budget":[0.11,2104.8,0.64,163.66],"donor_country":["MULTI-LATERAL AGENCY","OTHERS","Russian Federation","OTHERS"],"donor_country_id":["MULTI_AGY","OTH","RUS","OTH"],"donor_expend":[0.0,0.0,0.0,0.0],"donor_id":["24","29","206","311"],"donor_name":["INTERNATIONAL FINANCE CORPORATION","INTERNATIONAL NON-GOVERNMENTAL ORGANIZAT","GOVERNMENT OF RUSSIAN FEDERATION","PRIVATE SECTOR"],"donor_short":["IFC","NGO(INTL)","RUS","PRIVSECT"],"donor_type":["MULTI-LATERAL AGENCY","PRIVATE SECTOR","PROGRAMME COUNTRY","PRIVATE SECTOR"],"donor_type_id":["MULTI_AGY","PRIV","PROGCTY","PRIV"],"expenditure":[0.0],"fiscal_year":["2012"],"focus_area":"2","focus_area_descr":"Democratic governance","gender_descr":"No Contribution","gender_id":"GEN0","output_descr":"Russian Farm Entrepreneur Development Programme","output_id":"14627","output_title":"RFEDP"}],"project_descr":"Russian Farm Entrepreneur Development Programme","project_id":"14627","project_title":"RFEDP","region_id":"RBEC","region_name":"Reg Bur for Europe & CIS","start":"2003-03-15","subnational":[]}