{"document_name":[],"end":"2012-12-31","fiscal_year":["2012"],"inst_descr":"","inst_id":" ","inst_type_descr":"","inst_type_id":"","operating_unit":"Russian Federation","operating_unit_id":"RUS","outputs":[{"award_id":"14620","budget":[2.48],"crs":"25010","crs_descr":"Business support services and institutions","donor_budget":[2.48],"donor_country":["MULTI-LATERAL AGENCY"],"donor_country_id":["MULTI_AGY"],"donor_expend":[0.0],"donor_id":["12"],"donor_name":["UNITED NATIONS DEVELOPMENT PROGRAMME"],"donor_short":["UNDP"],"donor_type":["MULTI-LATERAL AGENCY"],"donor_type_id":["MULTI_AGY"],"expenditure":[0.0],"fiscal_year":["2012"],"focus_area":"1","focus_area_descr":"Poverty reduction & MDG achievement","gender_descr":"No Contribution","gender_id":"GEN0","output_descr":"Support to Enhancement of Moscow City Enterprises Export Poterntial","output_id":"14620","output_title":"Moscow Enterprises Export Pote"}],"project_descr":"Support to Enhancement of Moscow City Enterprises Export Poterntial","project_id":"14620","project_title":"Moscow Enterprises Export Potential","region_id":"RBEC","region_name":"Reg Bur for Europe & CIS","start":"2002-11-15","subnational":[]}