{"document_name":[],"end":"2011-09-3","fiscal_year":["2011","2012"],"inst_descr":"","inst_id":" ","inst_type_descr":"","inst_type_id":"","operating_unit":"Russian Federation","operating_unit_id":"RUS","outputs":[{"award_id":"14635","budget":[0.0,846.2],"crs":"15140","crs_descr":"Government administration","donor_budget":[844.37,1.83,0.0],"donor_country":["United Kingdom","MULTI-LATERAL AGENCY","OTHERS"],"donor_country_id":["GBR","MULTI_AGY","OTH"],"donor_expend":[0.0,0.0,0.0],"donor_id":["248","302","30"],"donor_name":["GOVERNMENT OF UNITED KINGDOM","UNFIP TURNER FOUNDATION","NON-GOVERNMENTAL ORGANIZATION"],"donor_short":["UKM","UNFIP","NGO(NATL)"],"donor_type":["NON_PROGRAMME COUNTRY","MULTI-LATERAL AGENCY","PRIVATE SECTOR"],"donor_type_id":["NON_PROGCTY","MULTI_AGY","PRIV"],"expenditure":[0.0,0.0],"fiscal_year":["2012","2011"],"focus_area":"2","focus_area_descr":"Democratic governance","gender_descr":"Some Contribution","gender_id":"GEN1","output_descr":"Project activities directed to prevention of HIV among youth. Project is closed in 2005","output_id":"14635","output_title":"HIV Prevention -Youth"}],"project_descr":"HIV Prevention -Youth","project_id":"14635","project_title":"HIV Prevention -Youth","region_id":"RBEC","region_name":"Reg Bur for Europe & CIS","start":"2002-12-1","subnational":[]}