{"document_name":[],"end":"2012-12-31","fiscal_year":["2012"],"inst_descr":"","inst_id":" ","inst_type_descr":"","inst_type_id":"","operating_unit":"Russian Federation","operating_unit_id":"RUS","outputs":[{"award_id":"14638","budget":[4405.63,0],"crs":"15140","crs_descr":"Government administration","donor_budget":[33.52,650.22,3105.51,616.38],"donor_country":["Russian Federation","OTHERS","OTHERS","Russian Federation"],"donor_country_id":["RUS","OTH","OTH","RUS"],"donor_expend":[0.0,0.0,0.0,0.0],"donor_id":["206","311","1491","11148"],"donor_name":["GOVERNMENT OF RUSSIAN FEDERATION","PRIVATE SECTOR","RUS-NATIONAL NGO","Civil Organisation ' The Council Of Local Authorities in Russia'"],"donor_short":["RUS","PRIVSECT","NGO","LAuthorts"],"donor_type":["PROGRAMME COUNTRY","PRIVATE SECTOR","PRIVATE SECTOR","PROGRAMME COUNTRY"],"donor_type_id":["PROGCTY","PRIV","PRIV","PROGCTY"],"expenditure":[0.0,30966.8],"fiscal_year":["2012","2010"],"focus_area":"2","focus_area_descr":"Democratic governance","gender_descr":"Some Contribution","gender_id":"GEN1","output_descr":"Support to the local governance reform in the Russian Federation","output_id":"14638","output_title":"Support to local governance"}],"project_descr":"Support to the local governance reform in the Russian Federation","project_id":"14638","project_title":"Support to local governance","region_id":"RBEC","region_name":"Reg Bur for Europe & CIS","start":"2003-07-23","subnational":[]}