{"document_name":[],"end":"2011-12-31","fiscal_year":["2011"],"inst_descr":"","inst_id":" ","inst_type_descr":"","inst_type_id":"","operating_unit":"Russian Federation","operating_unit_id":"RUS","outputs":[{"award_id":"14643","budget":[67.59],"crs":"41010","crs_descr":"Environmental policy and administrative management","donor_budget":[66.59,1.0],"donor_country":["MULTI-LATERAL AGENCY","MULTI-LATERAL AGENCY"],"donor_country_id":["MULTI_AGY","MULTI_AGY"],"donor_expend":[66.59,-66.59],"donor_id":["12","302"],"donor_name":["UNITED NATIONS DEVELOPMENT PROGRAMME","UNFIP TURNER FOUNDATION"],"donor_short":["UNDP","UNFIP"],"donor_type":["MULTI-LATERAL AGENCY","MULTI-LATERAL AGENCY"],"donor_type_id":["MULTI_AGY","MULTI_AGY"],"expenditure":[0.0],"fiscal_year":["2011"],"focus_area":"4","focus_area_descr":"Environment & sustainable development","gender_descr":"No Contribution","gender_id":"GEN0","output_descr":"Promoting Ecotourism around Kamchatka World Heritage Sites","output_id":"14643","output_title":"Angling Ecotourism in Kamchatk"}],"project_descr":"Promoting Ecotourism around Kamchatka World Heritage Sites","project_id":"14643","project_title":"Angling Ecotourism in Kamchatka","region_id":"RBEC","region_name":"Reg Bur for Europe & CIS","start":"2003-10-31","subnational":[]}