{"document_name":[],"end":"2012-12-31","fiscal_year":["2012"],"inst_descr":"","inst_id":" ","inst_type_descr":"","inst_type_id":"","operating_unit":"Russian Federation","operating_unit_id":"RUS","outputs":[{"award_id":"14641","budget":[-101.73,0],"crs":"41010","crs_descr":"Environmental policy and administrative management","donor_budget":[-101.73],"donor_country":["MULTI-LATERAL AGENCY"],"donor_country_id":["MULTI_AGY"],"donor_expend":[-101.73],"donor_id":["10003"],"donor_name":["GEFTrustee"],"donor_short":["GEFTrustee"],"donor_type":["MULTI-LATERAL AGENCY"],"donor_type_id":["MULTI_AGY"],"expenditure":[-101.73,5365.75],"fiscal_year":["2012","2010"],"focus_area":"4","focus_area_descr":"Environment & sustainable development","gender_descr":"Some Contribution","gender_id":"GEN1","output_descr":"\"Conservation and Sustainable Use of Wild Salmon Biological Diversity in Russia's Kamchatka Peninsula, Phase 1\"","output_id":"14641","output_title":"Kamchatka Salmon Biodiversity"}],"project_descr":"Conservation and Sustainable Use of Wild Salmon Biological Diversity in Russia's Kamchatka Peninsula, Phase 1","project_id":"14641","project_title":"Kamchatka Salmon Biodiversity","region_id":"RBEC","region_name":"Reg Bur for Europe & CIS","start":"2003-09-01","subnational":[]}