{"document_name":[],"end":"2011-12-31","fiscal_year":["2011","2010"],"inst_descr":"","inst_id":" ","inst_type_descr":"","inst_type_id":"","operating_unit":"Russian Federation","operating_unit_id":"RUS","outputs":[{"award_id":"14640","budget":[23297.74,0],"crs":"41010","crs_descr":"Environmental policy and administrative management","donor_budget":[23297.74],"donor_country":["MULTI-LATERAL AGENCY"],"donor_country_id":["MULTI_AGY"],"donor_expend":[160289.26],"donor_id":["10003"],"donor_name":["Global Environment Fund Trustee"],"donor_short":["GEFTrustee"],"donor_type":["MULTI-LATERAL AGENCY"],"donor_type_id":["MULTI_AGY"],"expenditure":[160289.26,256055.19],"fiscal_year":["2011","2010"],"focus_area":"4","focus_area_descr":"Environment & sustainable development","gender_descr":"No Contribution","gender_id":"GEN0","output_descr":"Russia - Removing Barriers to Coal Mine Methane Recovery and Utilization","output_id":"14640","output_title":"PIMS 500 CC FSP CMM project"}],"project_descr":"Russia - Removing Barriers to Coal Mine Methane Recovery and Utilization","project_id":"14640","project_title":"Coal Mine Methane project","region_id":"RBEC","region_name":"Reg Bur for Europe & CIS","start":"2003-08-27","subnational":[]}