{"document_name":[],"end":"2006-12-31","fiscal_year":["2011","2010","2012","2013"],"inst_descr":"","inst_id":" ","inst_type_descr":"","inst_type_id":"","operating_unit":"South Africa","operating_unit_id":"ZAF","outputs":[{"award_id":"14668","budget":[0.0,1.0,1.0,0],"crs":"99810","crs_descr":"Sectors Not Specified","donor_budget":[2.0,0.0],"donor_country":["MULTI-LATERAL AGENCY","MULTI-LATERAL AGENCY"],"donor_country_id":["MULTI_AGY","MULTI_AGY"],"donor_expend":[-14824.54,8861.699999999999],"donor_id":["302","296"],"donor_name":["UNFIP TURNER FOUNDATION","UNITED NATIONS"],"donor_short":["UNFIP","UN"],"donor_type":["MULTI-LATERAL AGENCY","MULTI-LATERAL AGENCY"],"donor_type_id":["MULTI_AGY","MULTI_AGY"],"expenditure":[8449.56,-984.29,-13428.11,1612.05],"fiscal_year":["2013","2012","2011","2010"],"focus_area":"-","focus_area_descr":"-","gender_descr":"Some Contribution","gender_id":"GEN1","output_descr":"Training HIV Positive Youth to enhance their potential for employment.","output_id":"14668","output_title":"Involving Youth in HIV/AIDS"}],"project_descr":"Training HIV Positive Youth to enhance their potentail for employment","project_id":"14668","project_title":"Involving Youth in HIV/AIDS Programmes in SA","region_id":"RBA","region_name":"Reg Bureau for Africa","start":"2003-01-01","subnational":[{"lat":"-29","lon":"24","precision":"9","scope":"4","type":"1"},{"lat":"-29","lon":"24","precision":"9","scope":"4","type":"1"}]}