{"document_name":[],"end":"2005-12-31","fiscal_year":["2012","2013"],"inst_descr":"","inst_id":" ","inst_type_descr":"","inst_type_id":"","operating_unit":"South Africa","operating_unit_id":"ZAF","outputs":[{"award_id":"14669","budget":[0.0,0.0,0],"crs":"99810","crs_descr":"Sectors Not Specified","donor_budget":[0.0],"donor_country":["MULTI-LATERAL AGENCY"],"donor_country_id":["MULTI_AGY"],"donor_expend":[-7121.139999999999],"donor_id":["12"],"donor_name":["UNITED NATIONS DEVELOPMENT PROGRAMME"],"donor_short":["UNDP"],"donor_type":["MULTI-LATERAL AGENCY"],"donor_type_id":["MULTI_AGY"],"expenditure":[-37.82,-7083.32,-0.64],"fiscal_year":["2013","2012","2010"],"focus_area":"-","focus_area_descr":"-","gender_descr":"-","gender_id":"-","output_descr":"Building capacity in the Office of the Status of Women (OSW) in the Presidency.","output_id":"14669","output_title":"Capacity Building in OSW"}],"project_descr":"BUILDING THE CAPACITY OF THE OFFICE ON THE STAUS OF WOMEN  IN THE REPUBLIC OF SOUTH AFRICA","project_id":"14669","project_title":"CAPACITY BUILDING PROJECT TO THE OSW","region_id":"RBA","region_name":"Reg Bureau for Africa","start":"2004-01-01","subnational":[]}