{"document_name":[],"end":"2011-12-31","fiscal_year":["2011","2010","2012","2013"],"inst_descr":"","inst_id":" ","inst_type_descr":"","inst_type_id":"","operating_unit":"South Africa","operating_unit_id":"ZAF","outputs":[{"award_id":"14677","budget":[0.0,6210.0,0],"crs":"15110","crs_descr":"Economic and development policy/planning","donor_budget":[6210.0],"donor_country":["New Zealand"],"donor_country_id":["NZL"],"donor_expend":[-14361.75],"donor_id":["10279"],"donor_name":["NEW ZEALAND AGY FOR INT'L DEVELOPMENT"],"donor_short":["NZAID"],"donor_type":["NON_PROGRAMME COUNTRY"],"donor_type_id":["NON_PROGCTY"],"expenditure":[-10000.0,-4361.75,87238.51],"fiscal_year":["2012","2011","2010"],"focus_area":"1","focus_area_descr":"Poverty reduction & MDG achievement","gender_descr":"Some Contribution","gender_id":"GEN1","output_descr":"Civil Society and the MDG's","output_id":"39023","output_title":"Civil Society and the MDG's"},{"award_id":"14677","budget":[0.0,0.0,58300.0,0],"crs":"99810","crs_descr":"Sectors Not Specified","donor_budget":[31111.0,27189.0],"donor_country":["MULTI-LATERAL AGENCY","MULTI-LATERAL AGENCY"],"donor_country_id":["MULTI_AGY","MULTI_AGY"],"donor_expend":[33287.7,-41523.450000000004],"donor_id":["6","12"],"donor_name":["WORLD HEALTH ORGANIZATION","UNITED NATIONS DEVELOPMENT PROGRAMME"],"donor_short":["WHO","UNDP"],"donor_type":["MULTI-LATERAL AGENCY","MULTI-LATERAL AGENCY"],"donor_type_id":["MULTI_AGY","MULTI_AGY"],"expenditure":[-2771.65,-9278.12,3814.02,9850.61],"fiscal_year":["2013","2012","2011","2010"],"focus_area":"-","focus_area_descr":"-","gender_descr":"No Contribution","gender_id":"GEN0","output_descr":"Sustainable Human Development Facility for Programme Development and Management and increased Civil Society awareness of the MDGs.","output_id":"14677","output_title":"Development Facility Project"}],"project_descr":"Sustainable Human Development Facility for Programme Development and Management.","project_id":"14677","project_title":"DEVELOPMENT FACILITY","region_id":"RBA","region_name":"Reg Bureau for Africa","start":"2004-01-01","subnational":[{"lat":"-29","lon":"24","precision":"9","scope":"4","type":"1"},{"lat":"-29","lon":"24","precision":"9","scope":"4","type":"1"},{"lat":"-29","lon":"24","precision":"9","scope":"4","type":"1"},{"lat":"-29","lon":"24","precision":"9","scope":"4","type":"1"}]}