{"document_name":[],"end":"2012-12-31","fiscal_year":["2011","2010","2012"],"inst_descr":"","inst_id":" ","inst_type_descr":"","inst_type_id":"","operating_unit":"South Africa","operating_unit_id":"ZAF","outputs":[{"award_id":"14679","budget":[74451.0,74751.0,0],"crs":"99810","crs_descr":"Sectors Not Specified","donor_budget":[149202.0],"donor_country":["MULTI-LATERAL AGENCY"],"donor_country_id":["MULTI_AGY"],"donor_expend":[76305.52],"donor_id":["297"],"donor_name":["UNAIDS"],"donor_short":["UNAIDS"],"donor_type":["MULTI-LATERAL AGENCY"],"donor_type_id":["MULTI_AGY"],"expenditure":[0.0,76305.52,-886.96],"fiscal_year":["2012","2011","2010"],"focus_area":"-","focus_area_descr":"-","gender_descr":"Significant Objective","gender_id":"GEN2","output_descr":"NATIONAL DATABASE OD DONOR SUPPORT AND ACTIVITIES AROUND HIV/AIDS WORK IN SOUTH AFRICA","output_id":"14679","output_title":"NATIONAL DATABASE"}],"project_descr":"NATIONAL DATABASE OD DONOR SUPPORT AND ACTIVITIES AROUND HIV/AIDS WORK IN SOUTH AFRICA","project_id":"14679","project_title":"NATIONAL DATABASE","region_id":"RBA","region_name":"Reg Bureau for Africa","start":"2002-01-01","subnational":[{"lat":"-29","lon":"24","precision":"9","scope":"4","type":"1"},{"lat":"-29","lon":"24","precision":"9","scope":"4","type":"1"}]}