{"document_name":[],"end":"2010-12-31","fiscal_year":["2011","2010"],"inst_descr":"","inst_id":" ","inst_type_descr":"","inst_type_id":"","operating_unit":"South Africa","operating_unit_id":"ZAF","outputs":[{"award_id":"14678","budget":[0.0,0],"crs":"41010","crs_descr":"Environmental policy and administrative management","donor_budget":[0.0],"donor_country":["MULTI-LATERAL AGENCY"],"donor_country_id":["MULTI_AGY"],"donor_expend":[360620.0],"donor_id":["10003"],"donor_name":["Global Environment Fund Trustee"],"donor_short":["GEFTrustee"],"donor_type":["MULTI-LATERAL AGENCY"],"donor_type_id":["MULTI_AGY"],"expenditure":[360620.0,0.0],"fiscal_year":["2011","2010"],"focus_area":"4","focus_area_descr":"Environment & sustainable development","gender_descr":"Some Contribution","gender_id":"GEN1","output_descr":"Inventory, Evaluation and Monitoring of Botanical Diversity in Southern Africa: A Regional Capacity and Institution Building Network.","output_id":"14678","output_title":"PIMS 160 BD FP; SABONET"}],"project_descr":"Inventory, Evaluation and Monitoring of Botanical Diversity in Southern Africa","project_id":"14678","project_title":"SABONET","region_id":"RBA","region_name":"Reg Bureau for Africa","start":"1998-04-01","subnational":[{"lat":"-29","lon":"24","precision":"9","scope":"4","type":"1"},{"lat":"-29","lon":"24","precision":"9","scope":"4","type":"1"}]}