{"document_name":[],"end":"2011-07-31","fiscal_year":["2012"],"inst_descr":"","inst_id":" ","inst_type_descr":"","inst_type_id":"","operating_unit":"South Africa","operating_unit_id":"ZAF","outputs":[{"award_id":"14676","budget":[0.0,0],"crs":"15110","crs_descr":"Economic and development policy/planning","donor_budget":[0.0,0.0],"donor_country":["Japan","MULTI-LATERAL AGENCY"],"donor_country_id":["JPN","MULTI_AGY"],"donor_expend":[-193.24,-2308.69],"donor_id":["141","296"],"donor_name":["GOVERNMENT OF JAPAN","UNITED NATIONS"],"donor_short":["JPN","UN"],"donor_type":["NON_PROGRAMME COUNTRY","MULTI-LATERAL AGENCY"],"donor_type_id":["NON_PROGCTY","MULTI_AGY"],"expenditure":[-2501.93,-394.52],"fiscal_year":["2012","2010"],"focus_area":"1","focus_area_descr":"Poverty reduction & MDG achievement","gender_descr":"No Contribution","gender_id":"GEN0","output_descr":"Establishment of Model Communities for Prevention and Mitigation of HIV/AIDS in KwaZulu Natal. Capacity support and development provided to provincial and local government partners to optimize service delivery across sectors","output_id":"14676","output_title":"Model Communities HIV/AIDS"}],"project_descr":"Establishment of Model Communities for Prevention and Mitigation of HIV/AIDS in Kwazulu Natal","project_id":"14676","project_title":"Prevention of HIV/AIDS","region_id":"RBA","region_name":"Reg Bureau for Africa","start":"2003-04-01","subnational":[]}