{"document_name":[],"end":"2008-12-31","fiscal_year":["2011","2010"],"inst_descr":"","inst_id":" ","inst_type_descr":"","inst_type_id":"","operating_unit":"South Africa","operating_unit_id":"ZAF","outputs":[{"award_id":"14670","budget":[86108.0,0],"crs":"15140","crs_descr":"Government administration","donor_budget":[1.0,86107.0],"donor_country":["MULTI-LATERAL AGENCY","Norway"],"donor_country_id":["MULTI_AGY","NOR"],"donor_expend":[-80474.0,86107.18],"donor_id":["12","187"],"donor_name":["UNITED NATIONS DEVELOPMENT PROGRAMME","GOVERNMENT OF NORWAY"],"donor_short":["UNDP","NOR"],"donor_type":["MULTI-LATERAL AGENCY","NON_PROGRAMME COUNTRY"],"donor_type_id":["MULTI_AGY","NON_PROGCTY"],"expenditure":[5633.18,1317.71],"fiscal_year":["2011","2010"],"focus_area":"2","focus_area_descr":"Democratic governance","gender_descr":"No Contribution","gender_id":"GEN0","output_descr":"Capacity Building for  Local Government.  Institutionalization of all programme components within government structures at provincial level (PGDS) and at Local Government level (Districts and Local Municipality IDPs).","output_id":"14670","output_title":"CBLG- Local Govt Cap Building"}],"project_descr":"CAPACITY BUILDING FOR LOCAL GOVERNANCE","project_id":"14670","project_title":"CAPACITY BUILDING FOR LOCAL GOVERNANCE","region_id":"RBA","region_name":"Reg Bureau for Africa","start":"1999-06-01","subnational":[{"lat":"-29","lon":"24","precision":"9","scope":"4","type":"1"},{"lat":"-29","lon":"24","precision":"9","scope":"4","type":"1"}]}