{"document_name":[],"end":"2012-12-31","fiscal_year":["2011","2010","2012"],"inst_descr":"","inst_id":" ","inst_type_descr":"","inst_type_id":"","operating_unit":"South Africa","operating_unit_id":"ZAF","outputs":[{"award_id":"14684","budget":[32131.0,2.0,0],"crs":"41010","crs_descr":"Environmental policy and administrative management","donor_budget":[1.0,32132.0],"donor_country":["MULTI-LATERAL AGENCY","MULTI-LATERAL AGENCY"],"donor_country_id":["MULTI_AGY","MULTI_AGY"],"donor_expend":[17745.74,3865.050000000003],"donor_id":["12","10003"],"donor_name":["UNITED NATIONS DEVELOPMENT PROGRAMME","Global Environment Fund Trustee"],"donor_short":["UNDP","GEFTrustee"],"donor_type":["MULTI-LATERAL AGENCY","MULTI-LATERAL AGENCY"],"donor_type_id":["MULTI_AGY","MULTI_AGY"],"expenditure":[-49496.77,71107.56,421922.96],"fiscal_year":["2012","2011","2010"],"focus_area":"4","focus_area_descr":"Environment & sustainable development","gender_descr":"Some Contribution","gender_id":"GEN1","output_descr":"CAPE AGULHAS BIODIVERSITY INITIATIVE","output_id":"14684","output_title":"PIMS 2006 BD FP: ABI"}],"project_descr":"CAPE AGULHAS BIODIVERSITY INITIATIVE","project_id":"14684","project_title":"ABI","region_id":"RBA","region_name":"Reg Bureau for Africa","start":"2003-09-3","subnational":[{"lat":"-29","lon":"24","precision":"9","scope":"4","type":"1"},{"lat":"-29","lon":"24","precision":"9","scope":"4","type":"1"}]}