{"document_name":[],"end":"2009-12-31","fiscal_year":["2012"],"inst_descr":"","inst_id":" ","inst_type_descr":"","inst_type_id":"","operating_unit":"Samoa","operating_unit_id":"WSM","outputs":[{"award_id":"14685","budget":[1.0],"crs":"99810","crs_descr":"Sectors Not Specified","donor_budget":[1.0],"donor_country":["MULTI-LATERAL AGENCY"],"donor_country_id":["MULTI_AGY"],"donor_expend":[-10438.59],"donor_id":["10003"],"donor_name":["GEFTrustee"],"donor_short":["GEFTrustee"],"donor_type":["MULTI-LATERAL AGENCY"],"donor_type_id":["MULTI_AGY"],"expenditure":[-10438.59],"fiscal_year":["2012"],"focus_area":"-","focus_area_descr":"-","gender_descr":"No Contribution","gender_id":"GEN0","output_descr":"NIUE ENABLING ACTIVITY","output_id":"14685","output_title":"NIUE ENABLING ACTIVITY"}],"project_descr":"NIUE ENABLING ACTIVITY","project_id":"14685","project_title":"NIUE ENABLING ACTIVITY","region_id":"RBAP","region_name":"Reg Bureau for Asia & Pacific","start":"1999-09-3","subnational":[]}