{"document_name":[],"end":"2011-12-31","fiscal_year":["2011","2010","2012","2013"],"inst_descr":"","inst_id":" ","inst_type_descr":"","inst_type_id":"","operating_unit":"South Africa","operating_unit_id":"ZAF","outputs":[{"award_id":"14680","budget":[0.0,0.0,126000.0,0],"crs":"99810","crs_descr":"Sectors Not Specified","donor_budget":[479610.0,-353610.0],"donor_country":["Denmark","MULTI-LATERAL AGENCY"],"donor_country_id":["DNK","MULTI_AGY"],"donor_expend":[104928.73999999999,0.0],"donor_id":["95","296"],"donor_name":["GOVERNMENT OF DENMARK","UNITED NATIONS"],"donor_short":["DEN","UN"],"donor_type":["NON_PROGRAMME COUNTRY","MULTI-LATERAL AGENCY"],"donor_type_id":["NON_PROGCTY","MULTI_AGY"],"expenditure":[-612.44,-20458.82,126000.0,9111.51],"fiscal_year":["2013","2012","2011","2010"],"focus_area":"-","focus_area_descr":"-","gender_descr":"Significant Objective","gender_id":"GEN2","output_descr":"Enhancing the Integrated Response to HIV/AIDS and Poverty","output_id":"14680","output_title":"Integrated Reponse to HIV/AIDS"}],"project_descr":"Enhancing the Integrated Response to HIV/AIDS and Poverty","project_id":"14680","project_title":"Integrated Reponse to HIV/AIDS","region_id":"RBA","region_name":"Reg Bureau for Africa","start":"2005-12-18","subnational":[{"lat":"-29","lon":"24","precision":"9","scope":"4","type":"1"},{"lat":"-29","lon":"24","precision":"9","scope":"4","type":"1"}]}