{"document_name":[],"end":"2007-12-31","fiscal_year":["2012"],"inst_descr":"","inst_id":" ","inst_type_descr":"","inst_type_id":"","operating_unit":"Samoa","operating_unit_id":"WSM","outputs":[{"award_id":"14686","budget":[1.0],"crs":"99810","crs_descr":"Sectors Not Specified","donor_budget":[1.0,0.0],"donor_country":["MULTI-LATERAL AGENCY","MULTI-LATERAL AGENCY"],"donor_country_id":["MULTI_AGY","MULTI_AGY"],"donor_expend":[0.0,-4239.51],"donor_id":["12","10003"],"donor_name":["UNITED NATIONS DEVELOPMENT PROGRAMME","GEFTrustee"],"donor_short":["UNDP","GEFTrustee"],"donor_type":["MULTI-LATERAL AGENCY","MULTI-LATERAL AGENCY"],"donor_type_id":["MULTI_AGY","MULTI_AGY"],"expenditure":[-4239.51],"fiscal_year":["2012"],"focus_area":"-","focus_area_descr":"-","gender_descr":"Some Contribution","gender_id":"GEN1","output_descr":"ENABLING SAMOA TO PREPARE ITS NATIONAL BIODIVERSITY STRATEGY AND ACTION PLAN & FIRST NATIONAL REPORT TO THE COP4","output_id":"14686","output_title":"SAMOA ENABLING ACTIVITY"}],"project_descr":"ENABLING SAMOA TO PREPARE ITS NATIONAL BIODIVERSITY STRATEGY AND ACTION PLAN & FIRST NATIONAL REPORT TO THE COP4","project_id":"14686","project_title":"SAMOA ENABLING ACTIVITY","region_id":"RBAP","region_name":"Reg Bureau for Asia & Pacific","start":"1999-06-01","subnational":[]}