{"document_name":[],"end":"2008-12-31","fiscal_year":["2011"],"inst_descr":"","inst_id":" ","inst_type_descr":"","inst_type_id":"","operating_unit":"Samoa","operating_unit_id":"WSM","outputs":[{"award_id":"14699","budget":[0.0],"crs":"41010","crs_descr":"Environmental policy and administrative management","donor_budget":[0.0],"donor_country":["MULTI-LATERAL AGENCY"],"donor_country_id":["MULTI_AGY"],"donor_expend":[-16374.87],"donor_id":["10003"],"donor_name":["Global Environment Fund Trustee"],"donor_short":["GEFTrustee"],"donor_type":["MULTI-LATERAL AGENCY"],"donor_type_id":["MULTI_AGY"],"expenditure":[-16374.87],"fiscal_year":["2011"],"focus_area":"4","focus_area_descr":"Environment & sustainable development","gender_descr":"-","gender_id":"-","output_descr":"Persistent Organic Pollutants in Niue will create sustainable capacity and ownership to meet its obligations under the Stockholm Convention.","output_id":"14699","output_title":"Persistent Organic Pollutants"}],"project_descr":"Persistent Organic Pollutants in Niue is an Enabling Activity to meet its obligations under the Stockholm convention on POPs","project_id":"14699","project_title":"Persistent Organic Pollutants (POPs) Project in Niue","region_id":"RBAP","region_name":"Reg Bureau for Asia & Pacific","start":"2003-02-01","subnational":[]}