{"document_name":[],"end":"2006-12-31","fiscal_year":["2011"],"inst_descr":"","inst_id":" ","inst_type_descr":"","inst_type_id":"","operating_unit":"Samoa","operating_unit_id":"WSM","outputs":[{"award_id":"14693","budget":[2.38],"crs":"41010","crs_descr":"Environmental policy and administrative management","donor_budget":[2.38],"donor_country":["MULTI-LATERAL AGENCY"],"donor_country_id":["MULTI_AGY"],"donor_expend":[2.38],"donor_id":["5"],"donor_name":["UNESCO"],"donor_short":["UNESCO"],"donor_type":["MULTI-LATERAL AGENCY"],"donor_type_id":["MULTI_AGY"],"expenditure":[2.38],"fiscal_year":["2011"],"focus_area":"4","focus_area_descr":"Environment & sustainable development","gender_descr":"Some Contribution","gender_id":"GEN1","output_descr":"Saving Threatened Lowland and Upland Rainforests of Savaii Through Community-based Management.","output_id":"14693","output_title":"Savaii Threatened Lowland/Upla"}],"project_descr":"Saving Threatened Lowland and Upland Rainforests of Savaii Through Community-based Management.","project_id":"14693","project_title":"Savaii Threatened Lowland/Upland Rainforests","region_id":"RBAP","region_name":"Reg Bureau for Asia & Pacific","start":"2002-07-01","subnational":[]}