{"document_name":[],"end":"2006-12-31","fiscal_year":["2012"],"inst_descr":"","inst_id":" ","inst_type_descr":"","inst_type_id":"","operating_unit":"Samoa","operating_unit_id":"WSM","outputs":[{"award_id":"14697","budget":[1.0],"crs":"41010","crs_descr":"Environmental policy and administrative management","donor_budget":[1.0],"donor_country":["MULTI-LATERAL AGENCY"],"donor_country_id":["MULTI_AGY"],"donor_expend":[-314.5],"donor_id":["10003"],"donor_name":["GEFTrustee"],"donor_short":["GEFTrustee"],"donor_type":["MULTI-LATERAL AGENCY"],"donor_type_id":["MULTI_AGY"],"expenditure":[-314.5],"fiscal_year":["2012"],"focus_area":"4","focus_area_descr":"Environment & sustainable development","gender_descr":"No Contribution","gender_id":"GEN0","output_descr":"National Capacity Self-Assessment (NCSA) for Global Environmental Management","output_id":"14697","output_title":"SAMOA NCSA"}],"project_descr":"National Capacity Self-Assessment (NCSA) for Global Environmental Management","project_id":"14697","project_title":"SAMOA NCSA","region_id":"RBAP","region_name":"Reg Bureau for Asia & Pacific","start":"2002-08-01","subnational":[]}