{"document_name":[],"end":"2005-12-31","fiscal_year":["2013"],"inst_descr":"","inst_id":" ","inst_type_descr":"","inst_type_id":"","operating_unit":"Saudi Arabia","operating_unit_id":"SAU","outputs":[{"award_id":"14705","budget":[75000.0],"crs":"99810","crs_descr":"Sectors Not Specified","donor_budget":[75000.0],"donor_country":["MULTI-LATERAL AGENCY"],"donor_country_id":["MULTI_AGY"],"donor_expend":[75000.0],"donor_id":["10003"],"donor_name":["GEFTrustee"],"donor_short":["GEFTrustee"],"donor_type":["MULTI-LATERAL AGENCY"],"donor_type_id":["MULTI_AGY"],"expenditure":[75000.0],"fiscal_year":["2013"],"focus_area":"-","focus_area_descr":"-","gender_descr":"No Contribution","gender_id":"GEN0","output_descr":"IMPLEMENTATION OF THE STRATEGIC  ACTION PROGRAMME (SAP) FOR THE RED SEA AND GULF OF ADEN","output_id":"14705","output_title":"GEF RED SEA"}],"project_descr":"IMPLEMENTATION OF THE STRATEGIC  ACTION PROGRAMME (SAP) FOR THE RED SEA AND GULF OF ADEN","project_id":"14705","project_title":"GEF RED SEA","region_id":"RBAS","region_name":"Reg Bur for Arab States","start":"1998-12-12","subnational":[]}