{"document_name":[],"end":"2013-12-31","fiscal_year":["2011","2010","2012","2013"],"inst_descr":"","inst_id":" ","inst_type_descr":"","inst_type_id":"","operating_unit":"Saudi Arabia","operating_unit_id":"SAU","outputs":[{"award_id":"14708","budget":[530000.0,600000.0,1150000.0,0],"crs":"15110","crs_descr":"Economic and development policy/planning","donor_budget":[2280000.0],"donor_country":["Saudi Arabia"],"donor_country_id":["SAU"],"donor_expend":[1604246.59],"donor_id":["210"],"donor_name":["GOVERNMENT OF SAUDI ARABIA"],"donor_short":["SAU"],"donor_type":["PROGRAMME COUNTRY"],"donor_type_id":["PROGCTY"],"expenditure":[0.0,832910.53,771336.06,801089.82],"fiscal_year":["2013","2012","2011","2010"],"focus_area":"1","focus_area_descr":"Poverty reduction & MDG achievement","gender_descr":"No Contribution","gender_id":"GEN0","output_descr":"Supports the Commission for Information and Technology Communications development programmes through advisory services, in the field of radio frequency spectrum engineering and management. It is primarily intended for institutional building and training.","output_id":"14708","output_title":"Advisory Services to CITC"}],"project_descr":"Advisory Services to Saudi Communications Commission (SCC)","project_id":"14708","project_title":"Advisory Services to Comm & InformTech Commission (CITC)","region_id":"RBAS","region_name":"Reg Bur for Arab States","start":"2002-01-01","subnational":[{"lat":"24.68773","lon":"46.72185","precision":"1","scope":"4","type":"1"}]}