{"document_name":[],"end":"2012-12-31","fiscal_year":["2012"],"inst_descr":"","inst_id":" ","inst_type_descr":"","inst_type_id":"","operating_unit":"Samoa","operating_unit_id":"WSM","outputs":[{"award_id":"14701","budget":[2948.85],"crs":"41010","crs_descr":"Environmental policy and administrative management","donor_budget":[1.0,2947.85],"donor_country":["MULTI-LATERAL AGENCY","MULTI-LATERAL AGENCY"],"donor_country_id":["MULTI_AGY","MULTI_AGY"],"donor_expend":[-2947.85,2923.57],"donor_id":["12","10003"],"donor_name":["UNITED NATIONS DEVELOPMENT PROGRAMME","GEFTrustee"],"donor_short":["UNDP","GEFTrustee"],"donor_type":["MULTI-LATERAL AGENCY","MULTI-LATERAL AGENCY"],"donor_type_id":["MULTI_AGY","MULTI_AGY"],"expenditure":[-24.28],"fiscal_year":["2012"],"focus_area":"4","focus_area_descr":"Environment & sustainable development","gender_descr":"Some Contribution","gender_id":"GEN1","output_descr":"Samoa:  Preparation of a National Adaptation Programme of Action (NAPA)","output_id":"14701","output_title":"Samoa NAPA"}],"project_descr":"Samoa:  Preparation of a National Adaptation Programme of Action (NAPA)","project_id":"14701","project_title":"Samoa NAPA","region_id":"RBAP","region_name":"Reg Bureau for Asia & Pacific","start":"2003-03-01","subnational":[]}