{"document_name":[],"end":"2012-12-31","fiscal_year":["2011","2010","2012","2013"],"inst_descr":"","inst_id":" ","inst_type_descr":"","inst_type_id":"","operating_unit":"Saudi Arabia","operating_unit_id":"SAU","outputs":[{"award_id":"14707","budget":[308900.0,265000.0,668856.0,0],"crs":"41010","crs_descr":"Environmental policy and administrative management","donor_budget":[1242756.0],"donor_country":["Saudi Arabia"],"donor_country_id":["SAU"],"donor_expend":[625630.15],"donor_id":["210"],"donor_name":["GOVERNMENT OF SAUDI ARABIA"],"donor_short":["SAU"],"donor_type":["PROGRAMME COUNTRY"],"donor_type_id":["PROGCTY"],"expenditure":[-2755.2,189706.11,438679.24,341655.36],"fiscal_year":["2013","2012","2011","2010"],"focus_area":"4","focus_area_descr":"Environment & sustainable development","gender_descr":"No Contribution","gender_id":"GEN0","output_descr":"The aim of this programme is to assist the energy sector in Saudi Arabia to meet the rapidly growing power and energy demand through efficient and rational consumption patterns.","output_id":"14707","output_title":"National Energy Efficiency Pro"}],"project_descr":"National Energy Efficiency Programme","project_id":"14707","project_title":"National Energy Efficiency Programme","region_id":"RBAS","region_name":"Reg Bur for Arab States","start":"2003-04-3","subnational":[{"lat":"25","lon":"45","precision":"9","scope":"4","type":"1"}]}