{"document_name":[],"end":"2008-12-31","fiscal_year":["2012"],"inst_descr":"","inst_id":" ","inst_type_descr":"","inst_type_id":"","operating_unit":"Samoa","operating_unit_id":"WSM","outputs":[{"award_id":"14703","budget":[0.0],"crs":"41010","crs_descr":"Environmental policy and administrative management","donor_budget":[0.0],"donor_country":["MULTI-LATERAL AGENCY"],"donor_country_id":["MULTI_AGY"],"donor_expend":[-0.01],"donor_id":["12"],"donor_name":["UNITED NATIONS DEVELOPMENT PROGRAMME"],"donor_short":["UNDP"],"donor_type":["MULTI-LATERAL AGENCY"],"donor_type_id":["MULTI_AGY"],"expenditure":[-0.01],"fiscal_year":["2012"],"focus_area":"4","focus_area_descr":"Environment & sustainable development","gender_descr":"-","gender_id":"-","output_descr":"-","output_id":"14703","output_title":"Samoa Marine Conservation Proj"}],"project_descr":"Prepatory Assistance Towards the Development of a Marine Conservation Project Proposal.\n\nStrengthening Capacity for the Sustainalbe Management and Conservation of Marine Biodiversity in Samoa","project_id":"14703","project_title":"Samoa Marine Conservation Project","region_id":"RBAP","region_name":"Reg Bureau for Asia & Pacific","start":"2003-10-01","subnational":[]}