{"document_name":[],"end":"2012-12-31","fiscal_year":["2011","2010"],"inst_descr":"","inst_id":" ","inst_type_descr":"","inst_type_id":"","operating_unit":"Saudi Arabia","operating_unit_id":"SAU","outputs":[{"award_id":"14710","budget":[11000.0,0],"crs":"15140","crs_descr":"Government administration","donor_budget":[11000.0],"donor_country":["Saudi Arabia"],"donor_country_id":["SAU"],"donor_expend":[11201.4],"donor_id":["210"],"donor_name":["GOVERNMENT OF SAUDI ARABIA"],"donor_short":["SAU"],"donor_type":["PROGRAMME COUNTRY"],"donor_type_id":["PROGCTY"],"expenditure":[11201.4,15750.0],"fiscal_year":["2011","2010"],"focus_area":"2","focus_area_descr":"Democratic governance","gender_descr":"Some Contribution","gender_id":"GEN1","output_descr":"Technical cooperation between MUON and UNDP with the key objective of producing the annual report of Al- Medina status (City Profile) and maintain its production on a regular basis.","output_id":"14710","output_title":"Urban Observatory Network"}],"project_descr":"Al-Madinah Urban Observatory Network","project_id":"14710","project_title":"Urban Observatory Network","region_id":"RBAS","region_name":"Reg Bur for Arab States","start":"2002-11-16","subnational":[{"lat":"24.46861","lon":"39.61417","precision":"3","scope":"2","type":"2"}]}