{"document_name":[],"end":"2008-12-31","fiscal_year":["2011","2010"],"inst_descr":"","inst_id":" ","inst_type_descr":"","inst_type_id":"","operating_unit":"Senegal","operating_unit_id":"SEN","outputs":[{"award_id":"14719","budget":[0.0,0],"crs":"25010","crs_descr":"Business support services and institutions","donor_budget":[0.0],"donor_country":["MULTI-LATERAL AGENCY"],"donor_country_id":["MULTI_AGY"],"donor_expend":[1538.36],"donor_id":["12"],"donor_name":["UNITED NATIONS DEVELOPMENT PROGRAMME"],"donor_short":["UNDP"],"donor_type":["MULTI-LATERAL AGENCY"],"donor_type_id":["MULTI_AGY"],"expenditure":[1538.36,-558.7],"fiscal_year":["2011","2010"],"focus_area":"1","focus_area_descr":"Poverty reduction & MDG achievement","gender_descr":"-","gender_id":"-","output_descr":"Programme d'Appui pour la R\u00e9duction de la Pauvret\u00e9 (PAREP)","output_id":"14719","output_title":"PAREP"}],"project_descr":"Programme d'Appui pour la R\u00e9duction de la Pauvret\u00e9 (PAREP)","project_id":"14719","project_title":"PAREP","region_id":"RBA","region_name":"Reg Bureau for Africa","start":"2003-04-01","subnational":[{"lat":"14","lon":"-14","precision":"9","scope":"4","type":"1"},{"lat":"14","lon":"-14","precision":"9","scope":"4","type":"1"}]}