{"document_name":[],"end":"2009-12-31","fiscal_year":["2011"],"inst_descr":"","inst_id":" ","inst_type_descr":"","inst_type_id":"","operating_unit":"Senegal","operating_unit_id":"SEN","outputs":[{"award_id":"14723","budget":[0.0],"crs":"41010","crs_descr":"Environmental policy and administrative management","donor_budget":[0.0],"donor_country":["MULTI-LATERAL AGENCY"],"donor_country_id":["MULTI_AGY"],"donor_expend":[-1375.31],"donor_id":["12"],"donor_name":["UNITED NATIONS DEVELOPMENT PROGRAMME"],"donor_short":["UNDP"],"donor_type":["MULTI-LATERAL AGENCY"],"donor_type_id":["MULTI_AGY"],"expenditure":[-1375.31],"fiscal_year":["2011"],"focus_area":"4","focus_area_descr":"Environment & sustainable development","gender_descr":"-","gender_id":"-","output_descr":"Gestion int\u00e9gr\u00e9e des \u00e9cosyst\u00e8mpes dans quatre paysages repr\u00e9sentatifs\r\n du S\u00e9n\u00e9gal","output_id":"14723","output_title":"Gestion int\u00e9gr\u00e9e  \u00e9cosyst\u00e8mes"}],"project_descr":"Gestion int\u00e9gr\u00e9e des \u00e9cosyst\u00e8mes dans quatre paysages repr\u00e9sentatifs du S\u00e9n\u00e9gal","project_id":"14723","project_title":"Gestion int\u00e9gr\u00e9e des \u00e9cosyst\u00e8mes","region_id":"RBA","region_name":"Reg Bureau for Africa","start":"2002-08-01","subnational":[{"lat":"14","lon":"-14","precision":"9","scope":"4","type":"1"},{"lat":"14","lon":"-14","precision":"9","scope":"4","type":"1"}]}