{"document_name":[],"end":"2011-12-31","fiscal_year":["2011","2012","2013"],"inst_descr":"","inst_id":" ","inst_type_descr":"","inst_type_id":"","operating_unit":"Senegal","operating_unit_id":"SEN","outputs":[{"award_id":"14720","budget":[19264.0,52965.0,205000.0],"crs":"99810","crs_descr":"Sectors Not Specified","donor_budget":[265229.0,12000.0],"donor_country":["Spain","MULTI-LATERAL AGENCY"],"donor_country_id":["ESP","MULTI_AGY"],"donor_expend":[34690.73,9653.13],"donor_id":["220","12"],"donor_name":["GOVERNMENT OF SPAIN","UNITED NATIONS DEVELOPMENT PROGRAMME"],"donor_short":["SPA","UNDP"],"donor_type":["NON_PROGRAMME COUNTRY","MULTI-LATERAL AGENCY"],"donor_type_id":["NON_PROGCTY","MULTI_AGY"],"expenditure":[0.0,44343.86,0.0],"fiscal_year":["2013","2012","2011"],"focus_area":"-","focus_area_descr":"-","gender_descr":"-","gender_id":"-","output_descr":"Programme d'Appui au Programme National de Bonne Gouvernance","output_id":"14720","output_title":"Programme d'Appui au PNBG"}],"project_descr":"Programme d'Appui au Programme National de Bonne Gouvernance","project_id":"14720","project_title":"Programme d'Appui au PNBG","region_id":"RBA","region_name":"Reg Bureau for Africa","start":"2003-06-15","subnational":[{"lat":"14","lon":"-14","precision":"9","scope":"4","type":"1"},{"lat":"14","lon":"-14","precision":"9","scope":"4","type":"1"}]}