{"document_name":[],"end":"2006-12-31","fiscal_year":["2012"],"inst_descr":"","inst_id":" ","inst_type_descr":"","inst_type_id":"","operating_unit":"Somalia","operating_unit_id":"SOM","outputs":[{"award_id":"14777","budget":[0.0],"crs":"99810","crs_descr":"Sectors Not Specified","donor_budget":[0.0],"donor_country":["MULTI-LATERAL AGENCY"],"donor_country_id":["MULTI_AGY"],"donor_expend":[-2780.96],"donor_id":["12"],"donor_name":["UNITED NATIONS DEVELOPMENT PROGRAMME"],"donor_short":["UNDP"],"donor_type":["MULTI-LATERAL AGENCY"],"donor_type_id":["MULTI_AGY"],"expenditure":[-2780.96],"fiscal_year":["2012"],"focus_area":"-","focus_area_descr":"-","gender_descr":"-","gender_id":"-","output_descr":"Support to Poverty Reduction and Economic Recovery","output_id":"14777","output_title":"PRER Programme Management"}],"project_descr":"POVERTY REDUCTION AND ECONOMIC RECOVERY PROJECT","project_id":"14777","project_title":"POVERTY REDUCTION PROJECT","region_id":"RBAS","region_name":"Reg Bur for Arab States","start":"2001-04-01","subnational":[]}