{"document_name":[],"end":"2012-12-31","fiscal_year":["2012"],"inst_descr":"","inst_id":" ","inst_type_descr":"","inst_type_id":"","operating_unit":"Somalia","operating_unit_id":"SOM","outputs":[{"award_id":"14779","budget":[1.0,0],"crs":"99810","crs_descr":"Sectors Not Specified","donor_budget":[1.0],"donor_country":["MULTI-LATERAL AGENCY"],"donor_country_id":["MULTI_AGY"],"donor_expend":[0.0],"donor_id":["38"],"donor_name":["UNOCHA (Formerly UNDRO)"],"donor_short":["UNOCHA"],"donor_type":["MULTI-LATERAL AGENCY"],"donor_type_id":["MULTI_AGY"],"expenditure":[0.0,113330.18],"fiscal_year":["2012","2010"],"focus_area":"-","focus_area_descr":"-","gender_descr":"No Contribution","gender_id":"GEN0","output_descr":"SOMALI CIVIL PROTECTION PROGRAMME - MINE ACTION","output_id":"14779","output_title":"SCPP -  MINE ACTION"}],"project_descr":"SOMALI CIVIL PROTECTION PROGRAMME - MINE ACTION","project_id":"14779","project_title":"SCPP -  MINE ACTION","region_id":"RBAS","region_name":"Reg Bur for Arab States","start":"2002-01-01","subnational":[]}