{"document_name":[],"end":"2009-12-31","fiscal_year":["2012"],"inst_descr":"","inst_id":" ","inst_type_descr":"","inst_type_id":"","operating_unit":"Somalia","operating_unit_id":"SOM","outputs":[{"award_id":"14775","budget":[0.0],"crs":"99810","crs_descr":"Sectors Not Specified","donor_budget":[0.0],"donor_country":["Norway"],"donor_country_id":["NOR"],"donor_expend":[-2721.81],"donor_id":["187"],"donor_name":["GOVERNMENT OF NORWAY"],"donor_short":["NOR"],"donor_type":["NON_PROGRAMME COUNTRY"],"donor_type_id":["NON_PROGCTY"],"expenditure":[-2721.81],"fiscal_year":["2012"],"focus_area":"-","focus_area_descr":"-","gender_descr":"No Contribution","gender_id":"GEN0","output_descr":"REINTEGRATION OF RETURNEES AND INTERNALLY DISPLACED PERSONS IN SOMALIA","output_id":"14775","output_title":"RRIDP  IN SOMALIA"}],"project_descr":"REINTEGRATION OF RETURNEES AND INTERNALLY DISPLACED PERSONS IN SOMALIA","project_id":"14775","project_title":"RRIDP  IN SOMALIA","region_id":"RBAS","region_name":"Reg Bur for Arab States","start":"2001-07-01","subnational":[]}