{"document_name":[],"end":"2007-12-31","fiscal_year":["2012"],"inst_descr":"","inst_id":" ","inst_type_descr":"","inst_type_id":"","operating_unit":"Somalia","operating_unit_id":"SOM","outputs":[{"award_id":"14783","budget":[0.0],"crs":"99810","crs_descr":"Sectors Not Specified","donor_budget":[0.0],"donor_country":["MULTI-LATERAL AGENCY"],"donor_country_id":["MULTI_AGY"],"donor_expend":[-132.68],"donor_id":["35"],"donor_name":["UNITED NATIONS CHILDREN'S FUND"],"donor_short":["UNICEF"],"donor_type":["MULTI-LATERAL AGENCY"],"donor_type_id":["MULTI_AGY"],"expenditure":[-132.68],"fiscal_year":["2012"],"focus_area":"-","focus_area_descr":"-","gender_descr":"No Contribution","gender_id":"GEN0","output_descr":"Judiciary Component for Rule of Law and Security Programme","output_id":"14783","output_title":"ROLs JUDICIARY"}],"project_descr":"Judiciary Component for Rule of Law and Security Programme","project_id":"14783","project_title":"ROLs JUDICIARY","region_id":"RBAS","region_name":"Reg Bur for Arab States","start":"2003-01-01","subnational":[]}