{"document_name":[],"end":"2007-12-31","fiscal_year":["2012"],"inst_descr":"","inst_id":" ","inst_type_descr":"","inst_type_id":"","operating_unit":"Somalia","operating_unit_id":"SOM","outputs":[{"award_id":"14787","budget":[0.0],"crs":"99810","crs_descr":"Sectors Not Specified","donor_budget":[0.0],"donor_country":["Sweden"],"donor_country_id":["SWE"],"donor_expend":[-759.15],"donor_id":["555"],"donor_name":["SWEDISH INTERNATIONAL DEVELOPMENT COOPER"],"donor_short":["SIDA"],"donor_type":["NON_PROGRAMME COUNTRY"],"donor_type_id":["NON_PROGCTY"],"expenditure":[-759.15],"fiscal_year":["2012"],"focus_area":"-","focus_area_descr":"-","gender_descr":"No Contribution","gender_id":"GEN0","output_descr":"\"Disarmament, Demobilization, Reintegration and Small Arms Control Project in Somalia\"","output_id":"14787","output_title":"ROLS DDR & SAC Somalia"}],"project_descr":"Disarmament, Demobilization, and Reintegration Project","project_id":"14787","project_title":"DDR","region_id":"RBAS","region_name":"Reg Bur for Arab States","start":"2003-04-01","subnational":[]}