{"document_name":[],"end":"2015-12-31","fiscal_year":["2011","2010","2012","2013"],"inst_descr":"","inst_id":" ","inst_type_descr":"","inst_type_id":"","operating_unit":"Somalia","operating_unit_id":"SOM","outputs":[{"award_id":"14781","budget":[0.0,1.0,0],"crs":"15140","crs_descr":"Government administration","donor_budget":[1.0,0.0],"donor_country":["United States of America","Denmark"],"donor_country_id":["USA","DNK"],"donor_expend":[-50051.280000000006,-10110.56],"donor_id":["10480","95"],"donor_name":["USAID","GOVERNMENT OF DENMARK"],"donor_short":["USAID","DEN"],"donor_type":["NON_PROGRAMME COUNTRY","NON_PROGRAMME COUNTRY"],"donor_type_id":["NON_PROGCTY","NON_PROGCTY"],"expenditure":[-10160.86,-50000.98,1669364.79],"fiscal_year":["2012","2011","2010"],"focus_area":"2","focus_area_descr":"Democratic governance","gender_descr":"Significant Objective","gender_id":"GEN2","output_descr":"Somalis, especially vulnerable groups have better protection under the law, access to justice and greater understanding of the law and their rights.","output_id":"60262","output_title":"Access to Justice S.Central"},{"award_id":"14781","budget":[0.0],"crs":"15140","crs_descr":"Government administration","donor_budget":[0.0],"donor_country":["Sweden"],"donor_country_id":["SWE"],"donor_expend":[-17165.0],"donor_id":["231"],"donor_name":["GOVERNMENT OF SWEDEN"],"donor_short":["SWE"],"donor_type":["NON_PROGRAMME COUNTRY"],"donor_type_id":["NON_PROGCTY"],"expenditure":[-17165.0],"fiscal_year":["2012"],"focus_area":"2","focus_area_descr":"Democratic governance","gender_descr":"Significant Objective","gender_id":"GEN2","output_descr":"DDR and SAC","output_id":"60251","output_title":"DDR and SAC Puntland"},{"award_id":"14781","budget":[0.0,0],"crs":"99810","crs_descr":"Sectors Not Specified","donor_budget":[0.0],"donor_country":["MULTI-LATERAL AGENCY"],"donor_country_id":["MULTI_AGY"],"donor_expend":[-97649.51],"donor_id":["280"],"donor_name":["EUROPEAN UNION"],"donor_short":["EU"],"donor_type":["MULTI-LATERAL AGENCY"],"donor_type_id":["MULTI_AGY"],"expenditure":[-97649.51,522857.82],"fiscal_year":["2011","2010"],"focus_area":"-","focus_area_descr":"-","gender_descr":"Some Contribution","gender_id":"GEN1","output_descr":"Rule of Law & Security Program   -  EC contribution ('07 & '08)","output_id":"56253","output_title":"ROLS - EC contribution 07 & 08"},{"award_id":"14781","budget":[1186812.5,1602191.65,1406781.17,0],"crs":"15140","crs_descr":"Government administration","donor_budget":[1961812.5,0.0,0.0,545661.17,1382967.35,237647.0,0.0,0.0,67697.3],"donor_country":["MULTI-LATERAL AGENCY","Belgium","Denmark","Norway","MULTI-LATERAL AGENCY","Sweden","MULTI-LATERAL AGENCY","United Kingdom","Republic of Korea"],"donor_country_id":["MULTI_AGY","BEL","DNK","NOR","MULTI_AGY","SWE","MULTI_AGY","GBR","KOR"],"donor_expend":[1388302.7,9592.88,-0.88,537305.73,961232.98,207379.75,309.86,-68.18,67687.3],"donor_id":["12","61","95","187","280","555","1","551","717"],"donor_name":["UNITED NATIONS DEVELOPMENT PROGRAMME","GOVERNMENT OF BELGIUM","GOVERNMENT OF DENMARK","GOVERNMENT OF NORWAY","EUROPEAN UNION","SWEDISH INT'L DEVELOPMENT COOPERATION","UN DEPT OF ECONOMIC AND SOCIAL AFFAIRS","DEPARTMENT FOR INTERNATIONAL DEVELOPMENT","CPR-THE GOVERMENT OF KOREA"],"donor_short":["UNDP","BEL","DEN","NOR","EU","SIDA","UNDESA","DFID","C/S-ROK"],"donor_type":["MULTI-LATERAL AGENCY","NON_PROGRAMME COUNTRY","NON_PROGRAMME COUNTRY","NON_PROGRAMME COUNTRY","MULTI-LATERAL AGENCY","NON_PROGRAMME COUNTRY","MULTI-LATERAL AGENCY","NON_PROGRAMME COUNTRY","NON_PROGRAMME COUNTRY"],"donor_type_id":["MULTI_AGY","NON_PROGCTY","NON_PROGCTY","NON_PROGCTY","MULTI_AGY","NON_PROGCTY","MULTI_AGY","NON_PROGCTY","NON_PROGCTY"],"expenditure":[658158.9,1558143.14,957084.1,2721881.76],"fiscal_year":["2013","2012","2011","2010"],"focus_area":"2","focus_area_descr":"Democratic governance","gender_descr":"No Contribution","gender_id":"GEN0","output_descr":"Coordination and Support to Somali Security Sector Institutions","output_id":"14781","output_title":"ROLS PROG COORDINATION"}],"project_descr":"Support for the coordination for the Rule of Law and Security Programme.","project_id":"14781","project_title":"RULE OF LAW AND SECURITY PROGRAMME","region_id":"RBAS","region_name":"Reg Bur for Arab States","start":"2003-01-01","subnational":[{"lat":"2.03711","lon":"45.34375","precision":"9","scope":"4","type":"1"},{"lat":"2.03711","lon":"45.34375","precision":"9","scope":"2","type":"2"},{"lat":"2.03711","lon":"45.34375","precision":"9","scope":"4","type":"1"},{"lat":"2.03711","lon":"45.34375","precision":"9","scope":"3","type":"2"},{"lat":"2.03711","lon":"45.34375","precision":"9","scope":"3","type":"2"},{"lat":"2.03711","lon":"45.34375","precision":"9","scope":"3","type":"2"}]}