{"document_name":[],"end":"2015-12-31","fiscal_year":["2011","2010","2012","2013"],"inst_descr":"","inst_id":" ","inst_type_descr":"","inst_type_id":"","operating_unit":"Somalia","operating_unit_id":"SOM","outputs":[{"award_id":"14794","budget":[6805312.0,11743790.0,8124815.0,0],"crs":"99810","crs_descr":"Sectors Not Specified","donor_budget":[26673917.0],"donor_country":["Somalia"],"donor_country_id":["SOM"],"donor_expend":[9905160.02],"donor_id":["219"],"donor_name":["GOVERNMENT OF SOMALIA"],"donor_short":["SOM"],"donor_type":["PROGRAMME COUNTRY"],"donor_type_id":["PROGCTY"],"expenditure":[606364.0,4687505.0,4611291.02,4419687.0],"fiscal_year":["2013","2012","2011","2010"],"focus_area":"-","focus_area_descr":"-","gender_descr":"No Contribution","gender_id":"GEN0","output_descr":"CIVIL AVIATION CARETAKER AURITY FOR SOMALIA","output_id":"14794","output_title":"CIVIL AVIATION CARETAKER AUTHO"}],"project_descr":"CIVIL AVIATION CARETAKER AURITY FOR SOMALIA","project_id":"14794","project_title":"CIVIL AVIATION CARETAKER AUTHORITY","region_id":"RBAS","region_name":"Reg Bur for Arab States","start":"2004-01-01","subnational":[{"lat":"2.03711","lon":"45.34375","precision":"9","scope":"4","type":"1"},{"lat":"2.03711","lon":"45.34375","precision":"9","scope":"3","type":"2"}]}