{"document_name":[],"end":"2009-12-31","fiscal_year":["2011","2010"],"inst_descr":"","inst_id":" ","inst_type_descr":"","inst_type_id":"","operating_unit":"Sri Lanka","operating_unit_id":"LKA","outputs":[{"award_id":"14817","budget":[0.0,0],"crs":"73010","crs_descr":"Reconstruction relief and rehabilitation","donor_budget":[0.0],"donor_country":["Germany"],"donor_country_id":["DEU"],"donor_expend":[-677.5],"donor_id":["117"],"donor_name":["GOVERNMENT OF GERMANY"],"donor_short":["GER"],"donor_type":["NON_PROGRAMME COUNTRY"],"donor_type_id":["NON_PROGCTY"],"expenditure":[-677.5,63852.56],"fiscal_year":["2011","2010"],"focus_area":"3","focus_area_descr":"Crisis prevention & recovery","gender_descr":"-","gender_id":"-","output_descr":"German Contribution for Tsunami Recovery Programme - Restoration of Partially Damaged Houses.","output_id":"43436","output_title":"TP Tsunami Recov-Restor Housin"},{"award_id":"14817","budget":[0.0,0],"crs":"73010","crs_descr":"Reconstruction relief and rehabilitation","donor_budget":[0.0],"donor_country":["Germany"],"donor_country_id":["DEU"],"donor_expend":[1659.0],"donor_id":["117"],"donor_name":["GOVERNMENT OF GERMANY"],"donor_short":["GER"],"donor_type":["NON_PROGRAMME COUNTRY"],"donor_type_id":["NON_PROGCTY"],"expenditure":[1659.0,32164.37],"fiscal_year":["2011","2010"],"focus_area":"3","focus_area_descr":"Crisis prevention & recovery","gender_descr":"-","gender_id":"-","output_descr":"German Contribution for Tsunami Recovery Programmes - Micro Enterprise Development.","output_id":"43435","output_title":"TP-Tsunami Recov-Micro Enterpr"}],"project_descr":"Transition Programme for Sri Lanka","project_id":"14817","project_title":"Transition Programme","region_id":"RBAP","region_name":"Reg Bureau for Asia & Pacific","start":"2001-03-01","subnational":[]}