{"document_name":[],"end":"2006-12-31","fiscal_year":["2011","2010"],"inst_descr":"","inst_id":" ","inst_type_descr":"","inst_type_id":"","operating_unit":"Sri Lanka","operating_unit_id":"LKA","outputs":[{"award_id":"14818","budget":[0.0,0],"crs":"99810","crs_descr":"Sectors Not Specified","donor_budget":[0.0],"donor_country":["MULTI-LATERAL AGENCY"],"donor_country_id":["MULTI_AGY"],"donor_expend":[-2817.48],"donor_id":["12"],"donor_name":["UNITED NATIONS DEVELOPMENT PROGRAMME"],"donor_short":["UNDP"],"donor_type":["MULTI-LATERAL AGENCY"],"donor_type_id":["MULTI_AGY"],"expenditure":[-2817.48,2817.48],"fiscal_year":["2011","2010"],"focus_area":"-","focus_area_descr":"-","gender_descr":"-","gender_id":"-","output_descr":"Transition Programme for Sri Lanka","output_id":"14818","output_title":"TPERP - Transition Programme"}],"project_descr":"Transition Programme for Sri Lanka","project_id":"14818","project_title":"Transition Programme","region_id":"RBAP","region_name":"Reg Bureau for Asia & Pacific","start":"2001-03-01","subnational":[]}