{"document_name":[],"end":"2012-12-31","fiscal_year":["2011","2010","2012","2013"],"inst_descr":"","inst_id":" ","inst_type_descr":"","inst_type_id":"","operating_unit":"Sri Lanka","operating_unit_id":"LKA","outputs":[{"award_id":"14821","budget":[412270.0,190950.16,589853.8],"crs":"73010","crs_descr":"Reconstruction relief and rehabilitation","donor_budget":[1193073.96],"donor_country":["Australia"],"donor_country_id":["AUS"],"donor_expend":[759650.9400000001],"donor_id":["11234"],"donor_name":["Australian Agency for Int'l Development"],"donor_short":["AusAID"],"donor_type":["NON_PROGRAMME COUNTRY"],"donor_type_id":["NON_PROGCTY"],"expenditure":[0.0,164772.04,594878.9],"fiscal_year":["2013","2012","2011"],"focus_area":"3","focus_area_descr":"Crisis prevention & recovery","gender_descr":"Some Contribution","gender_id":"GEN1","output_descr":"Building national capacities for mine action in Sri Lanka, through the contribution from the Australian Government Overseas Aid Program (AusAID).","output_id":"78977","output_title":"Support to Mine Action"},{"award_id":"14821","budget":[0.0,478152.0,0],"crs":"73010","crs_descr":"Reconstruction relief and rehabilitation","donor_budget":[5436.96,472715.04],"donor_country":["Islamic Republic of Iran","MULTI-LATERAL AGENCY"],"donor_country_id":["IRN","MULTI_AGY"],"donor_expend":[0.0,469403.17],"donor_id":["133","11363"],"donor_name":["GOVERNMENT OF IRAN (ISLAMIC REPUBLIC OF)","MDTFO\\JP_Peace_Building_Fund"],"donor_short":["IRA","PBF"],"donor_type":["PROGRAMME COUNTRY","MULTI-LATERAL AGENCY"],"donor_type_id":["PROGCTY","MULTI_AGY"],"expenditure":[-2204.7,471607.87,521848.49],"fiscal_year":["2012","2011","2010"],"focus_area":"3","focus_area_descr":"Crisis prevention & recovery","gender_descr":"Some Contribution","gender_id":"GEN1","output_descr":"UNDP SUPPORT TO MINE ACTION IN SRI LANKA -CONTRIBUTION FROM PEACE BUILDING FUND","output_id":"74015","output_title":"Support to Mine Action"},{"award_id":"14821","budget":[0.0,0],"crs":"73010","crs_descr":"Reconstruction relief and rehabilitation","donor_budget":[0.0],"donor_country":["Sweden"],"donor_country_id":["SWE"],"donor_expend":[240.11],"donor_id":["555"],"donor_name":["SWEDISH INT'L DEVELOPMENT COOPERATION"],"donor_short":["SIDA"],"donor_type":["NON_PROGRAMME COUNTRY"],"donor_type_id":["NON_PROGCTY"],"expenditure":[240.11,68721.82],"fiscal_year":["2011","2010"],"focus_area":"3","focus_area_descr":"Crisis prevention & recovery","gender_descr":"Some Contribution","gender_id":"GEN1","output_descr":"Drafting of the Terms of Reference for a National Mine Action Centre in Sri Lanka","output_id":"63167","output_title":"MA - BCPR  funding for NMAC"},{"award_id":"14821","budget":[0.0],"crs":"73010","crs_descr":"Reconstruction relief and rehabilitation","donor_budget":[0.0],"donor_country":["Australia"],"donor_country_id":["AUS"],"donor_expend":[-216.92],"donor_id":["328"],"donor_name":["AUSTRALIA AG FOR INTNL DEV:UNCD"],"donor_short":["AUSAID"],"donor_type":["NON_PROGRAMME COUNTRY"],"donor_type_id":["NON_PROGCTY"],"expenditure":[-216.92],"fiscal_year":["2011"],"focus_area":"3","focus_area_descr":"Crisis prevention & recovery","gender_descr":"Some Contribution","gender_id":"GEN1","output_descr":"Field level coordination and management in Support of Mine Action in Vavuniya.","output_id":"36234","output_title":"MA - MAO Vavuniya"},{"award_id":"14821","budget":[406570.0,852980.63,642722.1,0],"crs":"15140","crs_descr":"Government administration","donor_budget":[1133655.3399999999,19612.23,19611.1,726617.77,0.0,0.0,2776.29],"donor_country":["MULTI-LATERAL AGENCY","United Kingdom","New Zealand","Australia","MULTI-LATERAL AGENCY","MULTI-LATERAL AGENCY","Australia"],"donor_country_id":["MULTI_AGY","GBR","NZL","AUS","MULTI_AGY","MULTI_AGY","AUS"],"donor_expend":[1097361.84,19560.08,19073.96,479574.45,-2624.43,49.38,0.0],"donor_id":["12","248","10279","11234","11362","1","328"],"donor_name":["UNITED NATIONS DEVELOPMENT PROGRAMME","GOVERNMENT OF UNITED KINGDOM","NEW ZEALAND AGY FOR INT'L DEVELOPMENT","Australian Agency for Int'l Development","UNOCHA/Central_Emg_Resp_Fund","UN DEPT OF ECONOMIC AND SOCIAL AFFAIRS","AUSTRALI AG FOR INTNL DEV:UNCD"],"donor_short":["UNDP","UKM","NZAID","AusAID","CERF","UNDESA","AUSAID"],"donor_type":["MULTI-LATERAL AGENCY","NON_PROGRAMME COUNTRY","NON_PROGRAMME COUNTRY","NON_PROGRAMME COUNTRY","MULTI-LATERAL AGENCY","MULTI-LATERAL AGENCY","NON_PROGRAMME COUNTRY"],"donor_type_id":["MULTI_AGY","NON_PROGCTY","NON_PROGCTY","NON_PROGCTY","MULTI_AGY","MULTI_AGY","NON_PROGCTY"],"expenditure":[334927.59,648908.99,629158.7,3239821.87],"fiscal_year":["2013","2012","2011","2010"],"focus_area":"2","focus_area_descr":"Democratic governance","gender_descr":"Some Contribution","gender_id":"GEN1","output_descr":"Support to the Sri Lanka National Mine Action Programme","output_id":"14821","output_title":"Support to Mine Action"}],"project_descr":"Support to the Sri Lanka National Mine Action Programme.","project_id":"14821","project_title":"SUPPORT TO THE NATIONAL MINE ACTION PROGRAMME","region_id":"RBAP","region_name":"Reg Bureau for Asia & Pacific","start":"2002-03-15","subnational":[{"lat":"8.7514","lon":"80.4971","precision":"3","scope":"4","type":"1"},{"lat":"8.7514","lon":"80.4971","precision":"3","scope":"4","type":"1"},{"lat":"8.7514","lon":"80.4971","precision":"3","scope":"4","type":"1"},{"lat":"8.7514","lon":"80.4971","precision":"3","scope":"4","type":"1"},{"lat":"8.7514","lon":"80.4971","precision":"3","scope":"3","type":"2"}]}