{"document_name":[],"end":"2012-12-31","fiscal_year":["2011","2010","2012"],"inst_descr":"","inst_id":" ","inst_type_descr":"","inst_type_id":"","operating_unit":"Sao Tome and Principe","operating_unit_id":"STP","outputs":[{"award_id":"14847","budget":[1.0,0.0,0],"crs":"99810","crs_descr":"Sectors Not Specified","donor_budget":[0.0,1.0],"donor_country":["MULTI-LATERAL AGENCY","MULTI-LATERAL AGENCY"],"donor_country_id":["MULTI_AGY","MULTI_AGY"],"donor_expend":[-0.07000000000000028,379.34],"donor_id":["12","10003"],"donor_name":["UNITED NATIONS DEVELOPMENT PROGRAMME","GEFTrustee"],"donor_short":["UNDP","GEFTrustee"],"donor_type":["MULTI-LATERAL AGENCY","MULTI-LATERAL AGENCY"],"donor_type_id":["MULTI_AGY","MULTI_AGY"],"expenditure":[373.42,5.85,56.65],"fiscal_year":["2012","2011","2010"],"focus_area":"-","focus_area_descr":"-","gender_descr":"Some Contribution","gender_id":"GEN1","output_descr":"Auto-Evaluation des Capacit\u00e9s Nationales pour la Gestion de l'Environnement Globale","output_id":"14847","output_title":"EVALUATION  ENVIRONNEMENT"}],"project_descr":"Auto-Evaluation des Capacit\u00e9s Nationales pour la Gestion de l'Environnement Globale.","project_id":"14847","project_title":"\u00c9valuation pour la Gestion Environnementale","region_id":"RBA","region_name":"Reg Bureau for Africa","start":"2003-02-21","subnational":[{"lat":"1","lon":"7","precision":"9","scope":"4","type":"1"},{"lat":"1","lon":"7","precision":"9","scope":"4","type":"1"}]}