{"document_name":[],"end":"2006-12-31","fiscal_year":["2013"],"inst_descr":"","inst_id":" ","inst_type_descr":"","inst_type_id":"","operating_unit":"Sao Tome and Principe","operating_unit_id":"STP","outputs":[{"award_id":"14848","budget":[0.0],"crs":"99810","crs_descr":"Sectors Not Specified","donor_budget":[0.0],"donor_country":["Netherlands"],"donor_country_id":["NLD"],"donor_expend":[-3939.0],"donor_id":["182"],"donor_name":["GOVERNMENT OF NETHERLANDS"],"donor_short":["NET"],"donor_type":["NON_PROGRAMME COUNTRY"],"donor_type_id":["NON_PROGCTY"],"expenditure":[-3939.0],"fiscal_year":["2013"],"focus_area":"-","focus_area_descr":"-","gender_descr":"-","gender_id":"-","output_descr":"\"Appui au d\u00e9veloppement des communaut\u00e9s rurales de Porto Alegre, Malanza et Monte Mario\"","output_id":"14848","output_title":"Appui aux communaut\u00e9s rurales"}],"project_descr":"Appui de l'UNCT aux activit\u00e9s de d\u00e9veloppement des communaut\u00e9s rurales de Porto Alegre, Malanza et Monte Mario","project_id":"14848","project_title":"Appui aux communaut\u00e9s rurales du Sud de STP","region_id":"RBA","region_name":"Reg Bureau for Africa","start":"2003-07-2","subnational":[]}