{"document_name":[],"end":"2009-12-31","fiscal_year":["2011","2010","2012","2013"],"inst_descr":"","inst_id":" ","inst_type_descr":"","inst_type_id":"","operating_unit":"Sao Tome and Principe","operating_unit_id":"STP","outputs":[{"award_id":"14842","budget":[0.0,0.0,0.0,0],"crs":"99810","crs_descr":"Sectors Not Specified","donor_budget":[0.0,0.0],"donor_country":["MULTI-LATERAL AGENCY","MULTI-LATERAL AGENCY"],"donor_country_id":["MULTI_AGY","MULTI_AGY"],"donor_expend":[-135606.71,232719.03999999998],"donor_id":["12","302"],"donor_name":["UNITED NATIONS DEVELOPMENT PROGRAMME","UNFIP TURNER FOUNDATION"],"donor_short":["UNDP","UNFIP"],"donor_type":["MULTI-LATERAL AGENCY","MULTI-LATERAL AGENCY"],"donor_type_id":["MULTI_AGY","MULTI_AGY"],"expenditure":[-5787.73,100684.96,1215.1,96113.43],"fiscal_year":["2013","2012","2011","2010"],"focus_area":"-","focus_area_descr":"-","gender_descr":"-","gender_id":"-","output_descr":"Sustainable Livelihoods for Empowerment of Adolescent Girls in S\u00e3o Tom\u00e9 e Pr\u00edncipe","output_id":"14842","output_title":"SUSTAINABLE GIRLS'LIVELIHOODS"}],"project_descr":"Sustainable Livelihoods for Adolescent Girls in the Districts of S\u00e3o Tom\u00e9 as well as in the Region of Principe","project_id":"14842","project_title":"SUSTAINABLE LIVELIHOODS FOR ADOLESCENT GIRLS","region_id":"RBA","region_name":"Reg Bureau for Africa","start":"2001-07-16","subnational":[{"lat":"2.23","lon":"6.3","precision":"3","scope":"3","type":"1"},{"lat":"2.23","lon":"6.3","precision":"3","scope":"3","type":"1"},{"lat":"2.23","lon":"6.3","precision":"3","scope":"3","type":"2"},{"lat":"2.23","lon":"6.3","precision":"3","scope":"3","type":"1"},{"lat":"2.23","lon":"6.3","precision":"3","scope":"3","type":"1"},{"lat":"2.23","lon":"6.3","precision":"3","scope":"3","type":"1"},{"lat":"2.23","lon":"6.3","precision":"3","scope":"3","type":"1"},{"lat":"2.23","lon":"6.3","precision":"3","scope":"3","type":"2"},{"lat":"2.23","lon":"6.3","precision":"3","scope":"3","type":"2"},{"lat":"2.23","lon":"6.3","precision":"3","scope":"3","type":"2"},{"lat":"2.23","lon":"6.3","precision":"3","scope":"3","type":"2"},{"lat":"2.23","lon":"6.3","precision":"3","scope":"3","type":"2"},{"lat":"2.23","lon":"6.3","precision":"3","scope":"3","type":"2"},{"lat":"2.23","lon":"6.3","precision":"3","scope":"3","type":"2"}]}