{"document_name":[],"end":"2009-12-31","fiscal_year":["2011","2010","2012","2013"],"inst_descr":"","inst_id":" ","inst_type_descr":"","inst_type_id":"","operating_unit":"Sao Tome and Principe","operating_unit_id":"STP","outputs":[{"award_id":"14849","budget":[0.0,0.0,0.0,0],"crs":"99810","crs_descr":"Sectors Not Specified","donor_budget":[0.0,0.0],"donor_country":["MULTI-LATERAL AGENCY","Netherlands"],"donor_country_id":["MULTI_AGY","NLD"],"donor_expend":[63.32000000000001,-952.0700000000006],"donor_id":["12","182"],"donor_name":["UNITED NATIONS DEVELOPMENT PROGRAMME","GOVERNMENT OF NETHERLANDS"],"donor_short":["UNDP","NET"],"donor_type":["MULTI-LATERAL AGENCY","NON_PROGRAMME COUNTRY"],"donor_type_id":["MULTI_AGY","NON_PROGCTY"],"expenditure":[4384.0,-5240.11,-32.64,2232.11],"fiscal_year":["2013","2012","2011","2010"],"focus_area":"-","focus_area_descr":"-","gender_descr":"-","gender_id":"-","output_descr":"Empowerment of adolescent girls","output_id":"14849","output_title":"Promoting girls' empowerment"}],"project_descr":"Promoting girls' empowerment (at rural and urban areas) through the income generating activities","project_id":"14849","project_title":"Promoting girls' empowerment","region_id":"RBA","region_name":"Reg Bureau for Africa","start":"2003-07-2","subnational":[{"lat":"2.23","lon":"6.3","precision":"3","scope":"3","type":"2"},{"lat":"2.23","lon":"6.3","precision":"3","scope":"3","type":"1"},{"lat":"2.23","lon":"6.3","precision":"3","scope":"3","type":"2"},{"lat":"2.23","lon":"6.3","precision":"3","scope":"3","type":"2"},{"lat":"2.23","lon":"6.3","precision":"3","scope":"3","type":"2"},{"lat":"2.23","lon":"6.3","precision":"3","scope":"3","type":"2"}]}