{"document_name":[],"end":"2007-12-31","fiscal_year":["2012","2013"],"inst_descr":"","inst_id":" ","inst_type_descr":"","inst_type_id":"","operating_unit":"Sao Tome and Principe","operating_unit_id":"STP","outputs":[{"award_id":"14843","budget":[0.0,0.0,0],"crs":"99810","crs_descr":"Sectors Not Specified","donor_budget":[0.0,0.0],"donor_country":["MULTI-LATERAL AGENCY","MULTI-LATERAL AGENCY"],"donor_country_id":["MULTI_AGY","MULTI_AGY"],"donor_expend":[5166.830000000001,-5168.27],"donor_id":["12","10003"],"donor_name":["UNITED NATIONS DEVELOPMENT PROGRAMME","GEFTrustee"],"donor_short":["UNDP","GEFTrustee"],"donor_type":["MULTI-LATERAL AGENCY","MULTI-LATERAL AGENCY"],"donor_type_id":["MULTI_AGY","MULTI_AGY"],"expenditure":[9175.78,-9177.22,-293.16],"fiscal_year":["2013","2012","2010"],"focus_area":"-","focus_area_descr":"-","gender_descr":"-","gender_id":"-","output_descr":"Appui pr\u00e9parat\u00b0 CNI Changements Climatiques","output_id":"14843","output_title":"Pr\u00e9parat\u00b0 Convention-Cadre NU"}],"project_descr":"Pr\u00e9paration de la communication nationale initiale pour la mise en oeuvre de la Convention-Cadre des Nations Unies sur les Changements Climatiques","project_id":"14843","project_title":"Pr\u00e9parat\u00b0 Convention-Cadre NU Changemt Climat","region_id":"RBA","region_name":"Reg Bureau for Africa","start":"2001-04-26","subnational":[]}