{"document_name":[],"end":"2011-12-31","fiscal_year":["2011","2010"],"inst_descr":"","inst_id":" ","inst_type_descr":"","inst_type_id":"","operating_unit":"Sao Tome and Principe","operating_unit_id":"STP","outputs":[{"award_id":"14841","budget":[20000.0,0],"crs":"15110","crs_descr":"Economic and development policy/planning","donor_budget":[20000.0],"donor_country":["MULTI-LATERAL AGENCY"],"donor_country_id":["MULTI_AGY"],"donor_expend":[5437.64],"donor_id":["12"],"donor_name":["UNITED NATIONS DEVELOPMENT PROGRAMME"],"donor_short":["UNDP"],"donor_type":["MULTI-LATERAL AGENCY"],"donor_type_id":["MULTI_AGY"],"expenditure":[5437.64,19093.54],"fiscal_year":["2011","2010"],"focus_area":"1","focus_area_descr":"Poverty reduction & MDG achievement","gender_descr":"Some Contribution","gender_id":"GEN1","output_descr":"Rapport National de D\u00e9veloppement Humain","output_id":"14841","output_title":"R.N. sur le D\u00e9veloppement Huma"}],"project_descr":"Pr\u00e9paration du Rapport National sur le D\u00e9veloppement Humain Durable","project_id":"14841","project_title":"R.N. sur le D\u00e9veloppement Humain Durable","region_id":"RBA","region_name":"Reg Bureau for Africa","start":"2000-05-01","subnational":[{"lat":"1","lon":"7","precision":"9","scope":"4","type":"1"},{"lat":"1","lon":"7","precision":"9","scope":"4","type":"1"}]}