{"document_name":[],"end":"2011-12-31","fiscal_year":["2011","2010","2012"],"inst_descr":"","inst_id":" ","inst_type_descr":"","inst_type_id":"","operating_unit":"Sao Tome and Principe","operating_unit_id":"STP","outputs":[{"award_id":"14846","budget":[0.0,50.0,0],"crs":"99810","crs_descr":"Sectors Not Specified","donor_budget":[50.0,0.0],"donor_country":["MULTI-LATERAL AGENCY","Sao Tome and Principe"],"donor_country_id":["MULTI_AGY","STP"],"donor_expend":[0.0,38.28],"donor_id":["12","225"],"donor_name":["UNITED NATIONS DEVELOPMENT PROGRAMME","GOVERNMENT OF SAO TOME AND PRINCIPE"],"donor_short":["UNDP","STP"],"donor_type":["MULTI-LATERAL AGENCY","PROGRAMME COUNTRY"],"donor_type_id":["MULTI_AGY","PROGCTY"],"expenditure":[0.0,38.28,94.76],"fiscal_year":["2012","2011","2010"],"focus_area":"-","focus_area_descr":"-","gender_descr":"No Contribution","gender_id":"GEN0","output_descr":"Appui institutionnel a la Cour des comptes","output_id":"14846","output_title":"COUR DE COMPTES"}],"project_descr":"APPUI INSTITUTIONNEL A LA COUR DE COMPTES PENDANT SA PHASE INITIALE DE FONCTIONNEMENT AVEC UN CO-FINANCEMENT DU GOUVERNEMENT  DE S\u00c3O TOME E PR\u00cdNCIPE","project_id":"14846","project_title":"COUR DE COMPTES","region_id":"RBA","region_name":"Reg Bureau for Africa","start":"2003-03-21","subnational":[{"lat":"1","lon":"7","precision":"9","scope":"4","type":"1"},{"lat":"1","lon":"7","precision":"9","scope":"4","type":"1"}]}