{"document_name":[],"end":"2010-12-31","fiscal_year":["2011","2010"],"inst_descr":"","inst_id":" ","inst_type_descr":"","inst_type_id":"","operating_unit":"Sao Tome and Principe","operating_unit_id":"STP","outputs":[{"award_id":"14851","budget":[0.0,0],"crs":"15110","crs_descr":"Economic and development policy/planning","donor_budget":[0.0],"donor_country":["MULTI-LATERAL AGENCY"],"donor_country_id":["MULTI_AGY"],"donor_expend":[-149.53],"donor_id":["12"],"donor_name":["UNITED NATIONS DEVELOPMENT PROGRAMME"],"donor_short":["UNDP"],"donor_type":["MULTI-LATERAL AGENCY"],"donor_type_id":["MULTI_AGY"],"expenditure":[-149.53,9830.65],"fiscal_year":["2011","2010"],"focus_area":"1","focus_area_descr":"Poverty reduction & MDG achievement","gender_descr":"Significant Objective","gender_id":"GEN2","output_descr":"Appui aux Communaut\u00e9s de Base","output_id":"14851","output_title":"Gouvernance Locale et R\u00e9ductio"}],"project_descr":"Appui aux Communaut\u00e9s de Base (District de Cau\u00e9) en mati\u00e8re de la Gouvernance Locale et de la R\u00e9duction de la Pauvret\u00e9","project_id":"14851","project_title":"Gouvernance Locale et R\u00e9duction Pauvret\u00e9","region_id":"RBA","region_name":"Reg Bureau for Africa","start":"2003-11-01","subnational":[{"lat":"2.23","lon":"6.3","precision":"3","scope":"3","type":"2"},{"lat":"2.23","lon":"6.3","precision":"3","scope":"3","type":"2"}]}