{"document_name":[],"end":"2006-12-31","fiscal_year":["2011","2012"],"inst_descr":"","inst_id":" ","inst_type_descr":"","inst_type_id":"","operating_unit":"Sudan, Republic of the","operating_unit_id":"SDN","outputs":[{"award_id":"14854","budget":[1.0,0.0],"crs":"99810","crs_descr":"Sectors Not Specified","donor_budget":[0.0,1.0],"donor_country":["MULTI-LATERAL AGENCY","MULTI-LATERAL AGENCY"],"donor_country_id":["MULTI_AGY","MULTI_AGY"],"donor_expend":[-0.009999999999763531,0.0],"donor_id":["12","10003"],"donor_name":["UNITED NATIONS DEVELOPMENT PROGRAMME","GEFTrustee"],"donor_short":["UNDP","GEFTrustee"],"donor_type":["MULTI-LATERAL AGENCY","MULTI-LATERAL AGENCY"],"donor_type_id":["MULTI_AGY","MULTI_AGY"],"expenditure":[-3265.45,3265.44],"fiscal_year":["2012","2011"],"focus_area":"-","focus_area_descr":"-","gender_descr":"Principal Objective","gender_id":"GEN3","output_descr":"BARRIER REMOVAL TO SECURE PV MARKET PENETRATION IN SEMI-URBAN SUDAN","output_id":"14854","output_title":"PHOTOVOLTAIC"}],"project_descr":"BARRIER REMOVAL TO SECURE PV MARKET PENETRATION IN SEMI-URBAN SUDAN (PIMS 219 CC MSP)","project_id":"14854","project_title":"Commecilization of Photvoltaic","region_id":"RBAS","region_name":"Reg Bur for Arab States","start":"1999-10-01","subnational":[{"lat":"16","lon":"30","precision":"9","scope":"4","type":"1"},{"lat":"16","lon":"30","precision":"9","scope":"4","type":"1"}]}