{"document_name":[],"end":"2011-12-31","fiscal_year":["2011"],"inst_descr":"","inst_id":" ","inst_type_descr":"","inst_type_id":"","operating_unit":"Sudan, Republic of the","operating_unit_id":"SDN","outputs":[{"award_id":"14853","budget":[13023.16],"crs":"99810","crs_descr":"Sectors Not Specified","donor_budget":[13022.16,1.0],"donor_country":["MULTI-LATERAL AGENCY","MULTI-LATERAL AGENCY"],"donor_country_id":["MULTI_AGY","MULTI_AGY"],"donor_expend":[13022.16,-13022.16],"donor_id":["12","10003"],"donor_name":["UNITED NATIONS DEVELOPMENT PROGRAMME","Global Environment Fund Trustee"],"donor_short":["UNDP","GEFTrustee"],"donor_type":["MULTI-LATERAL AGENCY","MULTI-LATERAL AGENCY"],"donor_type_id":["MULTI_AGY","MULTI_AGY"],"expenditure":[0.0],"fiscal_year":["2011"],"focus_area":"-","focus_area_descr":"-","gender_descr":"Significant Objective","gender_id":"GEN2","output_descr":"\"CONSERVATION & MANAGEMENT OF HABITATS AND SPECIES, AND SUSTAINABLE COMMUNITY USE OF BIODIVERSITY IN DINDER NATIONAL PARK\"","output_id":"14853","output_title":"DINDER NATIONAL PARK"}],"project_descr":"DINDER NATIONAL PARKCONSERVATION & MANAGEMENT OF HABITATS AND SPECIES, AND SUSTAINABLE COMMUNITY USE OF BIODIVERSITY IN DINDER NATIONAL PARK (PIMS 987 BD MSP)","project_id":"14853","project_title":"DINDER NATIONAL PARK","region_id":"RBAS","region_name":"Reg Bur for Arab States","start":"1999-03-01","subnational":[{"lat":"16","lon":"30","precision":"9","scope":"4","type":"1"},{"lat":"16","lon":"30","precision":"9","scope":"4","type":"1"}]}