{"document_name":[],"end":"2013-12-31","fiscal_year":["2011","2010","2012","2013"],"inst_descr":"","inst_id":" ","inst_type_descr":"","inst_type_id":"","operating_unit":"Sao Tome and Principe","operating_unit_id":"STP","outputs":[{"award_id":"14850","budget":[39439.73,10000.0,0.0,0],"crs":"15130","crs_descr":"Legal and judicial development","donor_budget":[49439.73,0.0,0.0],"donor_country":["United Kingdom","MULTI-LATERAL AGENCY","MULTI-LATERAL AGENCY"],"donor_country_id":["GBR","MULTI_AGY","MULTI_AGY"],"donor_expend":[13057.2,150.0,-150.0],"donor_id":["248","302","12"],"donor_name":["GOVERNMENT OF UNITED KINGDOM","UNFIP TURNER FOUNDATION","UNITED NATIONS DEVELOPMENT PROGRAMME"],"donor_short":["UKM","UNFIP","UNDP"],"donor_type":["NON_PROGRAMME COUNTRY","MULTI-LATERAL AGENCY","MULTI-LATERAL AGENCY"],"donor_type_id":["NON_PROGCTY","MULTI_AGY","MULTI_AGY"],"expenditure":[1921.41,10699.79,436.0,15400.84],"fiscal_year":["2013","2012","2011","2010"],"focus_area":"2","focus_area_descr":"Democratic governance","gender_descr":"Some Contribution","gender_id":"GEN1","output_descr":"PLATEFORME D'ECHANGES SUR LE FUTUR DU PETROLE","output_id":"14850","output_title":"FORUM NATIONAL DE PETROLE"}],"project_descr":"APPUI A LA CREATION D'UNE PLATEFORME D'ECHANGES SUR LE FUTUR DE STP EN TENANT EN COMPTE L'EVENEMENT DU PETROLE","project_id":"14850","project_title":"PLATEFORME D'ECHANGES SUR LE FUTUR DE STP","region_id":"RBA","region_name":"Reg Bureau for Africa","start":"2003-09-01","subnational":[{"lat":"1","lon":"7","precision":"9","scope":"4","type":"1"},{"lat":"1","lon":"7","precision":"9","scope":"4","type":"1"}]}