{"document_name":[],"end":"2013-03-31","fiscal_year":["2011","2010","2012","2013"],"inst_descr":"","inst_id":" ","inst_type_descr":"","inst_type_id":"","operating_unit":"Sudan, Republic of the","operating_unit_id":"SDN","outputs":[{"award_id":"14863","budget":[409333.0,309042.0,22322.0,0],"crs":"73010","crs_descr":"Reconstruction relief and rehabilitation","donor_budget":[740697.0],"donor_country":["MULTI-LATERAL AGENCY"],"donor_country_id":["MULTI_AGY"],"donor_expend":[-231814.15000000002],"donor_id":["12"],"donor_name":["UNITED NATIONS DEVELOPMENT PROGRAMME"],"donor_short":["UNDP"],"donor_type":["MULTI-LATERAL AGENCY"],"donor_type_id":["MULTI_AGY"],"expenditure":[63053.0,20212.93,-315080.08,854875.95],"fiscal_year":["2013","2012","2011","2010"],"focus_area":"3","focus_area_descr":"Crisis prevention & recovery","gender_descr":"Principal Objective","gender_id":"GEN3","output_descr":"The Abyei PIP will support the strengthening of the UNDP presence in Abyei ensuring its capacity to support both the development and implementation of early recovery interventions in Abyei.  It will also provide UNDP with the necessary base to develop a","output_id":"71363","output_title":"Recovery of Abyei Phase 2"},{"award_id":"14863","budget":[1.0,169202.8,0],"crs":"73010","crs_descr":"Reconstruction relief and rehabilitation","donor_budget":[169203.8],"donor_country":["Norway"],"donor_country_id":["NOR"],"donor_expend":[120259.87999999999],"donor_id":["187"],"donor_name":["GOVERNMENT OF NORWAY"],"donor_short":["NOR"],"donor_type":["NON_PROGRAMME COUNTRY"],"donor_type_id":["NON_PROGCTY"],"expenditure":[-8059.24,128319.12,131887.15],"fiscal_year":["2012","2011","2010"],"focus_area":"3","focus_area_descr":"Crisis prevention & recovery","gender_descr":"Significant Objective","gender_id":"GEN2","output_descr":"Support for the recovery of Abyei.","output_id":"64035","output_title":"Support for Recovery of Abyei"},{"award_id":"14863","budget":[0.0,0.0,0],"crs":"73010","crs_descr":"Reconstruction relief and rehabilitation","donor_budget":[0.0,0.0],"donor_country":["Netherlands","United States of America"],"donor_country_id":["NLD","USA"],"donor_expend":[-3611.03,0.0],"donor_id":["182","10480"],"donor_name":["GOVERNMENT OF NETHERLANDS","UNITED STATES AGENCY FOR INTERNATIONAL DEVELOPMENT (USAID)"],"donor_short":["NET","USAID"],"donor_type":["NON_PROGRAMME COUNTRY","NON_PROGRAMME COUNTRY"],"donor_type_id":["NON_PROGCTY","NON_PROGCTY"],"expenditure":[0.0,-3611.03,174257.15],"fiscal_year":["2012","2011","2010"],"focus_area":"3","focus_area_descr":"Crisis prevention & recovery","gender_descr":"Significant Objective","gender_id":"GEN2","output_descr":"Area Recovery & Rural Development","output_id":"39507","output_title":"Area Recovery & Rural Devpmt."}],"project_descr":"Support to Return, Resettlement and Integration of Internally Displaced Persons in Sudan","project_id":"14863","project_title":"Support to the Recovery in Abyei","region_id":"RBAS","region_name":"Reg Bur for Arab States","start":"2002-06-01","subnational":[{"lat":"16","lon":"30","precision":"9","scope":"4","type":"1"},{"lat":"16","lon":"30","precision":"9","scope":"4","type":"1"},{"lat":"16","lon":"30","precision":"9","scope":"4","type":"1"},{"lat":"16","lon":"30","precision":"9","scope":"4","type":"1"},{"lat":"16","lon":"30","precision":"9","scope":"4","type":"1"},{"lat":"16","lon":"30","precision":"9","scope":"4","type":"1"}]}