{"document_name":[],"end":"2006-12-31","fiscal_year":["2011"],"inst_descr":"","inst_id":" ","inst_type_descr":"","inst_type_id":"","operating_unit":"Sudan, Republic of the","operating_unit_id":"SDN","outputs":[{"award_id":"14861","budget":[0.0],"crs":"99810","crs_descr":"Sectors Not Specified","donor_budget":[0.0],"donor_country":["MULTI-LATERAL AGENCY"],"donor_country_id":["MULTI_AGY"],"donor_expend":[101.43],"donor_id":["12"],"donor_name":["UNITED NATIONS DEVELOPMENT PROGRAMME"],"donor_short":["UNDP"],"donor_type":["MULTI-LATERAL AGENCY"],"donor_type_id":["MULTI_AGY"],"expenditure":[101.43],"fiscal_year":["2011"],"focus_area":"-","focus_area_descr":"-","gender_descr":"-","gender_id":"-","output_descr":"Support to Local Governance in Khartoum State","output_id":"14861","output_title":"Support to Loc. Gov."}],"project_descr":"Support to Local Governance in Khartoum State","project_id":"14861","project_title":"Support to Loc. Gov.","region_id":"RBAS","region_name":"Reg Bur for Arab States","start":"2002-07-01","subnational":[{"lat":"16","lon":"30","precision":"9","scope":"4","type":"1"},{"lat":"16","lon":"30","precision":"9","scope":"4","type":"1"}]}