{"document_name":[],"end":"2013-12-31","fiscal_year":["2011","2010","2012","2013"],"inst_descr":"","inst_id":" ","inst_type_descr":"","inst_type_id":"","operating_unit":"Sudan, Republic of the","operating_unit_id":"SDN","outputs":[{"award_id":"14862","budget":[3228456.98,3420345.76,1012145.75],"crs":"15210","crs_descr":"Security system management and reform","donor_budget":[3176336.7299999995,4334611.76,150000.0],"donor_country":["Norway","MULTI-LATERAL AGENCY","MULTI-LATERAL AGENCY"],"donor_country_id":["NOR","MULTI_AGY","MULTI_AGY"],"donor_expend":[2028897.3499999999,1228306.08,45749.16],"donor_id":["187","10159","12"],"donor_name":["GOVERNMENT OF NORWAY","EUCOMM","UNITED NATIONS DEVELOPMENT PROGRAMME"],"donor_short":["NOR","EUCOMM","UNDP"],"donor_type":["NON_PROGRAMME COUNTRY","MULTI-LATERAL AGENCY","MULTI-LATERAL AGENCY"],"donor_type_id":["NON_PROGCTY","MULTI_AGY","MULTI_AGY"],"expenditure":[1035663.82,1618766.01,648522.76],"fiscal_year":["2013","2012","2011"],"focus_area":"3","focus_area_descr":"Crisis prevention & recovery","gender_descr":"Some Contribution","gender_id":"GEN1","output_descr":"Address immediate conflict risks and contribute to long-term conflict resolution and peace building in the Protocol Areas","output_id":"77111","output_title":"Conflict Reduction Programme"},{"award_id":"14862","budget":[190072.03,0],"crs":"99810","crs_descr":"Sectors Not Specified","donor_budget":[190072.03],"donor_country":["MULTI-LATERAL AGENCY"],"donor_country_id":["MULTI_AGY"],"donor_expend":[-9741.24],"donor_id":["11364"],"donor_name":["MDTFO\\JP_MDG-F_Conflict_&_PB"],"donor_short":["MDGF_Confl"],"donor_type":["MULTI-LATERAL AGENCY"],"donor_type_id":["MULTI_AGY"],"expenditure":[-9741.24,4116.97],"fiscal_year":["2011","2010"],"focus_area":"-","focus_area_descr":"-","gender_descr":"Significant Objective","gender_id":"GEN2","output_descr":"Output 2.3 Improved community confidence in local rule of law institutions  in Southern Sudan","output_id":"73100","output_title":"Conflict Prevention & PB-South"},{"award_id":"14862","budget":[72291.0,434332.0,409100.18,0],"crs":"99810","crs_descr":"Sectors Not Specified","donor_budget":[10000.0,905723.1799999999],"donor_country":["Spain","MULTI-LATERAL AGENCY"],"donor_country_id":["ESP","MULTI_AGY"],"donor_expend":[10000.0,703810.96],"donor_id":["220","11364"],"donor_name":["GOVERNMENT OF SPAIN","MDTFO\\JP_MDG-F_Conflict_&_PB"],"donor_short":["SPA","MDGF_Confl"],"donor_type":["NON_PROGRAMME COUNTRY","MULTI-LATERAL AGENCY"],"donor_type_id":["NON_PROGCTY","MULTI_AGY"],"expenditure":[8248.47,340962.64,364599.85,358433.2],"fiscal_year":["2013","2012","2011","2010"],"focus_area":"-","focus_area_descr":"-","gender_descr":"Significant Objective","gender_id":"GEN2","output_descr":"Strengthened systems and capacities for sustainable conflict prevention and management.\r\nIncreased conflict sensitive recovery, reconciliatory practices and reintegration at community level","output_id":"73097","output_title":"Conflict Prevention & PB-North"}],"project_descr":"Reduction of Natural Resource-Based Conflict among Pastoralists and Farmers","project_id":"14862","project_title":"Conflict Prevention and Peace Building","region_id":"RBAS","region_name":"Reg Bur for Arab States","start":"2004-09-01","subnational":[{"lat":"16","lon":"30","precision":"9","scope":"4","type":"1"},{"lat":"16","lon":"30","precision":"9","scope":"4","type":"1"},{"lat":"16","lon":"30","precision":"9","scope":"5","type":"1"},{"lat":"16","lon":"30","precision":"9","scope":"4","type":"1"},{"lat":"16","lon":"30","precision":"9","scope":"4","type":"1"},{"lat":"16","lon":"30","precision":"9","scope":"5","type":"1"}]}