{"document_name":[],"end":"2011-08-3","fiscal_year":["2011","2010"],"inst_descr":"UNESCO","inst_id":"2457","inst_type_descr":"UN Agency","inst_type_id":"ACY","operating_unit":"Peru","operating_unit_id":"PER","outputs":[{"award_id":"51","budget":[14290.23,0],"crs":"15110","crs_descr":"Economic and development policy/planning","donor_budget":[14290.23],"donor_country":["Peru"],"donor_country_id":["PER"],"donor_expend":[13289.4],"donor_id":["194"],"donor_name":["GOVERNMENT OF PERU"],"donor_short":["PER"],"donor_type":["PROGRAMME COUNTRY"],"donor_type_id":["PROGCTY"],"expenditure":[13289.4,43352.01],"fiscal_year":["2011","2010"],"focus_area":"1","focus_area_descr":"Poverty reduction & MDG achievement","gender_descr":"Some Contribution","gender_id":"GEN1","output_descr":"Se apoyaran las actividades del UNDAF relacionadas con el sector de la educaci\u00f3n y para ello se fortalecer\u00e1 la capacidad de incidencia y el trabajo conjunto de UNESCO con las autoridades educativas de Per\u00fa.","output_id":"62566","output_title":"Implementaci\u00f3n UNDAF Educacion"}],"project_descr":"Apoyo a la Implementaci\u00f3n del UNDAF en materia de educaci\u00f3n","project_id":"51","project_title":"Apoyo sector educacion en UNDAF.","region_id":"RBLAC","region_name":"Reg Bur Latin Amer & Carib","start":"2008-07-31","subnational":[]}