{"document_name":[],"end":"2012-09-3","fiscal_year":["2011","2010","2012"],"inst_descr":"National Execution","inst_id":"1933","inst_type_descr":"Gov Counterpart Institution","inst_type_id":"GOV","operating_unit":"Malaysia","operating_unit_id":"MYS","outputs":[{"award_id":"59670","budget":[297036.5,634264.0,0],"crs":"15210","crs_descr":"Security system management and reform","donor_budget":[931300.5],"donor_country":["Japan"],"donor_country_id":["JPN"],"donor_expend":[745355.16],"donor_id":["141"],"donor_name":["GOVERNMENT OF JAPAN"],"donor_short":["JPN"],"donor_type":["NON_PROGRAMME COUNTRY"],"donor_type_id":["NON_PROGCTY"],"expenditure":[278344.59,467010.57,154866.48],"fiscal_year":["2012","2011","2010"],"focus_area":"3","focus_area_descr":"Crisis prevention & recovery","gender_descr":"Significant Objective","gender_id":"GEN2","output_descr":"Capacity Building Support for Malaysia\u2019s role in Multidimensional Peacekeeping Training","output_id":"74732","output_title":"SS: Peace Keeping MPTC"}],"project_descr":"Capacity Building Support for Malaysia's Role in Multidimensional Peacekeeping Training","project_id":"59670","project_title":"SS Peacekeeping Training Project","region_id":"RBAP","region_name":"Reg Bureau for Asia & Pacific","start":"2010-04-01","subnational":[{"lat":"2.5","lon":"112.5","precision":"9","scope":"5","type":"2"}]}